company,owner,owner_title,email,owner_linkedin,company_linkedin,phone,website,location,fit_score,notes,source
Pinky Pinky,Nancy,"Owner/Founder (trades as ""Pinky"")",akapinkybynancyltd@gmail.com,,,+12035048737,http://pinkyofgreenwich.com,"Greenwich, CT",5,First-person founder story on /about ('Pinky of Greenwich was born after the marriage of my two greatest passions...'); email handle 'akapinkybynancyltd' indicates real name Nancy (brand alias 'Pinky'). Page also lists a personal cell number separate from the shop line.,yellowpages
Pe 101,Joan Teige,Founder & Owner,pe101aspen@gmail.com,,,+19709259317,http://www.pe101aspen.com,"Aspen, CO",5,"About: founded by Joan Teige in 1979, Aspen business owner 39 years",yellowpages
Sexsi Toys,Kelly Ashlen,Founder,kelly@sexsitoys.com,https://www.linkedin.com/in/kelly-ashlen,https://www.linkedin.com/company/sexsi-toys,+14245669451,https://sexsitoys.com/contact,"Los Angeles, CA",5,"Contact page: Founder Kelly Ashlen, kelly@ email, LinkedIn linked",yellowpages
Tribeca,Jordan Nelken,Owner,tribecaboutiquechicago@gmail.com,,,+13124929373,https://www.tribecaboutiquechicago.com,"Chicago, IL",5,"Homepage: Owner: Jordan Nelken, email listed",yellowpages
Essentique,Mondonna,Founder,info@essentique.com,,,+16508471469,http://essentique.com,"Palo Alto, CA",4,"Founder named 'Mondonna' on /about ('The founder, Mondonna, a biologist with years of lab experience...'); only first name given, no surname found.",yellowpages
Leaf & Petal,Judy Ohki,Owner,judy@lpetal.com,https://www.linkedin.com/in/judy-ohki-9518b516,,+16503298070,http://www.lpetal.com,"Palo Alto, CA",4,Owner LinkedIn + verified email via Crustdata,yellowpages
Diva Divine Boutique,Cathy Roth,Co-owner,,,,+14805852570,http://divadivineboutique.com,"Scottsdale, AZ",4,"Family owned by Greg and Cathy Roth with daughter Angela Hancock, per /about",yellowpages
Baci Fashion Boutique,Batia Rutenberg,Founder,,,,+12127751100,http://bacifashion.com,"New York, NY",4,Homepage: Batia Rutenberg built the brand,yellowpages
Komune,Martin Li,Co-Founder,martin@komune.space,https://www.linkedin.com/in/martinlmj,,+19173645787,https://komune.space,"New York, NY",4,"Co-founders via Crustdata; martin@ on site. Other co-founder: Cassie Mao, cassie@komune.space (verified), linkedin.com/in/cassie-mao-9bb888243",yellowpages
Oliver Smith Boutique,Oliver Smith,President & Owner,oliver@oliversmithjeweler.com,https://www.linkedin.com/in/oliver-smith-8967b98,https://www.linkedin.com/company/oliver-smith-jeweler,+19705441868,https://www.oliversmithjeweler.com,"Aspen, CO",4,Founder on /about; LinkedIn + verified business email via Crustdata,yellowpages
Olverita's Village,Martha Medina,Owner,,,,+12136877937,http://www.olveritas.com,"Los Angeles, CA",4,About the Owner: Martha Medina purchased Olveritas 35 years ago,yellowpages
Earth Wind & Fire Boutique,Danny,Owner,earthwindandfireseattle@gmail.com,,,+12064482529,https://www.earthwindandfireboutique.com,"Seattle, WA",4,About: Danny owns and manages the boutique (first name only),yellowpages
Lou Lou,Tara Wegdam,Co-owner,info@loulouboutiques.com,,,+18577534540,http://www.loulouboutiques.com,"Boston, MA",3,"About: family owned, Tara and Ben Wegdam oversee; multi-state stores",yellowpages
Blink Lash Boutique,Janelle Koch,Founder & Owner,janelle@blinklashboutique.com,https://www.linkedin.com/in/janelle-koch-056a30aa,,+16192795301,http://www.blinklashboutique.com,"San Diego, CA",3,Founder on /about; LinkedIn + verified email via Crustdata (now based in Spokane); lash salon,yellowpages
Spitfire Girl Mr Incognito,Kristin Scott,Founder,,,,+15126450405,https://www.spitfiregirl.com,"Austin, TX",3,Homepage: founded in LA 2001 by artist Kristin Scott; based in LA not Austin,yellowpages
Raaz Inc,Arzu Ekbal,Co-Owner & COO,arzu@raazinc.com,https://www.linkedin.com/in/arzuekbal,,+17737649501,https://www.shopraaz.com,"Chicago, IL",3,arzu@ email on site; co-owner per Crustdata. Other owner: Ghazala Khan linkedin.com/in/ghazala-khan-09805940,yellowpages
Junkman's Daughter,Pam,Founder,orders@thejunkmansdaughter.com,,,+14045773188,http://www.thejunkmansdaughter.com,"Atlanta, GA",3,Founded 1982 by the store's namesake Pam (first name only),yellowpages
Pink Lemon Salon and Boutique,Amy Jones,Owner,,,,+14045493238,https://www.pinklemonsalon.com,"Atlanta, GA",3,About: Owner/Colorist Amy Jones; salon with boutique,yellowpages
Abbey Glass Boutique Atlanta,Abigail Glass,Founder & CEO,aglass@abbey-glass.com,https://www.linkedin.com/in/abbey-glass,,+14044647854,https://abbey-glass.com/pages/visit-our-atlanta-georgia-location,"Atlanta, GA",3,Founder and Creative Director; LinkedIn + verified email via Crustdata,yellowpages
Moorea Seal,Moorea Seal,Founder + Creative Director,,https://www.linkedin.com/in/moorea-seal,,+12067282523,http://www.mooreaseal.com,"Seattle, WA",3,LinkedIn via Crustdata; no email on file,yellowpages
Monkee's of Naples,,,girls@monkeesofnaples.com,,,+12393312666,https://monkeesofnaples.com/contact-us,"Naples, FL",3,Page confirms 'All Monkee's locations are independently owned & operated' but does not name the specific local owner.,yellowpages
Sakura Sakura,,,sakurasakurasf@gmail.com,,,+14159229744,https://www.sakurasakurasf.com,"San Francisco, CA",3,"Email on contact page, no owner named",yellowpages
Siren Boutique,,,westportal@sfsiren.com,,,+14157570617,https://sfsiren.com,"San Francisco, CA",3,"Store email, no owner named",yellowpages
Azalea,,,orders@azaleasf.com,,,+14158619888,http://www.azaleasf.com,"San Francisco, CA",3,"Crustdata lists a possible owner Kirana Wibowo (kirana@azaleasf.com, unverified) but the profile is based in Indonesia - unconfirmed, left blank",yellowpages
Chica Chic Inc,,,,,,+17865584889,http://shopchica.co,"Miami, FL",3,"Founded by a mother-daughter duo, names not given",yellowpages
Emporium And Flying Circus,,,contact@aspenemporium.com,,,+19705442499,http://www.emporiumandflyingcircus.com,"Aspen, CO",3,"Contact email, no owner named",yellowpages
Traffic,,,shoptraffic@aol.com,,,+19709279645,http://shoptrafficbasalt.com,"Aspen, CO",3,"Store email, no owner named",yellowpages
Village Bridal,,,,,,+16315872800,https://www.villagebridalbabylon.com,"Southampton, NY",3,Owned by Omnibus; owner named only by first name in a review,yellowpages
Ooga Booga,,,info@oogaboogastore.com,,,+12136171105,http://oogaboogastore.com,"Los Angeles, CA",3,Obfuscated info email on homepage,yellowpages
Lake,,,welcome@lakeboutique.com,,,+13236646522,https://www.lakeboutique.com,"Los Angeles, CA",3,"Store email, no owner named",yellowpages
Eighth Story,,,contact@8thstory.com,,,+12132657801,https://8thstory.com/pages/copy-of-contact,"Los Angeles, CA",3,"Store emails, no owner named",yellowpages
Mine Boutique,,,,,,+12145224700,http://minedallas.com,"Dallas, TX",3,"Locally owned, owner not named",yellowpages
Iris T,,,iristaccessories@gmail.com,,,+12146340988,http://iristaccessories.com,"Dallas, TX",3,Store email,yellowpages
Collective,,,info@thecollectivedallas.com,,,+12142137331,https://thecollectivedallas.com,"Dallas, TX",3,Generic email,yellowpages
Muse,,,shop@musehouston.com,,,+17135206873,http://www.musehouston.com,"Houston, TX",3,Store email,yellowpages
Blue Elephant Boutique,,,blue.elephant.boutique@gmail.com,,,+15123713259,https://www.shopblueelephant.com/pages/contact-us,"Austin, TX",3,Store email,yellowpages
Magpie Blossom Boutique,,,,,,+15124946198,https://www.magpieblossoms.com,"Austin, TX",3,"Family owned florist and gifts, no names",yellowpages
Feathers,,,info@feathersboutiquevintage.com,,,+15129129779,https://feathersboutiquevintage.com/pages/contact-us,"Austin, TX",3,Generic email,yellowpages
Kiwi's Boutique,,,info@kiwisboutiqueinc.com,,,+13124213322,http://www.kiwisboutiqueinc.com,"Chicago, IL",3,Generic email,yellowpages
Squasht Boutique,,,,,,+18723150665,https://squashtboutique.com,"Chicago, IL",3,"Independent boutique, no owner or email",yellowpages
Tags Boutique,,,hello@lexinfifth.com,,,+14048833836,http://tagsatl.com,"Atlanta, GA",3,Owner known only as Peaches from reviews; email points to Lexi on Fifth,yellowpages
Range Clothing Boutique,,,info@rangeboutique.com,,,+14048168230,https://rangeboutique.com/pages/contact,"Atlanta, GA",3,Generic email,yellowpages
Likelihood,,,naravie@likelihood.us,,,+12062570577,https://www.likelihood.us,"Seattle, WA",3,"Business inquiries go to naravie@, press to madeline@; roles not stated",yellowpages
Mishu,,,info@mishuboutique.com,,,+12068120415,http://www.mishuboutique.com,"Seattle, WA",3,Generic email,yellowpages
Prairie Underground,,,info@prairieunderground.com,,,+12063283514,https://www.prairieunderground.com/terms,"Seattle, WA",3,Generic email,yellowpages
Cathy Mogull Designs,Cathy Mogull,Owner,,,,+13105022181,http://cathymogulldesigns.localsearch.com,"Beverly Hills, CA",2,UNCONFIRMED - inferred solely from the eponymous business name 'Cathy Mogull Designs'; fetched page is a bare address/phone template with no explicit bio. Verify before contacting.,yellowpages
Goolrukh Vakil,Goolrukh Vakil,Owner,,,,+16505210227,http://goolrukhvakil.localsearch.com,"Palo Alto, CA",2,UNCONFIRMED - inferred solely from the eponymous business name; fetched page is a bare address/phone template with no explicit bio. Verify before contacting.,yellowpages
Pamela Ferrari Boutique,Pamela Ferrari,Owner,,,,+12038611925,http://pamelaferrariboutique.localsearch.com,"Greenwich, CT",2,UNCONFIRMED - inferred solely from the eponymous business name 'Pamela Ferrari Boutique'; fetched page is a bare address/phone template with no explicit bio. Verify before contacting.,yellowpages
Abigail Starr,Abigail Starr,Owner,,,,+12396494999,http://abigailstarr.localsearch.com,"Naples, FL",2,UNCONFIRMED - inferred solely from the eponymous business name; fetched page is a bare address/phone template with no explicit bio. Verify before contacting.,yellowpages
Forever Boutique,Cassandra,Owner & Founder,cassandra@foreverhartfit.com,,,+17865074580,http://foreverhartfit.com,"Miami, FL",2,"Site is Forever Hart Fit (fitness studio), not a boutique; founder first name only",yellowpages
San Diego Jewelry Buyers,Kevin Keller,Owner,,,,+16195504563,https://sandiegojewelrybuyers.com,"San Diego, CA",2,"About: family owned, Kevin Keller runs it; jewelry buyer/pawn, not a boutique",yellowpages
Crystalarium,,,crystals@crystalarium.com,,,+13106528006,https://www.crystalarium.com,"Beverly Hills, CA",2,Product catalog page only (no About/Contact fetched); real specialty gallery in LA. No owner named.,yellowpages
La Scala Boutique,,,,,,+13105508288,http://lascalaboutique.localsearch.com,"Beverly Hills, CA",2,"YP/localsearch template page; address+phone only, no owner named.",yellowpages
Davantage Boutique,,,,,,+13102787061,http://davantageboutique.localsearch.com,"Beverly Hills, CA",2,"YP/localsearch template page; address+phone only, no owner named.",yellowpages
Act II Boutique,,,,,,+12038696359,http://actiiboutiquect.localsearch.com,"Greenwich, CT",2,"YP/localsearch template page; address+phone only, no owner named.",yellowpages
Mangano Boutique,,,,,,+12036254564,http://manganoboutique.localsearch.com,"Greenwich, CT",2,YP/localsearch template; address+phone only. Business name is a single surname ('Mangano') - insufficient to confidently name an owner.,yellowpages
Renaissance Technology Corp,,,,,,+12034226820,http://renaissancetechnologycorpct.localsearch.com,"Greenwich, CT",2,"YP/localsearch template; address+phone only, no owner named. Registered under a generic corporate name.",yellowpages
Julia Boutique,,,,,,+12034222216,http://juliaboutique.localsearch.com,"Greenwich, CT",2,YP/localsearch template; address+phone only. Business name uses a first name ('Julia') but no explicit bio confirms this refers to the owner.,yellowpages
Courageb,,,,,,+12034225660,http://couragebct.localsearch.com,"Greenwich, CT",2,"YP/localsearch template; address+phone only, no owner named.",yellowpages
Richards,,,,,,+12036220551,http://www.mitchellstores.com,"Greenwich, CT",2,"Multi-store, multi-generation family-owned luxury retail group (Mitchells/Richards/Wilkes/Marios/Korshak); page references 'The Mitchell Family' but names no specific individual.",yellowpages
Mainstream Boutique Naples,,,,,,+12394316034,https://mainstreamboutiquenaples.com,"Naples, FL",2,"Franchise location of the national 'Mainstream Boutique' brand. Fetched content describes 'Mac and Me,' a product line's designers carried in-store - not the owners of this location. A customer review names staff member 'Brooke' (not indicated as owner) - excluded per guidance against non-decision-maker staff.",yellowpages
K Boutique,,,,,,+12396434438,http://kboutique.localsearch.com,"Naples, FL",2,"YP/localsearch template; address+phone only, no owner named.",yellowpages
First Class Boutique,,,,,,+12393318910,http://firstclassboutique.localsearch.com,"Naples, FL",2,"YP/localsearch template; address+phone only, no owner named.",yellowpages
Elesa's Boutique,,,,,,+12392285368,http://elesasboutique.localsearch.com,"Naples, FL",2,YP/localsearch template; address+phone only. Possessive name ('Elesa's') hints at an owner but gives no surname or confirming bio.,yellowpages
Roka Boutique,,,,,,+14809463559,http://shoproka.com,"Scottsdale, AZ",2,"Thin site, Instagram only",yellowpages
Objects,,,,,,+14808785343,https://www.objectsaz.com/contact,"Scottsdale, AZ",2,"Contact page only, Instagram",yellowpages
Shu Sha Boutique,,,,,,+15613678689,http://myshusha.com,"Boca Raton, FL",2,"Family owned, no names",yellowpages
The Lola Boutique,,,,,,+15617568466,http://thelolaboutique.com,"Boca Raton, FL",2,No owner or contact on site,yellowpages
The Boutique,,,info@shoptheboutique.com,,,+13055959235,https://www.shoptheboutique.com/pages/accessibility,"Miami, FL",2,Generic email from policy page,yellowpages
Cattiva Boutique,,,,,,+13057741733,https://www.cattivaboutique.com/products/carmo-high-waist-denim-shorts,"Miami, FL",2,Product page only,yellowpages
Crush Boutique,,,,,,+16174240010,http://www.shopcrushboutique.com,"Boston, MA",2,Shop page only,yellowpages
Whitney & Winston,,,,,,+16177202600,http://whitneyandwinston.com,"Boston, MA",2,Shop page only,yellowpages
for Now,,,,,,+18572334639,http://itsfornow.com,"Boston, MA",2,No content,yellowpages
Trend,,,customerservice@trendboston.com,,,+18572335688,https://trendboston.com/pages/contact,"Boston, MA",2,Customer service email only,yellowpages
Catto Center at Toklat,,,info@toklatgallery.com,,,+19709259157,http://www.toklatgallery.com/legacy-project,"Aspen, CO",2,"Gallery, family history page, current owner unclear",yellowpages
Wyld Blue,,,,,,+19707107486,https://wyldblue.com,"Aspen, CO",2,Shop page only,yellowpages
Souchi,,,,,,+19709252580,http://www.souchi.com,"Aspen, CO",2,No content,yellowpages
The Little Bird,,,,,,+19709203830,http://thelittlebirdinc.com,"Aspen, CO",2,"Consignment, no owner named",yellowpages
Impulse Boutique,,,,,,+16316764773,http://impulseboutiques.com,"Southampton, NY",2,No owner named,yellowpages
Hildreth's HomeGoods,,,,,,+16312832300,https://www.hildreths.com,"Southampton, NY",2,No content,yellowpages
Tasty Pet Treats-Bone Appetit Bakery,,,pettreats@msn.com,,,+16315993311,http://www.tastypettreats.com,"Southampton, NY",2,"Pet bakery, store email",yellowpages
Mint,,,media@shopmint.com,,,+16312880743,https://www.shopmint.com/pages/return-policy,"Southampton, NY",2,Media email only,yellowpages
R Unique Boutique,,,,,,+13234550476,http://runiqueboutique.com,"Los Angeles, CA",2,No content,yellowpages
CaliGirl Boutique,,,info@caligirlboutique.com,,,+12135907971,http://www.caligirlboutique.com,"Los Angeles, CA",2,Generic email,yellowpages
Miss Curvas,,,,,,+12135365920,http://misscurvas.com,"Los Angeles, CA",2,"Shapewear store, staff first name only in a review",yellowpages
Eclectique Boutique,,,,,,+16198083018,https://eclectiqueboutique.com,"San Diego, CA",2,No owner or email,yellowpages
Hollywoodsensual,,,info@hollywoodsensual.com,,,+16198195182,http://www.hollywoodsensual.com,"San Diego, CA",2,"Lingerie store, generic emails only",yellowpages
Wild Dove Boutique,,,,,,+16195015849,https://shopwilddove.com,"San Diego, CA",2,No content,yellowpages
Diva Lash Boutique,,,,,,+16192881799,http://www.divalashboutique.com,"San Diego, CA",2,"Lash salon, no owner or email",yellowpages
Pinup Style & Boutique,,,,,,+16195646206,https://www.pinupstyleandboutique.com,"San Diego, CA",2,No content,yellowpages
Trendy & Tipsy,,,,,,+16192410027,https://trendyandtipsy.com,"San Diego, CA",2,No owner or email,yellowpages
My Secret Closet Inc,,,,,,+19722671144,http://www.mysecretclosetinc.com,"Dallas, TX",2,"Consignment, no owner or email",yellowpages
Sofie Grey Boutique,,,,,,+12142347511,https://sofiegrey.com,"Dallas, TX",2,No content,yellowpages
Passion of Essense,,,,,,+14693210954,https://passionofessence.com/pages/contact-us,"Dallas, TX",2,No owner or email,yellowpages
Adeline,,,,,,+14698686200,https://www.adelinestores.com/pages/contact-us-1,"Dallas, TX",2,No owner or email,yellowpages
Epiphany Boutique,,,support@epiphanyboutique.com,,,+12149464411,http://www.epiphanyboutique.com,"Dallas, TX",2,Support email,yellowpages
Melodrama Boutique,,,,,,+17135231608,http://www.melodramaboutiqueonline.com,"Houston, TX",2,No content,yellowpages
Rose Boutique,,,bollywoodbydolly@gmail.com,,,+17137836559,http://bollywoodbydolly.com,"Houston, TX",2,"Website is Bollywood by Dolly, name mismatch",yellowpages
Muzzie's,,,,,,+12812515000,https://www.muzzies.com,"Houston, TX",2,"Formalwear store, no owner or email",yellowpages
Eye Candy,,,,,,+17132225274,http://eyecandyinc.com,"Houston, TX",2,No content,yellowpages
Dyi,,,,,,+12815013051,http://shopdyi.com,"Houston, TX",2,No owner or email,yellowpages
Hannon Designs,,,,,,+17134637725,http://hannondesigns.com,"Houston, TX",2,No owner or email,yellowpages
Limbo Jewelry,,,,,,+15129946878,http://www.limbojewelry.com,"Austin, TX",2,No owner or email,yellowpages
Pause & Imagine,,,,,,+15125204125,http://www.pauseandimagine.com,"Austin, TX",2,No content,yellowpages
Adelante Boutique,,,,,,+15124525322,https://www.adelanteaustin.com/service/privacy-policy,"Austin, TX",2,Policy page only,yellowpages
Spring Frost,,,,,,+15124679100,http://www.springfrost.com,"Austin, TX",2,No content,yellowpages
Arts & Passions,,,,,,+15123400330,https://www.artsandpassions.com,"Austin, TX",2,"Artist-run scarf brand, maker not named on these pages",yellowpages
Private Stock Premium Boutique,,,,,,+15128048763,https://www.privatestockonline.com/service/general-terms-conditions,"Austin, TX",2,Terms page only,yellowpages
Alcala's Boutique,,,,,,+13122260225,http://alcalasboots.com,"Chicago, IL",2,No content,yellowpages
One Strange Bird,,,,,,+17732764420,http://www.onestrangebird.com,"Chicago, IL",2,No owner or email,yellowpages
Fashion Geek,,,,,,+13122650216,http://fashiongeeklife.com,"Chicago, IL",2,Instagram only,yellowpages
Artfully Gifted,,,,,,+13127335009,http://www.artfullygifted.org,"Chicago, IL",2,No content,yellowpages
Vision Boutique,,,,,,+12247300650,https://vision-boutique.com,"Chicago, IL",2,No content,yellowpages
Fig Tree,,,,,,+13122266303,http://www.figtreechicago.com,"Chicago, IL",2,No content,yellowpages
Seven Seventy Four Boutique,,,,,,+14045190042,http://www.seven74accessoriesonline.com,"Atlanta, GA",2,Instagram only,yellowpages
Nina's Couture,,,,,,+14043500054,http://www.ninascouture.com,"Atlanta, GA",2,Alterations shop; staff first name in a review,yellowpages
Pink Sky Boutique,,,,,,+14045497047,http://www.pinkskyboutique.com,"Atlanta, GA",2,No owner or email,yellowpages
Wish,,,press@wishatl.com,,,+14048800748,http://wishatl.com/store,"Atlanta, GA",2,Press email only,yellowpages
Frolic Boutique,,,,,,+14048468002,https://frolicboutiqueatlanta.com,"Atlanta, GA",2,No owner or email,yellowpages
Tulipano,,,,,,+14048163550,https://www.shoptulipano.com,"Atlanta, GA",2,"Instagram only, multiple locations",yellowpages
Labels Resale Boutique,,,,,,+14044503143,http://labelsrb.com,"Atlanta, GA",2,"Resale shop, no owner or email",yellowpages
Pirkko Inc,,,,,,+12062231112,http://www.pirkko.com,"Seattle, WA",2,No owner or email,yellowpages
Barf Boutique,,,sales@barfboutique.com,,,+12062805532,https://www.barfboutique.com,"Seattle, WA",2,"Online novelty store; artist Kelli Lee credited for designs, not stated as owner",yellowpages
Possible Inc,Roy Chung,Co-Founder,,,https://www.linkedin.com/company/possibleproductions,+13232252333,https://www.psbl.co,"Los Angeles, CA",1,"Production studio, not retail; /team lists five co-founders",yellowpages
Vertigo Paris Store,,,,,,+13102469221,http://vertigousa.com,"Beverly Hills, CA",1,"Fetched content is for 'Vertigo USA' fashion e-commerce brand, not a single local boutique bio; no owner info found.",yellowpages
St. John Knits Boutique,,,,,,+13108581116,http://stjohnknitsboutique1820251.localsearch.com,"Beverly Hills, CA",1,"YP/localsearch template for a branded St. John Knits store; address+phone only, no owner named.",yellowpages
Op Beverly Hills,,,,,,+13105506733,http://jasonofbh.com,"Beverly Hills, CA",1,Jason of Beverly Hills fine jewelry brand's official site; no owner named on fetched page.,yellowpages
Hudson Grace,,,paloalto@hudsongracesf.com,,,+16503287400,https://hudsongracesf.com/pages/hudson-grace-palo-alto-store,"Palo Alto, CA",1,"Hudson Grace - multi-location home decor retail chain; no owner named, generic store email only.",yellowpages
LoveShackFancy,,,greenwich@loveshackfancy.com,,,+12036297915,https://www.loveshackfancy.com/pages/greenwich-store-page,"Greenwich, CT",1,LoveShackFancy - nationally established fashion brand with many retail locations; not a reachable small-business owner via this store page.,yellowpages
Hudson Grace,,,greenwich@hudsongracesf.com,,,+12038009776,https://hudsongracesf.com/pages/greenwich-ave,"Greenwich, CT",1,"Hudson Grace - same multi-location home decor chain as the Palo Alto listing; no owner named, generic store email only.",yellowpages
All Things Pretty,,,,,,+12397754555,http://allthingspretty498909604.localsearch.com,"Naples, FL",1,"YP/localsearch template; address+phone only, no owner named, generic business name.",yellowpages
Cocoblue Boutique,,,,,,+15613677177,https://sites.google.com/site/cocoblueboutique,"Boca Raton, FL",1,Empty Google Sites page,yellowpages
The Shop,,,,,,+14156421491,http://www.youravon.com/nambriz,"San Francisco, CA",1,"Avon rep page, not a boutique site",yellowpages
Mystique Boutique,,,,,,+12122740645,http://mystiqueboutiquenyc.com,"New York, NY",1,Unclaimed template site,yellowpages
Cuban Boutique Com,,,,,,+13055527360,http://cubanboutique.com,"Miami, FL",1,No content,yellowpages
Ensemble,,,,,,+16174558711,https://ensembleboston.wordpress.com,"Boston, MA",1,Empty WordPress site,yellowpages
Aspen Carpet and Floors,,,allen@aspencarpetandfloors.com,,,+19709305855,https://www.aspencarpetandfloors.com,"Aspen, CO",1,"Flooring company, not retail fit; named email allen@",yellowpages
Misstyx,,,,,,+19705443842,http://www.misstyx.com,"Aspen, CO",1,Template site with placeholder email,yellowpages
Trina Turk Boutique,,,palmsprings@trinaturk.com,,https://www.linkedin.com/company/trina-turk,+13236511382,http://www.trinaturk.com/boutique/los-angeles,"Los Angeles, CA",1,Designer brand with multiple stores,yellowpages
Salon,,,info@thisordiesalon.com,,,+13236615777,http://www.thisordiesalon.com,"Los Angeles, CA",1,"Hair salon, not retail; woman owned, no name",yellowpages
The One Health Boutique,,,,,,+18588886452,https://www.theonehealthboutique.com/about,"San Diego, CA",1,"Health clinic, Instagram only",yellowpages
Eleanor's Place Boutique,,,,,,+16195467137,https://www.eleanorsplace.org/contact-us,"San Diego, CA",1,"Nonprofit site, no content",yellowpages
Womens Health Boutique,,,,,,+12143731045,http://www.mywhb.com,"Dallas, TX",1,"Medical supply boutique chain, no owner named",yellowpages
Forty-Five Ten,,,help@fortyfiveten.com,,,+12145594510,https://fortyfiveten.com,"Dallas, TX",1,Large luxury retailer,yellowpages
Impeccable Pig,,,pig@theimpeccablepig.com,,,+12143460536,https://www.theimpeccablepig.com/pages/contact-us,"Dallas, TX",1,"Multi-location franchise brand; named staff emails, roles not stated",yellowpages
Pet City Houston Inc,,,,,,+12815872336,http://www.petcityhouston.com,"Houston, TX",1,"Pet store, family owned, no names",yellowpages
Scout & Molly's West U,,,customer@scoutandmollys.com,,https://www.linkedin.com/company/scout-and-molly%27s,+18328310092,http://westu.scoutandmollys.com,"Houston, TX",1,Franchise location; corporate email,yellowpages
Meri Jaan Boutique,,,,,,+15122762434,https://merijaan27.com/contact-us,"Austin, TX",1,"Template site, placeholder email",yellowpages
Shape Method,,,info@shapemethodpilates.com,,,+15123829150,http://www.shapemethodpilates.com,"Austin, TX",1,"Pilates studio, not retail",yellowpages
Raven & Lily,,,info@ravenandlily.com,,,+15128354777,http://ravenandlily.com,"Austin, TX",1,Ethical brand with stores; generic emails,yellowpages
Peaches Boutique,,,,,,+17735820102,https://www.peachesboutique.com,"Chicago, IL",1,Large online formalwear retailer,yellowpages
Boutique Bites,,,info@boutiquebites.com,,,+13128461602,http://boutiquebites.com,"Chicago, IL",1,"Catering company, not retail; founder not named in extract",yellowpages
Bisio Inc,,,,,,+12062231461,http://www.marios.com,"Seattle, WA",1,Large multi-city luxury retailer,yellowpages
Paciotti Cesare Boutique,,,,,,+13102733220,http://cesare-paciotti.com,"Beverly Hills, CA",,,yellowpages
Tonic Wellness Boutique,,,,,,+14243338396,https://www.tonicboutique.com/contact,"Beverly Hills, CA",,,yellowpages
Maje,,,,,,+13102712428,https://us.maje.com/en/in-store-returns/In-Store+Returns.html,"Beverly Hills, CA",0,Maje - international fashion brand's corporate e-commerce site; not an owner-led local business.,yellowpages
Charlotte Olympia,,,,,,+13102761111,http://www.charlotteolympia.com,"Beverly Hills, CA",0,Charlotte Olympia - luxury shoe brand's global corporate site; not owner-led.,yellowpages
Jl And Company Limited,,,,,,+13102818038,http://yellowpages.com/beverly-hills-ca/mip/paciotti-cesare-boutique-19185432,"Beverly Hills, CA",0,"Website field resolved to an unrelated YellowPages internal listing page, not a real business site; no usable content.",yellowpages
Gianfranco Ferre,,,,,,+13102733211,http://yellowpages.com/beverly-hills-ca/mip/wholesale-90210-474113770,"Beverly Hills, CA",0,"Website field resolved to an unrelated YellowPages internal listing page, not a real business site; no usable content.",yellowpages
Richard Mille Boutique,,,,,,+13102859888,http://www.richardmille.com,"Beverly Hills, CA",0,Richard Mille - global luxury watch brand's corporate site; not an owner-led local business.,yellowpages
Rimowa Distribution Inc,,,,,,+13102754860,https://www.rimowa.com/us/en/home,"Beverly Hills, CA",,,yellowpages
Premier Boutique,,,,,,+16503266544,http://www.premierboutique.com,"Palo Alto, CA",,,yellowpages
Touleh Pet Boutique,,,,,,+16508471720,http://yellowpages.com/east-palo-alto-ca/mip/touleh-pet-boutique-506485193,"Palo Alto, CA",0,"Website field resolved to YellowPages' own internal listing page (wrong city even), not real business content.",yellowpages
Aritzia,,,,,,+16506836073,https://www.aritzia.com/us/en/store,"Palo Alto, CA",,,yellowpages
Brunello Cucinelli,,,,,,+16506136100,https://shop.brunellocucinelli.com/en-us,"Palo Alto, CA",,,yellowpages
Crate & Barrel,,,,,,+16503217800,https://www.crateandbarrel.com/stores/stanford-shopping-center/str403,"Palo Alto, CA",,,yellowpages
Stanford Shopping Center,,,,,,+16506178202,http://stanfordshoppingcenter16344785.localsearch.com,"Palo Alto, CA",0,"Stanford Shopping Center - a large shopping mall, not a single retail business; poor fit as a sales lead.",yellowpages
Lush Cosmetics Stanford Shopping Center - CLOSED,,,,,,+16503212479,https://www.lush.com/us/en_us/?y_source=1_ODM2OTIwMC01NTMtbG9jYXRpb24ud2Vic2l0ZQ%3D%3D,"Palo Alto, CA",,,yellowpages
Sephora,,,,,,+16503275180,https://www.sephora.com/happening/home,"Palo Alto, CA",,,yellowpages
United Nations Association Gift Shop,,,una.midpeninsula@gmail.com,,,+16503263170,https://www.unamidpen.org,"Palo Alto, CA",0,"Nonprofit UN Association chapter's gift shop, not a commercial business; poor fit as a sales lead.",yellowpages
Saeed Zaraha,,,,,,+12034859610,http://yellowpages.com/greenwich-ct/mip/saeed-zaraha-456071471,"Greenwich, CT",0,"Website field resolved to YellowPages' own internal listing page, not real business content.",yellowpages
Zara,,,,,,+12038617411,https://www.zara.com/us,"Greenwich, CT",,,yellowpages
Aritzia,,,,,,+12036612621,http://www.aritzia.com/us/en/home,"Greenwich, CT",,,yellowpages
L F Stores,,,,,,+12036296193,http://lfstores.com,"Greenwich, CT",0,"Domain has been repurposed/hijacked - now serves unrelated gambling/lottery content, not the original business's site.",yellowpages
Sephora,,,,,,+12034222191,https://www.sephora.com/happening/home,"Greenwich, CT",,,yellowpages
Aegean Treasures,,,,,,+12394342444,http://venetianvillage.com,"Naples, FL",,,yellowpages
D'gala Boutique,,,,,,+12396928234,http://www.dgalaboutique.com,"Naples, FL",,,yellowpages
J.McLaughlin,,,customerservice@jmclaughlin.com,,,+12397767772,https://www.jmclaughlin.com,"Naples, FL",0,J.McLaughlin - national apparel retail brand/chain; not a single owner-led local business.,yellowpages
The Shoppes at Naples Bay Resort,,,,,,+12395301199,http://theshoppesatnaplesbayresort.localsearch.com,"Naples, FL",0,"A resort's retail shopping arcade (multiple tenant shops), not a single business; poor fit as a sales lead.",yellowpages
Beth's Boutique,,,,,,+12396430663,http://bethsb.com,"Naples, FL",,,yellowpages
Purple Poppy,,,,,,+12395293071,http://yellowpages.com/naples-fl/mip/del-sol-14432371,"Naples, FL",0,"Website field resolved to an unrelated YellowPages internal listing page ('del-sol'), not real business content.",yellowpages
Unique Boutique,,,,,,+12396438900,https://www.uniqueboutiquejewelry.com/contact-us,"Naples, FL",,,yellowpages
Paradise Furnishings,,,,,,+12392633761,http://www.paradisefurnishings.com,"Naples, FL",,,yellowpages
Heidi Boutique,,,,,,+14806637777,http://heidiboutiqueaz.localsearch.com,"Scottsdale, AZ",,,yellowpages
I Boutique,,,,,,+14806565616,http://www.iboutique.net/about.html,"Scottsdale, AZ",,,yellowpages
Mina's Obsession,,,,,,+14802143398,http://minasobsession.localsearch.com,"Scottsdale, AZ",,,yellowpages
High Society Resale Boutique,,,,,,+14809512506,http://www.highsocietyresale.com,"Scottsdale, AZ",,,yellowpages
Polish n Style,,,,,,+14803063004,http://polishnstyle.localsearch.com,"Scottsdale, AZ",,,yellowpages
Roam AZ,,,,,,+14809463903,http://roamaz.localsearch.com,"Scottsdale, AZ",,,yellowpages
Kettey's Boutique Inc,,,,,,+14805470828,https://ketteys.com,"Scottsdale, AZ",,,yellowpages
About Face Boutique,,,,,,+16022920687,https://about-face-boutique.chrone.work,"Scottsdale, AZ",,,yellowpages
Apricot Lane Boutique,,,,,,+14809919865,http://apricotlaneboutiqueaz.localsearch.com,"Scottsdale, AZ",,,yellowpages
Dolce Boutique,,,,,,+14809919396,https://www.dolceboutiqueaz.com/contact,"Scottsdale, AZ",,,yellowpages
Bronze Boutique,,,,,,+14809470717,http://bronzeboutiqueaz.localsearch.com,"Scottsdale, AZ",,,yellowpages
Estilo Boutique,,,,,,+14806640365,http://shoptwistboutique.com,"Scottsdale, AZ",,,yellowpages
Fair Trade Boutique,,,,,,+15618268226,http://fairtradeboutique.localsearch.com,"Boca Raton, FL",,,yellowpages
Jilly Beans Closet,,,,,,+15617568497,http://jillybeanscloset478430272.localsearch.com,"Boca Raton, FL",,,yellowpages
A La Mode,,,,,,+15613620350,http://alamodefl.localsearch.com,"Boca Raton, FL",,,yellowpages
Giorgio Armani,,,,,,+15614175151,https://locations.armani.com/giorgio-armani/united-states/giorgio-armani-donna-boca-raton-neiman-marcus,"Boca Raton, FL",,,yellowpages
Jobella Girls Boutique,,,,,,+15616175334,http://jobellagirlsboutique.localsearch.com,"Boca Raton, FL",,,yellowpages
Antoinette Boutique,,,,,,+15613682352,http://yellowpages.com/boca-raton-fl/mip/vicki-soble-7180735,"Boca Raton, FL",0,"Website is a YellowPages listing page, not the business site",yellowpages
Vitamin Y Boutique,,,,,,+15614093723,http://vitaminyboutique.localsearch.com,"Boca Raton, FL",,,yellowpages
Jasmin Boutique,,,,,,+15612358270,http://jasminboutique.localsearch.com,"Boca Raton, FL",,,yellowpages
Fancydressme Inc,,,,,,+15614652325,http://fancydressmeinc.localsearch.com,"Boca Raton, FL",,,yellowpages
Dantone Boutique,,,,,,+14157767008,http://dantoneboutique.localsearch.com,"San Francisco, CA",,,yellowpages
Fox Proper,,,,,,+14157570651,http://yellowpages.com/san-francisco-ca/mip/fox-proper-502784224,"San Francisco, CA",0,"Website is a YellowPages listing page, not the business site",yellowpages
Diptyque Geary Street,,,,,,+14154020600,https://stores.diptyqueparis.com/en/diptyque-san-francisco,"San Francisco, CA",0,Diptyque corporate store page,yellowpages
Dee Dee Boutique,,,,,,+14153983168,http://deedeeboutiqueca.localsearch.com,"San Francisco, CA",,,yellowpages
Giorgio Armani,,,,,,+14153623900,https://locations.armani.com/giorgio-armani/united-states/giorgio-armani-donna-san-francisco-neiman-marcus,"San Francisco, CA",,,yellowpages
CHANEL Fragrance & Beauty Boutique,,,,,,+14159811550,http://chanel.com,"San Francisco, CA",,,yellowpages
Marmalade,,,,,,+14154004027,,"San Francisco, CA",,,yellowpages
Untuckit,,,questions@untuckit.com,,,+14158729702,https://www.untuckit.com/blogs/store-locations/san-francisco,"San Francisco, CA",0,National chain,yellowpages
Uko,,,,,,+14155630330,http://uko.localsearch.com,"San Francisco, CA",,,yellowpages
Vivo,,,,,,+14159316888,,"San Francisco, CA",,,yellowpages
Crave Boutique,,,,,,+12127946000,http://craveboutique4333877.localsearch.com,"New York, NY",,,yellowpages
Monaco Couture,,,,,,+16465590660,http://monacocouture.com,"New York, NY",,,yellowpages
Unique Boutique By Vee,,,,,,+13479153516,http://uniqueboutiquebyvee.localsearch.com,"New York, NY",,,yellowpages
Zoila's Sample Room,,,,,,+12125640108,http://zoilassampleroom.localsearch.com,"New York, NY",,,yellowpages
Eileen Fisher Boutique,,,,,,+12125295715,http://www.eileenfisher.com,"New York, NY",,,yellowpages
Dolce & Gabbana USA Inc,,,sustainability@dolcegabbana.com,,https://www.linkedin.com/company/dolce-&-gabbana,+12127500055,http://www.dolcegabbana.it,"New York, NY",0,Global luxury brand,yellowpages
Breguet Boutique 5th,,,,,,+16466926469,https://www.breguet.com/en,"New York, NY",,,yellowpages
"Hermes of Paris, Inc",,,,,,+12127597585,https://www.hermes.com,"New York, NY",,,yellowpages
Henri Bendel Inc,,,,,,+12122471100,http://henribendel.com,"New York, NY",,,yellowpages
CHANEL Boutique,,,,,,+12123555050,http://www.chanel.com,"New York, NY",,,yellowpages
Yves Salomon,,,,,,+12129888145,https://www.yves-salomon.com/pages/store-locator,"New York, NY",0,Global brand store locator,yellowpages
JL & Company Limited,,,,,,+12128889797,https://www.johnlobb.com,"New York, NY",,,yellowpages
Fashion Addict Boutique,,,,,,+13058782099,http://yellowpages.com/miami-fl/mip/fashion-addict-boutique-467173003,"Miami, FL",0,"Website is a YellowPages listing page, not the business site",yellowpages
Bon Bon's,,,,,,+13053828121,http://bonbonsfl.localsearch.com,"Miami, FL",,,yellowpages
Brenda's Boutique,,,,,,+13054434662,http://brendasboutiquefl.localsearch.com,"Miami, FL",,,yellowpages
Diva,,,,,,+13053832747,http://divemagic.com,"Miami, FL",0,"Website is a dive shop, does not match listing",yellowpages
Awly's Fashion,,,,,,+13055549996,http://awlysfashion.localsearch.com,"Miami, FL",,,yellowpages
Galerie Saint Michel,,,,,,+13052270117,,"Miami, FL",,,yellowpages
Xoho Boutique,,,,,,+13055535700,https://www.xohoboutique.com,"Miami, FL",,,yellowpages
Odds Concept,,,,,,+17864527030,https://coolhotsprings.com,"Miami, FL",,,yellowpages
RueLaLa,,,,,,+16176710088,https://www.ruelala.com/help/privacy,"Boston, MA",,,yellowpages
Fresh as a Daisy Naturals Boutique,,,,,,+16178941733,http://freshasadaisynaturalsboutique.localsearch.com,"Boston, MA",,,yellowpages
Luxe Boutique,,,,,,+16172483986,http://lottaluxe.com,"Boston, MA",,,yellowpages
Get Ugly Sweaters,,,,,,+18574150643,http://getuglysweaters.localsearch.com,"Boston, MA",,,yellowpages
Good,,,,,,+16177229200,http://goodma.localsearch.com,"Boston, MA",,,yellowpages
Brocade,,,,,,+16172172864,http://brocadema.localsearch.com,"Boston, MA",,,yellowpages
Roses Boutique,,,,,,+16175068492,http://yellowpages.com/boston-ma/mip/roses-boutique-512121597,"Boston, MA",0,"Website is a YellowPages listing page, not the business site",yellowpages
Nanette Lepore Boutique,,,,,,+16174219200,http://nanettelepore.com,"Boston, MA",0,Brand owned by Bluestar Alliance,yellowpages
Le Labo,,,,,,+18572637542,http://lelabofragrances.com,"Boston, MA",0,Global brand,yellowpages
Ermenegildo Zegna Corp,,,,,,+19705444989,http://ermenegildozegnacorpco.localsearch.com,"Aspen, CO",,,yellowpages
Gray Aspen,,,,,,+19704298952,http://msalonaspen.com,"Aspen, CO",,,yellowpages
Enjay Boutique,,,,,,+19709239268,http://enjayboutique.localsearch.com,"Aspen, CO",,,yellowpages
Chanel,,,,,,+19703663480,http://chanelco.localsearch.com,"Aspen, CO",,,yellowpages
Maui And Company,,,,,,+19705442526,http://mauiandcompany.localsearch.com,"Aspen, CO",,,yellowpages
Dior Aspen,,,,,,+19705444944,http://www.dior.com,"Aspen, CO",0,Global brand,yellowpages
Distractions,,,,,,+19705449946,http://distractions.localsearch.com,"Aspen, CO",,,yellowpages
Zadig & Voltaire,,,,,,+19705441961,http://us.zadig-et-voltaire.com/us/shops/locator/details/country/fr/city/141/category/0/shop/273,"Aspen, CO",0,Global brand,yellowpages
Gallerie Zuger,,,,,,+19705444893,http://gallerie.net,"Aspen, CO",,,yellowpages
Valentino,,,,,,+19709252982,https://boutiques.valentino.com/en-wx/united-states/valentino-aspen-usa,"Aspen, CO",0,Global brand,yellowpages
Prada Aspen,,,,,,+19709257001,http://prada.com,"Aspen, CO",0,Global brand,yellowpages
Aspen Grog Shop,,,,,,+19709253000,http://aspengrogshop.localsearch.com,"Aspen, CO",,,yellowpages
Explore Booksellers,,,,,,+19709255336,https://www.explorebooksellers.com/history,"Aspen, CO",,,yellowpages
ETC-Everything Casual,,,,,,+19709276802,http://etceverythingcasual.localsearch.com,"Aspen, CO",,,yellowpages
Faboo,,,,,,+19703430602,http://faboofashion.com,"Aspen, CO",,,yellowpages
Heirlooms,,,,,,+19709274384,http://heirloomsresale.com,"Aspen, CO",0,Parked domain,yellowpages
Sally's Gift Shop,,,,,,+19705441132,http://sallysgiftshop.localsearch.com,"Aspen, CO",,,yellowpages
Arc'teryx,,,,,,+19709256331,https://arcteryx.com,"Aspen, CO",0,Global brand,yellowpages
Cassie's Corner Store,,,,,,+19709273166,http://cassiescornerstoreco.localsearch.com,"Aspen, CO",,,yellowpages
Shop Pauls,,,,,,+19709452585,http://shoppauls.localsearch.com,"Aspen, CO",,,yellowpages
Pella Windows,,,,,https://www.linkedin.com/company/pella-windows-doors-of-denver,+19704043041,https://www.pella.com/locations/co/glenwood-springs,"Aspen, CO",0,"Window franchise, not a fit",yellowpages
Rock Creek Jewelry,,,,,,+19709633902,http://rockcreekjewelry.localsearch.com,"Aspen, CO",,,yellowpages
Corky Woods Corporation,,,,,,+19702778000,http://corkywoodscorporation.localsearch.com,"Aspen, CO",,,yellowpages
Dollar Tree,,,,,,+19705106140,https://locations.dollartree.com/co/carbondale/813-hwy-133,"Aspen, CO",0,National chain,yellowpages
212 Gallery,,,,,,+19709257117,http://212gallery.localsearch.com,"Aspen, CO",,,yellowpages
Attic Fantasies Gifts & Collectables,,,,,,+19709251790,http://atticfantasiesgifts.localsearch.com,"Aspen, CO",,,yellowpages
Van Cleef & Arpels (Aspen - East Hyman Avenue),,,,,,+19703003778,https://www.vancleefarpels.com/boutique-detailed-page/aspen-east-hyman-avenue.html?utm_source=gmb,"Aspen, CO",,,yellowpages
Sandy's Office Supply,,,,,https://www.linkedin.com/company/source-office-products,+19709251620,https://www.sandysofficesupply.com,"Aspen, CO",0,"Office supply B2B, not a fit",yellowpages
Buccellati,,,,,,+19705448303,https://twitter.com/buccellatimilan,"Aspen, CO",,,yellowpages
Stitch Works,,,,,,+19709257471,http://www.aspenformalwear.com,"Aspen, CO",,,yellowpages
Snowmass Tapestries,,,,,,+19709235964,http://snowmasstapestries.localsearch.com,"Aspen, CO",,,yellowpages
Sigue Holdings,,,,,,+16312040100,http://sigueholdings.localsearch.com,"Southampton, NY",,,yellowpages
Jacky Rogers,,,,,,+16312592202,http://jackyrogers.localsearch.com,"Southampton, NY",,,yellowpages
Peter & Annie,,,,,,+16313773248,http://peterannie.localsearch.com,"Southampton, NY",,,yellowpages
Renaissance Boutique,,,,,,+16312876320,http://renaissance-stone.com,"Southampton, NY",0,"Website is a GFRC manufacturer, does not match listing",yellowpages
Ananda Wellness Center & Boutique,,,,,,+16312041219,http://anandawellnesscenterboutique.localsearch.com,"Southampton, NY",,,yellowpages
Little Lucy's Accessories,,,,,,+16312872352,http://littlelucysaccessories.localsearch.com,"Southampton, NY",,,yellowpages
Keogh 51 Inc,,,,,,+16313533017,http://keogh51inc.localsearch.com,"Southampton, NY",,,yellowpages
Dune Road Mobile Marine Electronics,,,,,,+16317281639,http://duneroadmobilemarineelectronics.localsearch.com,"Southampton, NY",,,yellowpages
Ann Madonia Antiques,,,,,,+16312831878,http://annmadoniaantiques.1stdibs.com,"Southampton, NY",,,yellowpages
Invictus Products,,,,,,+16312592875,http://invictusproducts.localsearch.com,"Southampton, NY",,,yellowpages
Scentsy,,,,,,+16317668284,http://scentsyny.localsearch.com,"Southampton, NY",,,yellowpages
Moon Light Beam Inc,,,,,,+16312580366,http://moonlightbeaminc.localsearch.com,"Southampton, NY",,,yellowpages
Kiss Consignment,,,,,,+16319795477,http://kissconsignment.localsearch.com,"Southampton, NY",,,yellowpages
Austins Treasures,,,,,,+16317722032,http://austinstreasures.localsearch.com,"Southampton, NY",,,yellowpages
Good Ground Antique Center,,,,,,+16317286300,http://www.facebook.com/goodgroundantiquecenter,"Southampton, NY",,,yellowpages
Macy's,,,,,,+16317285500,https://www.macys.com/s/toys-r-us,"Southampton, NY",,,yellowpages
Antiques by Jim Maguire,,,,,,+16317233928,https://www.jamesmaguireantiques.com,"Southampton, NY",,,yellowpages
Carl & Jack's Discount Hse,,,,,,+16317281555,http://carljacksdiscounthse.localsearch.com,"Southampton, NY",,,yellowpages
GoSHOP Super Discount Department Shopping,,,,,,+16314860095,http://goshop.ws,"Southampton, NY",0,Not a real store site,yellowpages
SerpentBugatii77.com,,,,,,+16316721612,https://www.serpentbugatii77.com,"Southampton, NY",,,yellowpages
Quogue Shop,,,,,,+16316536515,http://quogueshop.localsearch.com,"Southampton, NY",,,yellowpages
Joanmarie,,,,,,+16315370911,http://joanmarie.localsearch.com,"Southampton, NY",,,yellowpages
Sears,,,,,,+16315376449,https://www.sears.com/stores/new-york/bridgehampton/0005205.html,"Southampton, NY",0,National chain,yellowpages
Marshalls,,,,,,+16315373272,https://www.marshalls.com,"Southampton, NY",,,yellowpages
North Mall,,,,,,+16312881497,http://northmall.localsearch.com,"Southampton, NY",,,yellowpages
T.J.Maxx,,,,,,+16315371591,http://www.tjmaxx.com,"Southampton, NY",,,yellowpages
Unique Boutique,,,,,,+16312881542,,"Southampton, NY",,,yellowpages
Jimmy's,,,,,,+16312887000,http://jimmys14860998.localsearch.com,"Southampton, NY",,,yellowpages
Pine Cone,,,,,,+16312888316,http://pineconeny.localsearch.com,"Southampton, NY",,,yellowpages
Garcia Fashion Boutique,,,,,,+16312881368,http://garciafashionboutique.localsearch.com,"Southampton, NY",,,yellowpages
Sylvester & Co,,,,,,+16317255012,http://www.sylvesterandco.com,"Southampton, NY",,,yellowpages
Molly Brown Boutique,,,,,,+16317495538,http://mollybrownboutique.localsearch.com,"Southampton, NY",,,yellowpages
B B Balsam,,,,,,+16318994280,http://bbbalsam.localsearch.com,"Southampton, NY",,,yellowpages
Whiskey in A Tea Cup Boutique,,,,,,+16317961483,http://whiskeyinateacupboutique.localsearch.com,"Southampton, NY",,,yellowpages
Giorgio Armani,,,,,,+16317278465,http://www.giorgioarmani.com,"Southampton, NY",0,Global brand,yellowpages
East Hampton Town Detectives,,,,,,+16315376989,https://www.longisland.com,"Southampton, NY",,,yellowpages
Nautica,,,,,,+16313692316,https://stores.nautica.com/ny/riverhead/207-tanger-mall-drive,"Southampton, NY",0,National brand outlet,yellowpages
Collette,,,,,,+16317259301,http://collette1638828.localsearch.com,"Southampton, NY",,,yellowpages
Tanger Outlets,,,,,,+16313692732,http://www.tangeroutlet.com/riverhead,"Southampton, NY",,,yellowpages
Boutique,,,,,,+12137460987,http://boutique.localsearch.com,"Los Angeles, CA",,,yellowpages
Li Designs & Boutique,,,,,,+13102169233,http://lidesignsboutique.localsearch.com,"Los Angeles, CA",,,yellowpages
Veronica M,,,,,,+13239363802,http://veronicam.localsearch.com,"Los Angeles, CA",,,yellowpages
Co-op,,,,,,+13236692828,http://www.coop28.com,"Los Angeles, CA",,,yellowpages
Pinky Rose Boutique,,,,,,+13239369213,http://www.pinkyroseboutique.com,"Los Angeles, CA",,,yellowpages
Hari Casuals,,,,,,+13239304822,http://haricasuals.localsearch.com,"Los Angeles, CA",,,yellowpages
Jackie's Closet,,,,,,+13235057445,http://jackiesclosetca.localsearch.com,"Los Angeles, CA",,,yellowpages
K Young Co,,,,,,+12132660028,http://kyoungco.localsearch.com,"Los Angeles, CA",,,yellowpages
Artes Andinas,,,,,,+12136251077,http://artesandinas.localsearch.com,"Los Angeles, CA",,,yellowpages
Boutine Los Angeles,,,,,,+12132660060,http://boutinelosangelesca.localsearch.com,"Los Angeles, CA",,,yellowpages
Kuragami Plant Boutique,,,,,,+12136170005,http://kuragamiplantboutique.localsearch.com,"Los Angeles, CA",,,yellowpages
Little Michell,,,,,,+12136231369,http://littlemichell556406354.localsearch.com,"Los Angeles, CA",,,yellowpages
Be A Tall Poppy,,,,,,+13109938191,http://www.beatallpoppy.com,"Los Angeles, CA",,,yellowpages
Le Jolie,,,,,,+12132509676,http://lejolie.localsearch.com,"Los Angeles, CA",,,yellowpages
Tobi.Com,,,,,,+12134894310,http://tobicom.localsearch.com,"Los Angeles, CA",,,yellowpages
Trendy,,,,,,+12133725122,http://trendy543034961.localsearch.com,"Los Angeles, CA",,,yellowpages
LA Queen Boutique,,,,,,+12136120006,,"Los Angeles, CA",,,yellowpages
Sidewalk Boutique,,,,,,+12132657227,http://sidewalkbtq.com,"Los Angeles, CA",,,yellowpages
Secret Styles Boutique,,,,,,+12135365539,https://secretstylesboutique.com/pages/contact-us,"Los Angeles, CA",,,yellowpages
Frankie Phoenix,,,,,,+13233854778,http://frankiephoenix.localsearch.com,"Los Angeles, CA",,,yellowpages
Lcd Lcd,,,,,,+12133725525,http://shoplcd.co,"Los Angeles, CA",0,"Closing notice on homepage, store shutting down",yellowpages
Diane Merrick Clothing Salon,,,,,,+13239300400,http://dianemerrickclothingsalonca.localsearch.com,"Los Angeles, CA",,,yellowpages
Bijoux International,,,,,,+12137469868,https://bijouxbijoux.com,"Los Angeles, CA",,,yellowpages
America Fashion Clothing Inc,,,,,,+12137461667,http://americafashionclothinginc.localsearch.com,"Los Angeles, CA",,,yellowpages
Passion Dress Inc,,,,,,+12134934302,http://passiondressincca.localsearch.com,"Los Angeles, CA",,,yellowpages
Star Boutique,,,,,,+12137497560,http://starboutiqueca.localsearch.com,"Los Angeles, CA",,,yellowpages
Alieas Fashion,,,,,,+12137457055,http://dk-fashion-trading.myshopify.com,"Los Angeles, CA",,,yellowpages
Detour Salon,,,,,,+16192979000,http://www.detoursalon.com,"San Diego, CA",,,yellowpages
Gracy International Hair Design,,,,,,+16192752119,http://gracyinternationalhairdesign.localsearch.com,"San Diego, CA",,,yellowpages
Best Buy,,,,,,+16195741076,https://stores.bestbuy.com/ca/san-diego/5151-mission-center-rd-438.html/?ref=NS&loc=ns100,"San Diego, CA",0,National chain,yellowpages
Westfield UTC,,,utc@urw.com,,,+18585468858,https://www.westfield.com/en/united-states/utc,"San Diego, CA",0,"Shopping mall, not a business",yellowpages
Ariat Outlet,,,,,,+16192202436,https://stores.ariat.com/sandiego,"San Diego, CA",0,National brand outlet,yellowpages
Las Americas Premium Outlets,,,,,,+16199349028,https://www.premiumoutlets.com/outlet/las-americas,"San Diego, CA",0,Outlet mall,yellowpages
The Home Depot,,,,,,+18585929600,https://www.homedepot.com/l/Carmel-Mtn/CA/San-Diego/92128/669,"San Diego, CA",,,yellowpages
Eden Boutique,,,,,,+16196963336,http://edenboutique.localsearch.com,"San Diego, CA",,,yellowpages
Dolcetti Boutique,,,,,,+16195011559,http://www.dolcettiboutique.com,"San Diego, CA",,,yellowpages
Pure Boutique,,,,,,+16192947873,http://pureclothingboutique.com,"San Diego, CA",,,yellowpages
Kitchen Boutique,,,,,,+16194315926,http://www.kitchenboutiquesd.com,"San Diego, CA",,,yellowpages
Bubbles Boutique,,,,,,+16192369003,http://bubblesboutique.localsearch.com,"San Diego, CA",,,yellowpages
Zara,,,,,,+16195430250,http://store.ferragamo.com/america/us/ca/sandiego/7007-friars-rd.html,"San Diego, CA",0,Global brand store page,yellowpages
Junc Boutique,,,,,,+16192832611,http://juncboutiqueca.localsearch.com,"San Diego, CA",,,yellowpages
The Fabulous Rag Boutique,,,,,,+18582701993,http://thefabulousragboutique.localsearch.com,"San Diego, CA",,,yellowpages
To Hell in Handbag,,,,,,+18587294786,http://tohellinhandbag.localsearch.com,"San Diego, CA",,,yellowpages
Omega Boutique,,,,,,+16192601120,http://omega.com,"San Diego, CA",,,yellowpages
Salbro Inc,,,,,,+16194297129,http://salbroinc.localsearch.com,"San Diego, CA",,,yellowpages
Hustler Hollywood-San Diego,,,,,,+16196969007,http://www.hustlerhollywood.com,"San Diego, CA",0,National chain,yellowpages
Urban Objects,,,,,,+16198223112,http://urbanobjectsca.localsearch.com,"San Diego, CA",,,yellowpages
Trendy A La Mode,,,,,,+18582482302,http://trendyalamode.localsearch.com,"San Diego, CA",,,yellowpages
All Vegan,,,,,,+16192994669,http://veganplanetsd.com,"San Diego, CA",,,yellowpages
Lily's Boutique,,,,,,+16195018250,http://liliesboutique.com,"San Diego, CA",,,yellowpages
Splash and Dash Groomerie and Boutique,,,,,,+16192219233,http://pointloma.splashanddashfordogs.com,"San Diego, CA",,,yellowpages
Royale Boutique,,,,,,+16197560329,http://royaleboutique.localsearch.com,"San Diego, CA",,,yellowpages
Diana's Unique Boutique,,,,,,+16195657198,http://dianasuniqueboutique.localsearch.com,"San Diego, CA",,,yellowpages
Phoenix Boutique,,,,,,+16195526407,https://phoenixfood.us/pages/order,"San Diego, CA",0,"Website is a food business, does not match listing",yellowpages
Gloss Boutique,,,,,,+18584831513,http://glossboutiqueca.localsearch.com,"San Diego, CA",,,yellowpages
Mileage Clothing,,,,,,+18585811285,http://mileageclothing.com,"San Diego, CA",,,yellowpages
Lady Bug Boutique,,,,,,+14694079190,http://ladybugboutique.localsearch.com,"Dallas, TX",,,yellowpages
Flirt Boutique,,,,,,+12147547001,http://flirtboutiquetx.localsearch.com,"Dallas, TX",,,yellowpages
Bodacious Boutique,,,,,,+19727630779,http://bodaciousboutique.localsearch.com,"Dallas, TX",,,yellowpages
Primrose Boutique,,,,,,+12143521333,http://www.primroseboutique.com,"Dallas, TX",,,yellowpages
Cusp Boutique,,,,,,+12143638311,http://cusp.com,"Dallas, TX",,,yellowpages
Apricot Lane,,,,,,+19723866070,http://apricotlane457417060.localsearch.com,"Dallas, TX",,,yellowpages
Dazzle Me By Mo,,,,,,+12145860103,http://dazzlemebymo.localsearch.com,"Dallas, TX",,,yellowpages
Milk and Honey Boutique,,,,,,+12148261700,http://milkandhoneyboutique.localsearch.com,"Dallas, TX",,,yellowpages
Amillion lookz boutique,,,,,,+19729877300,http://amillionlookzboutique.localsearch.com,"Dallas, TX",,,yellowpages
Exotic Sisters Boutique,,,,,,+12148560717,http://www.exoticsistersboutique.com,"Dallas, TX",,,yellowpages
Sara's Secret,,,,,,+12143779463,https://www.sarassecret.com,"Dallas, TX",,,yellowpages
Beautyfirst Blo Bar,,,,,,+12147500040,http://beautyfirstblobar.localsearch.com,"Dallas, TX",,,yellowpages
HoneyHive Shoe Boutique,,,,,,+12144125435,http://honeyhiveshoeboutique.localsearch.com,"Dallas, TX",,,yellowpages
Dallas Workshop,,,,,,+12147549994,http://dallasworkshop.localsearch.com,"Dallas, TX",,,yellowpages
Elishion Boutique,,,,,,+12145735055,http://elishionboutique.localsearch.com,"Dallas, TX",,,yellowpages
Blank Canvas,,,,,,+12147491924,http://blankcanvas.fr,"Dallas, TX",,,yellowpages
Calculus Boutique,,,,,,+19727739004,http://calculusboutique.localsearch.com,"Dallas, TX",,,yellowpages
Boutique,,,,,,+12147580554,http://boutique549408455.localsearch.com,"Dallas, TX",,,yellowpages
Haven Boutique,,,,,,+12149691005,http://havenboutiquetx.localsearch.com,"Dallas, TX",,,yellowpages
Pink Lucy,,,,,,+12146136117,http://pinklucy480289012.localsearch.com,"Dallas, TX",,,yellowpages
Lashattitude Boutique Lash Extention,,,,,,+12149289979,http://lashattitudeboutiquelashextention.localsearch.com,"Dallas, TX",,,yellowpages
Treehouse Edit,,,,,,+12147548004,http://treehouseedit.com,"Dallas, TX",,,yellowpages
Soy La Ruth Boutique,,,,,,+19727795518,http://soylaruthboutique.localsearch.com,"Dallas, TX",,,yellowpages
Little Bo Teek,,,,,,+12147490613,http://www.littletykechildcare.com,"Dallas, TX",0,"Website is a childcare chain, does not match listing",yellowpages
The Baller Baby Boutique,,,,,,+14697962411,http://theballerbabyboutique.localsearch.com,"Dallas, TX",,,yellowpages
Glitz Dallas,,,,,,+12148245489,http://glitzdallas.localsearch.com,"Dallas, TX",,,yellowpages
Urban Owl,,,,,,+19728639377,https://todaysdfw.wordpress.com/2021/12/30/urban-owl,"Dallas, TX",0,"Website is a blog post about the store, not its site",yellowpages
Sistha's Glam Boutique,,,,,,+12147829920,http://sisthasglamboutique.localsearch.com,"Dallas, TX",,,yellowpages
Coco Xoxo Boutique,,,,,,+14693474990,http://cocoxoxoboutique.localsearch.com,"Dallas, TX",,,yellowpages
Millennium,,,,,,+12142382006,http://millennium524593513.localsearch.com,"Dallas, TX",,,yellowpages
Lab Boutique,,,,,,+14696716377,http://labboutique.localsearch.com,"Dallas, TX",,,yellowpages
Carmen's Boutique,,,,,,+17137991300,http://www.carmensboutique.com,"Houston, TX",,,yellowpages
Lola G Boutique,,,,,,+17135212624,http://lolagboutique.localsearch.com,"Houston, TX",,,yellowpages
Boutique on the Go,,,,,,+12818553488,http://boutiqueonthegotx.localsearch.com,"Houston, TX",,,yellowpages
Style Boutique,,,,,,+17136677895,,"Houston, TX",,,yellowpages
Secret Garden Dress Boutique,,,,,,+17138959997,http://secretgardendressboutique.localsearch.com,"Houston, TX",,,yellowpages
Marchel's Hair Studio,,,,,,+18322534670,http://marchelshairstudio.localsearch.com,"Houston, TX",,,yellowpages
Vickie Lynn's,,,,,,+12818598006,http://vickielynnstx.localsearch.com,"Houston, TX",,,yellowpages
Tossini,,,,,,+17136225516,http://tossini.localsearch.com,"Houston, TX",,,yellowpages
AVS Business Inc,,,,,,+17137801300,http://shabusinessinc.localsearch.com,"Houston, TX",,,yellowpages
Houston Wellness Boutique,,,,,,+17135227465,http://www.houstonwellnessboutique.com,"Houston, TX",,,yellowpages
St. John Boutique,,,,,,+17138719900,http://stjohnboutique30187424.localsearch.com,"Houston, TX",,,yellowpages
Copperfield Embroidery,,,,,,+18322365762,http://copperfieldembroidery.vpweb.com,"Houston, TX",0,Dead site builder page,yellowpages
Texas Divas Boutique,,,,,,+17134435414,http://texasdivasboutique.net,"Houston, TX",,,yellowpages
Katz Boutique 5 Inc,,,,,,+17136623000,http://www.katzstores.com,"Houston, TX",,,yellowpages
Pampered Whiskers,,,,,,+17133773869,http://www.pamperedwhiskers.com,"Houston, TX",,,yellowpages
Layered Stitch Boutique,,,,,,+18325252629,http://layeredstitchboutique.localsearch.com,"Houston, TX",,,yellowpages
B'dazzled,,,,,,+17133872525,http://bdazzledtx.localsearch.com,"Houston, TX",,,yellowpages
Y2 Beauty Mart,,,,,,+17134341896,http://y2beautymart.localsearch.com,"Houston, TX",,,yellowpages
Monkee's of Houston,,,,,,+12819742491,http://monkeesofhoustontx.localsearch.com,"Houston, TX",,,yellowpages
Abejas,,,,,,+17135223025,http://www.abejasboutique.com,"Houston, TX",,,yellowpages
Connie's Boutique,,,,,,+17135152901,http://conniesboutiquetx.localsearch.com,"Houston, TX",,,yellowpages
Carol Designs,,,,,,+17135328488,http://caroldesignstx.localsearch.com,"Houston, TX",,,yellowpages
Black Rose Boutique,,,,,,+17138576803,http://blackroseboutique.localsearch.com,"Houston, TX",,,yellowpages
Haute Mess,,,,,,+17132286377,http://hautemess512016076.localsearch.com,"Houston, TX",,,yellowpages
Chloe + Isabel,,,,,,+12817431901,http://chloeisabeltx.localsearch.com,"Houston, TX",,,yellowpages
All Things Boss Lady Cout,,,,,,+18326236702,http://allthingsbossladycout.localsearch.com,"Houston, TX",,,yellowpages
Collins Boutique,,,,,,+17136599018,http://collinsboutique.localsearch.com,"Houston, TX",,,yellowpages
Le Reve,,,,,,+18324720783,http://lereve503761927.localsearch.com,"Houston, TX",,,yellowpages
Precious Boutique,,,,,,+12817668312,http://preciousboutiquetx.localsearch.com,"Houston, TX",,,yellowpages
Sabrak Boutique,,,,,,+17135261511,http://sabrakboutiquetx.localsearch.com,"Houston, TX",,,yellowpages
Harvard Blvd,,,,,,+12815019537,http://harvardblvd.localsearch.com,"Houston, TX",,,yellowpages
Salt Studio Boutique,,,,,,+18328048404,http://www.saltstudioboutique.com,"Houston, TX",,,yellowpages
Haute Dimensions Boutique,,,,,,+18326495835,http://hautedimensionsboutique.localsearch.com,"Houston, TX",,,yellowpages
Creatures Boutique,,,,,,+15127072500,http://creaturesboutique.localsearch.com,"Austin, TX",,,yellowpages
Designer Exchange,,,,,,+15124520606,http://designerexchange16819631.localsearch.com,"Austin, TX",,,yellowpages
The Divas Closet,,,,,,+15124336643,http://thedivascloset.localsearch.com,"Austin, TX",,,yellowpages
Mana Culture,,,,,,+15123911555,http://www.manacultureboutique.com,"Austin, TX",,,yellowpages
Elles Boutique,,,,,,+15125519915,http://ellesboutique.localsearch.com,"Austin, TX",,,yellowpages
Olive,,,,,,+15125240582,http://inuitblanche.com,"Austin, TX",0,Website does not match listing,yellowpages
Parts & Labour,,,,,,+15123261648,http://partsandlabour.com,"Austin, TX",0,Parked domain,yellowpages
Longhorn Fashions,,,,,,+15125848001,https://www.longhornfashions.com/pages/Contact-Us.html,"Austin, TX",,,yellowpages
The Katz Meow,,,,,,+15125801500,http://thekatzmeowtx.localsearch.com,"Austin, TX",,,yellowpages
Bird Boutique,,,,,,+15123232024,http://birdboutique.localsearch.com,"Austin, TX",,,yellowpages
Lotus Boutique,,,,,,+15124549700,http://lotusboutiquetx.localsearch.com,"Austin, TX",,,yellowpages
Magic Caravan,,,,,,+15123053968,,"Austin, TX",,,yellowpages
Boutique Laia's,,,,,,+17372356159,http://boutiquelaias.localsearch.com,"Austin, TX",,,yellowpages
Bre'ja Boutique,,,,,,+15126075838,http://brejaboutique.localsearch.com,"Austin, TX",,,yellowpages
Rose And Violets Boutique,,,,,,+15128400101,http://roseandvioletsboutique.com,"Austin, TX",,,yellowpages
Unique Stone Boutique,,,,,,+15125998979,http://uniquestoneboutique.localsearch.com,"Austin, TX",,,yellowpages
Ja'zy's Boutique,,,,,,+15127920032,http://jazysboutique.localsearch.com,"Austin, TX",,,yellowpages
Lan's Studio & Boutique,,,,,,+15124528400,http://lansstudioboutique.localsearch.com,"Austin, TX",,,yellowpages
Apricot Lane,,,,,,+15122638445,http://www.apricotlaneusa.com/page/home.html,"Austin, TX",,,yellowpages
Plenty Boutique,,,,,,+15122635683,http://www.hillcountrygalleria.com/store/plenty-boutique/2137047298/2138832916,"Austin, TX",,,yellowpages
Sheek Lash Boutique,,,,,,+15129479165,http://www.sinsationallashes.com,"Austin, TX",,,yellowpages
Maria & Kyndals,,,,,,+15123299855,http://mariakyndalstx.localsearch.com,"Austin, TX",,,yellowpages
Grace,,,,,,+15128528602,https://www.kimanasanctuary.com,"Austin, TX",0,Website does not match listing,yellowpages
Wear Art Thou,,,,,,+15123239500,http://wearartthoutx.localsearch.com,"Austin, TX",,,yellowpages
Rabiosa Fashion Footwear,,,,,,+15123693543,http://rabiosafashionfootwear.localsearch.com,"Austin, TX",,,yellowpages
Solo Access,,,,,,+17736296148,http://soloaccess.localsearch.com,"Chicago, IL",,,yellowpages
Selections Boutique,,,,,,+17732964014,http://selectionschicago.com,"Chicago, IL",0,"Website is a real estate site, does not match listing",yellowpages
Sahil,,,,,,+17733383636,http://www.saahilexclusive.com,"Chicago, IL",,,yellowpages
Perchance Boutique,,,,,,+17732441300,http://perchanceboutique.localsearch.com,"Chicago, IL",,,yellowpages
Annabella Boutique,,,,,,+17738895513,http://annabellaboutiqueil.localsearch.com,"Chicago, IL",,,yellowpages
Moda Boutique,,,,,,+17738788088,http://modaboutiqueil.localsearch.com,"Chicago, IL",,,yellowpages
Adams Apple,,,,,,+17734659777,http://adamsappleil.localsearch.com,"Chicago, IL",,,yellowpages
The Lifestyle Boutique,,,,,,+17739415938,http://vanwadelifestyleboutique.net,"Chicago, IL",,,yellowpages
Her Little Secret Boutique,,,,,,+17736296145,http://herlittlesecretboutique.localsearch.com,"Chicago, IL",,,yellowpages
Lady Davis Boutique,,,,,,+17739522046,http://ladydavisboutique.localsearch.com,"Chicago, IL",,,yellowpages
The Blues Jean Bar,,,,,,+17732485326,http://www.thebluesjeanbar.com,"Chicago, IL",,,yellowpages
Sonador Boutique,,,,,,+17737998084,http://sonadorboutique.com,"Chicago, IL",,,yellowpages
Khoobsurat Designer Boutique,,,,,,+17737437300,http://khoobsuratdesignerboutique.localsearch.com,"Chicago, IL",,,yellowpages
Jaysha's Boutique,,,,,,+17732845757,https://moncheribridals.com/store/jaysha-s-boutique,"Chicago, IL",0,Website is a dress brand's store locator,yellowpages
Giorgio Armani,,,,,https://www.linkedin.com/company/giorgio-armani,+13127512244,http://www.armani.com,"Chicago, IL",0,Global brand,yellowpages
Lustre Skin Boutique,,,,,,+17732788777,http://www.lustreskinboutique.com,"Chicago, IL",,,yellowpages
Via Firenzi Boutique,,,,,,+17736619090,http://viafirenziboutique.localsearch.com,"Chicago, IL",,,yellowpages
Oriental Boutique,,,,,,+13128423798,http://orientalboutique.com,"Chicago, IL",0,Domain for sale,yellowpages
Epitome Boutique,,,,,,+13123392285,,"Chicago, IL",,,yellowpages
Clarie's Boutique,,,,,,+13122919775,http://claires.com,"Chicago, IL",0,National chain,yellowpages
Bellas Fashions Boutique,,,,,,+13123244811,http://bellasfashionsboutique.localsearch.com,"Chicago, IL",,,yellowpages
Mode Body Boutique,,,,,,+13129294485,http://getinmode.com/modebodyboutique.com,"Chicago, IL",,,yellowpages
Mododella Shop,,,,,,+13124547375,http://mododellashop.localsearch.com,"Chicago, IL",,,yellowpages
Teranzboutique,,,,,,+13123450881,http://www.teranz.com,"Chicago, IL",,,yellowpages
Iridium Lab,,,,,,+13127752456,http://iridiumclothingco.com,"Chicago, IL",,,yellowpages
Luxe Addict,,,,,,+17734756831,http://luxeaddict.localsearch.com,"Chicago, IL",,,yellowpages
Bronzeville Boutique,,,,,,+17738914473,http://bronzevilleboutique.localsearch.com,"Chicago, IL",,,yellowpages
Effortless Styles Studio,,,,,,+17732680800,http://effortlessboutique.com,"Chicago, IL",,,yellowpages
Roslyn Boutique Inc,,,,,,+13124891311,http://roslynboutiqueinc.localsearch.com,"Chicago, IL",,,yellowpages
Boutique 210,,,,,,+17734757534,http://cleverdome.com,"Chicago, IL",,,yellowpages
Be'loved Boutique,,,,,,+17736969134,http://belovedboutique.localsearch.com,"Chicago, IL",,,yellowpages
Glamour Girl Boutique,,,,,,+17738911029,http://glamourgirlboutique.localsearch.com,"Chicago, IL",,,yellowpages
Ginger Howard Selections,,,,,,+14048690115,http://gingerhowardselectionsga.localsearch.com,"Atlanta, GA",,,yellowpages
Girlfriendz Boutique,,,,,,+14043439032,http://girlfriendzboutique.localsearch.com,"Atlanta, GA",,,yellowpages
Festivity,,,,,,+14048418051,http://festivity.localsearch.com,"Atlanta, GA",,,yellowpages
Elements of Style,,,,,,+14048462182,http://www.elementsofstyleatl.com,"Atlanta, GA",,,yellowpages
N Joy Boutique,,,,,,+14048120005,http://njoyboutiquega.localsearch.com,"Atlanta, GA",,,yellowpages
Only For You Boutique,,,,,,+16787493217,http://onlyforyouboutique.localsearch.com,"Atlanta, GA",,,yellowpages
Treasure Box Boutique,,,,,,+14045072377,http://treasureboxboutiquega.localsearch.com,"Atlanta, GA",,,yellowpages
Patravachi Boutique,,,,,,+14043964820,http://patravachiboutique.localsearch.com,"Atlanta, GA",,,yellowpages
Fly Nation,,,,,,+14044316780,http://flynationga.localsearch.com,"Atlanta, GA",,,yellowpages
American Mountain,,,,,,+17704321623,http://americanmountain.localsearch.com,"Atlanta, GA",,,yellowpages
Dazzl Jewelry Boutique,,,,,,+14048833461,http://dazzljewelryboutique.localsearch.com,"Atlanta, GA",,,yellowpages
Vittoria,,,,,,+14047281912,http://vittoria.com,"Atlanta, GA",0,"Website is an Italian bike-tire brand, does not match listing",yellowpages
Melissa Fashion,,,,,,+17705598296,https://www.cagnow.org,"Atlanta, GA",0,Website does not match listing,yellowpages
My Boutiques,,,,,,+14047615005,http://shopmyglam.com,"Atlanta, GA",,,yellowpages
Balboa Boutique,,,,,,+17704365636,http://balboaboutique.localsearch.com,"Atlanta, GA",,,yellowpages
Unique Boutique,,,,,,+14042305600,http://uniqueboutique16031847.localsearch.com,"Atlanta, GA",,,yellowpages
Dem Vinni Boys,,,,,,+14045492176,http://demvinniboys.localsearch.com,"Atlanta, GA",,,yellowpages
Jettas Boutique,,,,,,+14046847114,http://jettasboutique.localsearch.com,"Atlanta, GA",,,yellowpages
Flip Burger Boutique,,,,,,+14045493298,http://www.flipburgerboutique.com,"Atlanta, GA",,,yellowpages
Gretchen's Children's Shop,,,,,,+14042378020,http://gretchenschildrensshop.localsearch.com,"Atlanta, GA",,,yellowpages
Girl Crush Boutique,,,,,,+14046036844,http://girlcrushboutique.localsearch.com,"Atlanta, GA",,,yellowpages
Bridget John Clothing and Accessories,,,,,,+17707975918,http://bridgetjohnclothingandaccessories.localsearch.com,"Atlanta, GA",,,yellowpages
Tame,,,,,,+16784317900,http://www.tameaccessories.etsy.com,"Atlanta, GA",,,yellowpages
Dot Willis Boutique,,,,,,+14046593290,https://willisboutique.com,"Atlanta, GA",,,yellowpages
Elaine Breedlove Fashion,,,,,,+14044647754,http://www.elainebreedlovefashion.com,"Atlanta, GA",,,yellowpages
The Byrd's Box,,,,,,+14047910489,http://thebyrdsbox.localsearch.com,"Atlanta, GA",,,yellowpages
Sassy & Unique Chics Boutique,,,,,,+14043308301,http://sassyuniquechicsboutique.localsearch.com,"Atlanta, GA",,,yellowpages
Wildflag,,,,,,+14048151890,http://wildflag.localsearch.com,"Atlanta, GA",,,yellowpages
Tameka Boutique,,,,,,+14047815751,http://tamekaboutique.localsearch.com,"Atlanta, GA",,,yellowpages
Rivet & Sway,,,,,,+12067357296,http://rivetsway.localsearch.com,"Seattle, WA",,,yellowpages
Suede,,,,,,+12063952115,http://salonsuede.com,"Seattle, WA",0,"Hair salon in Arizona, does not match listing",yellowpages
Laura Bee Designs,,,,,,+12067894044,http://laurabeedesigns.localsearch.com,"Seattle, WA",,,yellowpages
Cbna Boutiques,,,,,,+12063358587,http://cbnaboutiques.localsearch.com,"Seattle, WA",,,yellowpages
Dis N That,,,,,,+12063279351,http://www.disnthat.com,"Seattle, WA",,,yellowpages
Oska Seattle,,,,,,+12062095401,http://oskaseattle.localsearch.com,"Seattle, WA",,,yellowpages
Marcella's La Boutique,,,,,,+12062640700,http://marcellaslaboutique.localsearch.com,"Seattle, WA",,,yellowpages
Jupiter Boutique,,,,,,+12064955755,http://jupiterboutique.com/about-us,"Seattle, WA",,,yellowpages
Mountain Hardwear,,,,,,+12064412639,https://www.mountainhardwear.com/store-details?storeid=mhw_us_141089,"Seattle, WA",,,yellowpages
J J Boutique Inc,,,,,,+12063341437,http://jjboutiqueinc.localsearch.com,"Seattle, WA",,,yellowpages
Volk Boutique Agency,,,,,,+12066361188,https://bellevuemarketing.agency,"Seattle, WA",,,yellowpages
Jules Boutique,,,,,,+12063848200,http://julesbtq.com,"Seattle, WA",,,yellowpages
Somethingsomething Events & Pr,,,,,,+12062270526,http://somethingsomethingeventspr.localsearch.com,"Seattle, WA",,,yellowpages
Murasaki Boutique,,,,,,+12062273851,http://murasakiboutique.localsearch.com,"Seattle, WA",,,yellowpages
Boehme Kayla,,,,,,+12066320720,http://boehmekayla.localsearch.com,"Seattle, WA",,,yellowpages
Omzappy,,,,,,+12066327034,http://omzappy.com,"Seattle, WA",,,yellowpages
A to Z,,,,,,+12065224570,http://atozwa.localsearch.com,"Seattle, WA",,,yellowpages
Boutique Lalita,,,,,,+12069133105,http://boutiquelalita.localsearch.com,"Seattle, WA",,,yellowpages
Alaysianyshelle's Boutique,,,,,,+12066363807,http://alaysianyshellesboutique.localsearch.com,"Seattle, WA",,,yellowpages
Cairo,,,,,,+12064024706,http://cairocollection.bigcartel.com,"Seattle, WA",,,yellowpages
Heather Ashley's Waxing Boutique,,,,,,+12063845450,http://heatherashleyswaxingboutique.localsearch.com,"Seattle, WA",,,yellowpages
Filthy Rich Of Seattle,,,,,,+12063973905,http://filthyrichofseattle.localsearch.com,"Seattle, WA",,,yellowpages
Kick IT Boutique,,,,,,+12067843399,http://kickitboutique.com,"Seattle, WA",,,yellowpages
Ginger's Boutique,,,,,,+12067830065,http://gingersboutiquewa.localsearch.com,"Seattle, WA",,,yellowpages
Kelly Beauty Boutique By Kelly Tran,,,,,,+12069797728,https://kellybeautyboutique.com/contact,"Seattle, WA",,,yellowpages
Buuteeq,,,,,,+12069132674,http://buuteeq.localsearch.com,"Seattle, WA",,,yellowpages
Bj's Boutique,,,,,,+12063718566,http://bjsboutiquewa.localsearch.com,"Seattle, WA",,,yellowpages
Chanel,,,,,,+13102286522,http://chanel.com/us,"Beverly Hills, CA",,,yellowpages
Breal's Boutique,,,,,,+13102788906,http://brealsboutique.localsearch.com,"Beverly Hills, CA",,,yellowpages
Harmony Lane,,,,,,+13107778888,http://harmonylaneca.localsearch.com,"Beverly Hills, CA",,,yellowpages
Girlfriends Fashions,,,,,,+13102460311,http://bhgirl.com,"Beverly Hills, CA",,,yellowpages
Maxine Boutique,,,,,,+13102477779,http://maxineboutique.localsearch.com,"Beverly Hills, CA",,,yellowpages
"By The Botique, Naturally",,,,,,+13107347722,http://bythebotiquenaturally.localsearch.com,"Beverly Hills, CA",,,yellowpages
Lalaluxe Productions,,,,,,+13108834503,http://lalaluxe.com,"Beverly Hills, CA",,,yellowpages
Image Boutique,,,,,,+13107347045,http://maxineboutique.com,"Beverly Hills, CA",,,yellowpages
That Jean Shop,,,,,,+13109754626,https://thatjeanshop.com/contact,"Beverly Hills, CA",,,yellowpages
Yana K,,,,,,+13102845751,https://www.yanak.com/pages/yana-k-boutique,"Beverly Hills, CA",,,yellowpages
Rock'n Cuts by Nadia,,,,,,+13107409940,http://www.rockncuts.com,"Beverly Hills, CA",,,yellowpages
Eskandar,,,,,,+13102469800,http://eskandar.com/about/history-of-the-brand,"Beverly Hills, CA",,,yellowpages
Nanette Lepore Boutique,,,,,,+13102810004,http://nanettelepore.com,"Beverly Hills, CA",,,yellowpages
Gregory's,,,,,,+13102880275,http://gregorysshoes.com,"Beverly Hills, CA",,,yellowpages
Armani Casa Boutique,,,,,,+13102482440,http://armanicasa.com,"Beverly Hills, CA",,,yellowpages
Bellacqua,,,,,,+13106595655,http://bellacqua.localsearch.com,"Beverly Hills, CA",,,yellowpages
Boutiques,,,,,,+13108597447,http://boutiquesca.localsearch.com,"Beverly Hills, CA",,,yellowpages
Alberta Ferretti Boutique,,,,,,+13106529000,http://albertaferretti.com,"Beverly Hills, CA",,,yellowpages
Zara,,,,,,+13107343319,https://www.zara.com,"Beverly Hills, CA",,,yellowpages
Ricci Leo,,,,,,+13107345390,http://riccileo.localsearch.com,"Beverly Hills, CA",,,yellowpages
The Webster,,,,,,+14246007145,http://thewebster.com,"Beverly Hills, CA",,,yellowpages
Giorgio Armani,,,,,,+13102893610,http://giorgioarmani524545441.localsearch.com,"Beverly Hills, CA",,,yellowpages
Icia Boutique,,,,,,+13107229070,http://iciaboutique.localsearch.com,"Beverly Hills, CA",,,yellowpages
Domvs London,,,,,,+13108582489,http://domvslondon.localsearch.com,"Beverly Hills, CA",,,yellowpages
Naked Princess Worldwide Inc.,,,,,,+13107730721,http://www.nakedprincess.com,"Beverly Hills, CA",,,yellowpages
Kin Boutique & Gallery,,,,,,+13103601444,http://kinboutiquegallery.localsearch.com,"Beverly Hills, CA",,,yellowpages
Lencera Boutique,,,,,,+13102890171,http://lenceraboutique.localsearch.com,"Beverly Hills, CA",,,yellowpages
Chanel,,,,,,+13102785500,http://chanelbeverlyhills.localsearch.com,"Beverly Hills, CA",,,yellowpages
Intermix,,,,,,+13108600113,http://www.intermixonline.com,"Beverly Hills, CA",,,yellowpages
Hublot Beverly Hills Boutique,,,,,,+13105500595,https://www.hublot.com/boutiques/hublot-beverly-hills-boutique,"Beverly Hills, CA",,,yellowpages
Giorgio Armani,,,,,,+13102715555,http://giorgioarmani421677.localsearch.com,"Beverly Hills, CA",,,yellowpages
Burberry,,,,,,+13105504500,https://stores.burberry.com/en/us/ca/los-angeles/8500-beverly-boulevard,"Beverly Hills, CA",,,yellowpages
Viva Voluptuous,,,,,,+15614094279,http://vivavoluptuous.localsearch.com,"Boca Raton, FL",,,yellowpages
Unique Holistic Boutique,,,,,,+15616208989,http://uniqueholisticboutique.com,"Boca Raton, FL",,,yellowpages
Etiquette Boutique,,,,,,+15617178421,https://www.etiquetteboutique.com/service/boutique-locations,"Boca Raton, FL",,,yellowpages
Palm Treeserenity,,,,,,+15614303462,http://palmtreeserenity.localsearch.com,"Boca Raton, FL",,,yellowpages
Ulysse Nardin Boutique,,,,,,+15613531846,http://ulysse-nardin.com,"Boca Raton, FL",,,yellowpages
Chanel,,,,,,+15612083350,http://chanel581548028.localsearch.com,"Boca Raton, FL",,,yellowpages
Gilbert De Paris Boutique,,,,,,+15619970404,http://gilbertdeparisboutique.localsearch.com,"Boca Raton, FL",,,yellowpages
Violet Skye Boutique,,,,,,+15614093695,https://violetskyeboutique.com,"Boca Raton, FL",,,yellowpages
Apolonia Boutique,,,,,,+15619952661,http://apoloniaboutique.localsearch.com,"Boca Raton, FL",,,yellowpages
Carla's Boutique At Larry Roberts,,,,,,+15619987957,http://carlasboutiqueatlarryroberts.localsearch.com,"Boca Raton, FL",,,yellowpages
Omega Boutique,,,,,,+15615440007,http://www.omegawatches.com,"Boca Raton, FL",,,yellowpages
Hidden Pieces Boutique Inc,,,,,,+15617568062,http://hiddenpiecesboutiqueinc.localsearch.com,"Boca Raton, FL",,,yellowpages
Prism Trading,,,,,,+15619104719,http://prismtrading.localsearch.com,"Boca Raton, FL",,,yellowpages
Jessie Boutique,,,,,,+15614470550,http://jessieboutique.com,"Boca Raton, FL",,,yellowpages
Martier Boca,,,,,,+15618625757,http://martierboca.localsearch.com,"Boca Raton, FL",,,yellowpages
Evelyn Rolleder Boutique,,,,,,+15613921902,http://www.erollederboutique.com,"Boca Raton, FL",,,yellowpages
La Boutique Boheme,,,,,,+15614652803,http://lalafemmeboutique.com,"Boca Raton, FL",,,yellowpages
Hemp Factory,,,,,,+15613671636,http://www.hempfactory.com,"Boca Raton, FL",,,yellowpages
Indi-Chic,,,,,,+15612457487,http://indichic.localsearch.com,"Boca Raton, FL",,,yellowpages
Berlue Boutique,,,,,,+15614776797,http://berlueboutique.localsearch.com,"Boca Raton, FL",,,yellowpages
"Daisy's Baby Boutique, Inc",,,,,,+15614773135,http://www.daisysbabyboutique.com,"Boca Raton, FL",,,yellowpages
Sequins B,,,,,,+15613927676,http://sequinsb.localsearch.com,"Boca Raton, FL",,,yellowpages
Love My Puppy,,,,,,+15613686767,https://lovemypuppy.com,"Boca Raton, FL",,,yellowpages
L'Occitane en Provence,,,,,,+15613627427,https://www.loccitane.com/en-us/store?id=04OCST022&y_source=1_MjAzNTc5MzUxMy01NTMtbG9jYXRpb24ud2Vic2l0ZQ%3D%3D,"Boca Raton, FL",,,yellowpages
Lacoste Boca Raton,,,,,,+15613925660,https://www.lacoste.com/us/stores/unitedstates/bocaraton/lacostebocaraton-3814?utm_source=yext&utm_medium=referral&utm_campaign=OtherPublisher&utm_term=Lacoste_Boca_Raton&utm_content=3814,"Boca Raton, FL",,,yellowpages
Marc Jacobs - Boca Raton,,,,,,+15614682170,http://marcjacobs.com,"Boca Raton, FL",,,yellowpages
The Added Touch,,,,,,+15613471993,http://addedtouchshop.com,"Boca Raton, FL",,,yellowpages
Planet Blue,,,,,,+15615716681,http://shopplanetblue.com,"Boca Raton, FL",,,yellowpages
Bellazana Skin Boutique,,,,,,+15619610256,http://bellazanaskinboutique.localsearch.com,"Boca Raton, FL",,,yellowpages
Aritzia,,,,,,+15617051143,http://aritzia576212563.localsearch.com,"Boca Raton, FL",,,yellowpages
Dolce & Gabbana,,,,,,+15613939100,https://www.dolcegabbana.com,"Boca Raton, FL",,,yellowpages
Soodee,,,,,,+16172667888,https://soodee.com/pages/contact-us,"Boston, MA",,,yellowpages
Place & Gather,,,,,,+16172867964,https://www.placeandgather.com,"Boston, MA",,,yellowpages
Archangel Boutique,,,,,,+16172965900,http://www.archangelboutique.com,"Boston, MA",,,yellowpages
Swell Body and Boutique,,,,,,+16172427600,http://swellbodyandboutique.localsearch.com,"Boston, MA",,,yellowpages
Dew Luxe,,,,,,+16173157531,http://squareup.com/store/dewluxe,"Boston, MA",,,yellowpages
Wolford Boutiques,,,,,,+16172368995,http://wolford.com,"Boston, MA",,,yellowpages
Fete Collection,,,,,,+18574961350,http://shopfete.com,"Boston, MA",,,yellowpages
Lit Botique,,,,,,+18573504342,https://litboutique.com,"Boston, MA",,,yellowpages
La Guanaquita Boutique,,,,,,+16174185671,http://laguanaquitaboutique.localsearch.com,"Boston, MA",,,yellowpages
Variedades J and J,,,,,,+16174187826,http://variedadesjandj.localsearch.com,"Boston, MA",,,yellowpages
Gucci - Boston Copley Place,,,,,,+16172473000,https://www.gucci.com/global/store/100-huntington-avenue?utm_source=yext_us&utm_medium=storemarketing&utm_campaign=gbp_23047&y_source=1_MTI0NDE1Ny01NTMtbG9jYXRpb24ud2Vic2l0ZQ%3D%3D,"Boston, MA",,,yellowpages
K M Hudson Ltd,,,,,,+16176249620,http://kmhudsonltd.localsearch.com,"Boston, MA",,,yellowpages
Flair Bridesmaid Boutique,,,,,,+16172472828,http://flairbridesmaidboutique.localsearch.com,"Boston, MA",,,yellowpages
Musette Bridal Boutique,,,,,,+16174241070,https://musettebridal.com,"Boston, MA",,,yellowpages
Sooki,,,,,,+16175360809,http://sookiboston.com,"Boston, MA",,,yellowpages
Margaret O'Leary Women's Apparel,,,,,,+18572335627,https://www.margaretoleary.com/pages/events-edina,"Boston, MA",,,yellowpages
Juicy Couture,,,,,,+16172365514,http://juicycouture.com,"Boston, MA",,,yellowpages
L'elite Occasion & Bridesmaids,,,,,,+16174241020,https://lelite.com,"Boston, MA",,,yellowpages
Alice and Olivia,,,,,,+18572332185,https://www.aliceandolivia.com,"Boston, MA",,,yellowpages
Zadig & Voltaire,,,,,,+18573266280,https://storelocator.zadig-et-voltaire.com/en_us/zadigandvoltaire-585,"Boston, MA",,,yellowpages
Viola Lovely,,,,,,+18572770746,http://www.violalovely.com,"Boston, MA",,,yellowpages
Lipstick,,,,,,+16172676900,https://www.liplab.com,"Boston, MA",,,yellowpages
Pretty Reckless,,,,,,+16177658881,http://prettyreckless.localsearch.com,"Boston, MA",,,yellowpages
Riccardi Boutique,,,,,,+16172663158,http://www.riccardiboston.com,"Boston, MA",,,yellowpages
Niche,,,,,,+18577534294,http://www.nicheboston.com,"Boston, MA",,,yellowpages
Vilma's Boutique,,,,,,+16175670999,http://yourinvitationplace.com/vilmasboutique,"Boston, MA",,,yellowpages
Roche Bobois,,,,,,+14758975820,https://www.roche-bobois.com/en-US/showrooms/ct-greenwich/s1598.html,"Greenwich, CT",,,yellowpages
Greenwich Commons,,,,,,+12036355560,https://www.regencycenters.com/property/detail/70007/Greenwich-Commons,"Greenwich, CT",,,yellowpages
Codogirl,,,,,,+12039001600,http://www.codogirl.com,"Greenwich, CT",,,yellowpages
Sears,,,,,,+12038692371,http://sears467263351.localsearch.com,"Greenwich, CT",,,yellowpages
Saks Fifth Avenue,,,,,,+12038625300,http://www.saksfifthavenue.com,"Greenwich, CT",,,yellowpages
Everything But Water,,,,,,+12036221878,http://www.everythingbutwater.com,"Greenwich, CT",,,yellowpages
Tailored Home,,,,,,+12035425056,http://tailoredhomect.com,"Greenwich, CT",,,yellowpages
The Happy Coin,,,,,,+12033409777,https://thehappycoin.com,"Greenwich, CT",,,yellowpages
Joie Greenwich,,,,,,+12034131330,http://www.joie.com,"Greenwich, CT",,,yellowpages
Wolford,,,,,,+12033402448,http://wolfordct.localsearch.com,"Greenwich, CT",,,yellowpages
Parking Productions John Dent,,,,,,+12036290003,https://parkingproductions.com/contact-us,"Greenwich, CT",,,yellowpages
SKIN Greenwich Aesthetic Boutique,,,,,,+14753331317,https://skingreenwich.com,"Greenwich, CT",,,yellowpages
Cetctest Passlow,,,,,,+12038690845,http://cetctestpasslow549985661.localsearch.com,"Greenwich, CT",,,yellowpages
Unilever,,,,,,+12035312000,,"Greenwich, CT",,,yellowpages
Little Bow Chic Accessories,,,,,,+12036379237,http://littlebowchicaccessories.localsearch.com,"Greenwich, CT",,,yellowpages
Fred,,,,,,+12033449533,https://www.thefredshop.com,"Greenwich, CT",,,yellowpages
Cook & Craft,,,,,,+12036372755,http://www.cookandcraft.com,"Greenwich, CT",,,yellowpages
Signarama,,,,,,+12036748900,http://www.signarama.com/ct-stamford,"Greenwich, CT",,,yellowpages
Mom Agenda,,,,,,+12033449077,http://www.momagenda.com,"Greenwich, CT",,,yellowpages
Go Get It Store,,,,,,+12033098410,http://gogetitstore.localsearch.com,"Greenwich, CT",,,yellowpages
Know Style,,,,,,+12033511101,http://knowstyle455601213.localsearch.com,"Greenwich, CT",,,yellowpages
Beach Babe,,,,,,+12032768866,http://beachbabe.localsearch.com,"Greenwich, CT",,,yellowpages
Bella's Boutique,,,,,,+12039682900,http://bellasboutique.com,"Greenwich, CT",,,yellowpages
Helen Ainson,,,,,,+12036559841,https://www.helenainson.com,"Greenwich, CT",,,yellowpages
Zemo Mens Store,,,,,,+12033230201,http://www.kpsearch.com/df/zemo/all.asp,"Greenwich, CT",,,yellowpages
Macy's,,,,,,+12039641500,http://www.macys.com,"Greenwich, CT",,,yellowpages
Marshalls,,,,,,+12033569667,https://www.marshalls.com,"Greenwich, CT",,,yellowpages
Dollar Tree,,,,,,+12036587130,https://locations.dollartree.com/ct/stamford/808-e-main-st,"Greenwich, CT",,,yellowpages
Earthy Chic Boutique,,,,,,+13053645989,http://www.earthychic.com,"Miami, FL",,,yellowpages
Golden Rose Boutique,,,,,,+17866415113,https://boutique.goldenroseboutique.shop,"Miami, FL",,,yellowpages
L'Amour Beauty Boutique,,,,,,+17864911589,http://lamourbeautyboutique.localsearch.com,"Miami, FL",,,yellowpages
Indiancollect Inversiones,,,,,,+17863911425,http://indiancollectinversiones.localsearch.com,"Miami, FL",,,yellowpages
Barucha Fashion,,,,,,+13053645485,http://baruchafashion.localsearch.com,"Miami, FL",,,yellowpages
Miabella Boutique,,,,,,+13054567955,http://miabellaboutiquefl.localsearch.com,"Miami, FL",,,yellowpages
Shay Couture,,,,,,+13057857901,http://shaycouturefl.localsearch.com,"Miami, FL",,,yellowpages
Auto Boutique,,,,,,+13054562470,http://autoboutiquerental.com,"Miami, FL",,,yellowpages
Touch Dolls Boutique,,,,,,+17862358633,http://touchdollsboutiquefl.localsearch.com,"Miami, FL",,,yellowpages
Your Secret Shopper Boutique,,,,,,+13059057678,http://yoursecretshopperboutique.localsearch.com,"Miami, FL",,,yellowpages
Suite Sneaker Boutique,,,,,,+17863539868,http://suitesneakerboutique.localsearch.com,"Miami, FL",,,yellowpages
Angelica Boutiques,,,,,,+17866715288,http://angelicaboutiques.localsearch.com,"Miami, FL",,,yellowpages
Boho Hunter,,,,,,+17865584486,http://bohohunter.com,"Miami, FL",,,yellowpages
Mimo Market,,,,,,+17865770389,http://mimomarket.com,"Miami, FL",,,yellowpages
Iniva,,,,,,+17866148380,http://inivaboutiques.com,"Miami, FL",,,yellowpages
Toys For Boys Miami,,,,,,+13053108915,http://toysforboysmiami.localsearch.com,"Miami, FL",,,yellowpages
In Season Boutique,,,,,,+13053589999,http://ebay.com/sch/smart-design79/m.html?_ipg=50&_sop=12&_rdc=1,"Miami, FL",,,yellowpages
Electric Ave Boutique,,,,,,+13056405745,http://facebook.com/w2besmart,"Miami, FL",,,yellowpages
Acquabella Boutique,,,,,,+13053587913,http://acquabellaboutique.localsearch.com,"Miami, FL",,,yellowpages
Clarks,,,,,,+13053710706,http://www.clarksusa.com,"Miami, FL",,,yellowpages
Kreations,,,,,,+17866313807,http://kreationsfl.localsearch.com,"Miami, FL",,,yellowpages
French Atmosphere,,,,,,+13052754108,http://frenchatmosphere.localsearch.com,"Miami, FL",,,yellowpages
Numont Group,,,,,,+17863913843,http://numontgroupfl.localsearch.com,"Miami, FL",,,yellowpages
Ella,,,,,,+17865348177,http://ellapop.me,"Miami, FL",,,yellowpages
Casual and Chic Boutique,,,,,,+13059305883,http://www.casualandchic.com,"Miami, FL",,,yellowpages
Missoni Boutique Miami,,,,,,+17869921411,https://www.missoni.com/en-hu/storelocator/united-states/miami/112-northeast-41st-street,"Miami, FL",,,yellowpages
Eco Polish Boutique,,,,,,+17074308422,https://www.eco-polishboutique.com,"Napa, CA",,,yellowpages
Wunder,,,,,,+17072577527,http://wunder.localsearch.com,"Napa, CA",,,yellowpages
Muguette Renee Boutique,,,,,,+17078169408,https://muguette-rinaldi.squarespace.com/contact,"Napa, CA",,,yellowpages
Boutique Air,,,,,,+17076909197,http://boutiqueairca.localsearch.com,"Napa, CA",,,yellowpages
Lemondrops Childrens Boutique,,,,,,+17076374489,http://lemondropschildrensboutique.localsearch.com,"Napa, CA",,,yellowpages
Crystal Boutique,,,,,,+17079275427,http://krystalsboutique.localsearch.com,"Napa, CA",,,yellowpages
The Playful Garden,,,,,,+17072588880,http://theplayfulgarden.localsearch.com,"Napa, CA",,,yellowpages
Betty's Girl Boutique,,,,,,+17072547560,https://www.bettysgirlnapa.com/couture-design,"Napa, CA",,,yellowpages
Max Studio,,,,,,+17072261432,http://www.maxstudio.com,"Napa, CA",,,yellowpages
Francesca's,,,,,,+17072601013,https://francescas.com,"Napa, CA",,,yellowpages
Casanova Boutique Inc,,,,,,+12394506844,http://www.casanovashowroom.com,"Naples, FL",,,yellowpages
Tyler Joseph,,,,,,+12392635066,http://tylerjoseph.com,"Naples, FL",,,yellowpages
Rouse,,,,,,+12396928253,http://marvindrouse.com,"Naples, FL",,,yellowpages
Kirsten's Boutique,,,,,,+12395983233,http://shopmillstead.com,"Naples, FL",,,yellowpages
Simply Me Boutique,,,,,,+12393258605,http://simplymeboutiquefl.localsearch.com,"Naples, FL",,,yellowpages
La Bella Vida Boutique,,,,,,+12396315155,http://labellavidaboutique.localsearch.com,"Naples, FL",,,yellowpages
Vogue Couture,,,,,,+12395910751,http://kellychase.com,"Naples, FL",,,yellowpages
Sophia's Consignment Boutique,,,,,,+12393259767,,"Naples, FL",,,yellowpages
Allie's Boutique,,,,,,+12392601662,http://alliesboutique.com,"Naples, FL",,,yellowpages
Bump Maternity Boutique,,,,,,+12396316477,http://bumpmaternityboutiquefl.localsearch.com,"Naples, FL",,,yellowpages
Sandal's Boutique,,,,,,+12393048183,http://sandalsboutique.localsearch.com,"Naples, FL",,,yellowpages
Bikini Barn,,,,,,+12394037118,http://bikinibarn.localsearch.com,"Naples, FL",,,yellowpages
N Color Salon,,,,,,+12395977005,http://www.ncolorsalon.com,"Naples, FL",,,yellowpages
Fendi Naples Saks,,,,,,+12392540432,https://www.fendi.com/ii-en/store-locator/united-states/5395-tamiami-trail-north,"Naples, FL",,,yellowpages
Lilly Pulitzer,,,,,,+12395131052,https://www.lillypulitzer.com/store/details/?storeId=80228-252&city=naples,"Naples, FL",,,yellowpages
Wildflower,,,,,,+12397932583,http://www.wildflowerboutique.biz,"Naples, FL",,,yellowpages
Petuninas of Naples,,,,,,+12394033550,http://www.petuniasofnaples.com,"Naples, FL",,,yellowpages
Jcc,,,,,,+12392023359,http://jccfl.localsearch.com,"Naples, FL",,,yellowpages
Oh My Gauze Inc,,,,,,+12396438556,http://www.ohmygauze.com/naples-fl-location,"Naples, FL",,,yellowpages
Francesca's,,,,,,+12392802061,https://francescas.com,"Naples, FL",,,yellowpages
It's New to You Boutique and Fine Consignment,,,,,,+12392638400,http://itsnewtoyouconsignment.com,"Naples, FL",,,yellowpages
Patchington,,,,,,+12394347182,http://patchington.com,"Naples, FL",,,yellowpages
Anavlad,,,,,,+12392639955,http://mirelabratova.com,"Naples, FL",,,yellowpages
Bonworth,,,,,,+12397936632,http://bonworth8789919.localsearch.com,"Naples, FL",,,yellowpages
Screen Repair of Naples,,,,,,+12394501360,http://screenrepairofnaplesfl.localsearch.com,"Naples, FL",,,yellowpages
Dillard's,,,,,,+12392614100,http://www.dillards.com,"Naples, FL",,,yellowpages
Coastland Center,,,,,,+12392627100,https://www.coastlandcenter.com/en?cmpid=lc_yext_yext_other_o_none&utm_medium=local&utm_source=other&utm_content=none,"Naples, FL",,,yellowpages
Bealls Department Store,,,,,,+12397930769,http://www.beallsflorida.com,"Naples, FL",,,yellowpages
T.J. Maxx,,,,,,+12396491553,https://tjmaxx.tjx.com/store/index.jsp,"Naples, FL",,,yellowpages
Nike - New York,,,,,,+12122438560,http://www.nike.com,"New York, NY",,,yellowpages
Chopard,,,,,,+12122232304,https://www.chopard.com/en-us/store-locator/allstores/northamerica/united-states-of-america/new-york/2116-16-163010950.html,"New York, NY",,,yellowpages
Zara,,,,,,+12125644433,http://zara472753282.localsearch.com,"New York, NY",,,yellowpages
Taroo,,,,,,+12128615343,http://www.taroonyc.com,"New York, NY",,,yellowpages
Emilio Pucci Boutique,,,,,,+12127524777,https://emiliopucci.com,"New York, NY",,,yellowpages
Vivaldi Boutique,,,,,,+12127342805,http://www.vivaldi-ny.com,"New York, NY",,,yellowpages
7-Eleven,,,,,,+12124100375,https://www.7-eleven.com/locations/ny/new-york/1642-lexington-ave-37104,"New York, NY",,,yellowpages
The SPAaaht,,,,,,+19174982814,http://www.thespaaaht.com,"New York, NY",,,yellowpages
Design,,,,,,+12129669651,http://frcdesign.com,"New York, NY",,,yellowpages
The Silk Shop,,,,,,+12125713130,http://thesilkshop.localsearch.com,"New York, NY",,,yellowpages
88 Spa Inc,,,,,,+12127790888,http://oasisdayspanyc.com,"New York, NY",,,yellowpages
Longines Boutique,,,,,,+12122672397,https://www.longines.com/en-my/store/united-states/new-york/longines-boutique/id/179292,"New York, NY",,,yellowpages
Peacock Boutiques,,,,,,+12123492441,http://peacockboutiques.localsearch.com,"New York, NY",,,yellowpages
Pak Car Boutique Corp,,,,,,+12129626931,http://pakcarboutiquecorp.localsearch.com,"New York, NY",,,yellowpages
Gary Graham,,,,,,+12122748940,http://garygraham.localsearch.com,"New York, NY",,,yellowpages
Valley Tribeca,,,,,,+12122190695,http://www.valleytribeca.com,"New York, NY",,,yellowpages
Canal Street Designs dba Mystic Boutique,,,,,,+12122267142,http://canalstreetdesignsdbamysticboutique.localsearch.com,"New York, NY",,,yellowpages
The New Cruelty,,,,,,+12122198777,http://newcruelty.com,"New York, NY",,,yellowpages
185 Fashion incorporated,,,,,,+16468526578,http://185fashionincorporated.localsearch.com,"New York, NY",,,yellowpages
Lalibelo Ltd,,,,,,+12129252779,http://lalibeloltd.localsearch.com,"New York, NY",,,yellowpages
Osswald,,,,,,+12126253111,http://www.osswaldnyc.com,"New York, NY",,,yellowpages
If Soho New York,,,,,,+12123344964,https://ifsohonewyork.com/pages/contact,"New York, NY",,,yellowpages
Alc & Co,,,,,,+12122192410,http://alccony.localsearch.com,"New York, NY",,,yellowpages
And More Service Inc,,,,,,+12129660115,http://andmoreserviceinc.localsearch.com,"New York, NY",,,yellowpages
3 Ny,,,,,,+12129416500,http://3nyny.localsearch.com,"New York, NY",,,yellowpages
Iro Inc,,,,,,+12129252290,http://iroincny.localsearch.com,"New York, NY",,,yellowpages
Weekend Max Mara,,,,,,+16503231740,https://store.weekendmaxmara.com?utm_source=google&utm_medium=organic&utm_campaign=yext&y_source=1_mti1mtexmtutntuzlwxvy2f0aw9ulndlynnpdgu%3d,"Palo Alto, CA",,,yellowpages
Safeway,,,,,,+16503218400,https://local.safeway.com/safeway/ca/palo-alto/2811-middlefield-rd.html,"Palo Alto, CA",,,yellowpages
Nordstrom Rack East Palo Alto,,,,,,+16507982022,https://stores.nordstromrack.com/us/ca/east-palo-alto/1771-e-bayshore-rd?utm_source=other&utm_medium=organic&utm_campaign=rack&utm_content=472&utm_channel=low_nd_seo_local&sp_source=other&sp_campaign=rack,"Palo Alto, CA",,,yellowpages
Bloomingdale's,,,,,,+16504632000,https://www.bloomingdales.com/stores/ca/paloalto/stanford-shopping-center_31.html,"Palo Alto, CA",,,yellowpages
Hermes,,,,,,+16503212466,http://www.hermes.com,"Palo Alto, CA",,,yellowpages
Wilkes Bashford,,,,,,+16503227080,http://www.wilkesbashford.com,"Palo Alto, CA",,,yellowpages
Louis Vuitton Palo Alto,,,,,,+16503282801,https://us.louisvuitton.com/eng-us/point-of-sale/usa/louis-vuitton-palo-alto-?utm_source=yext&utm_medium=organic&utm_campaign=store_listing_storepage,"Palo Alto, CA",,,yellowpages
Nordstrom,,,,,,+16503235111,http://www.nordstrom.com,"Palo Alto, CA",,,yellowpages
"Alexander Daas Retail V, Inc",,,,,,+16503269111,http://alexanderdaasretailvinc.localsearch.com,"Palo Alto, CA",,,yellowpages
Livegreene,,,,,,+16503310700,http://livegreene.localsearch.com,"Palo Alto, CA",,,yellowpages
Target,,,,,,+16503252018,http://target539001719.localsearch.com,"Palo Alto, CA",,,yellowpages
Napa Valley Scents,,,,,,+16508882480,http://napavalleyscents.localsearch.com,"Palo Alto, CA",,,yellowpages
Tere's Boutique,,,,,,+16503640239,http://start.cortera.com/company/research/k2m8srq4o/teres-boutique,"Palo Alto, CA",,,yellowpages
Maribel's Boutique,,,,,,+16505569605,http://maribelsboutique.localsearch.com,"Palo Alto, CA",,,yellowpages
Raquel's Boutique,,,,,,+16508143373,http://raquelsboutique.localsearch.com,"Palo Alto, CA",,,yellowpages
Menlo Park Inn,,,,,,+16503267530,https://www.menloparkinn.com?utm_medium=organic&utm_source=yext&utm_campaign=website-link,"Palo Alto, CA",,,yellowpages
Walmart Wireless Services,,,,,,+16509170796,https://www.walmart.com,"Palo Alto, CA",,,yellowpages
Ameribanker Luxury Real Estate,,,,,,+16505204547,https://ameribanker.com/846-Oak-Grove-Ave,"Palo Alto, CA",,,yellowpages
Meineke Car Care Center,,,,,,+16503819814,https://www.meineke.com/locations/ca/redwood-city-699/?utm_source=google&utm_medium=organic&utm_campaign=gbp_website,"Palo Alto, CA",,,yellowpages
Sears,,,,,,+16509176000,http://www.shs.com/LICENSE,"Palo Alto, CA",,,yellowpages
Village Mail Center Plus,,,,,,+16509490960,https://www.villagemailcenter.com,"Palo Alto, CA",,,yellowpages
Los Altos Rancho Shopping Center L P A California Limited Partnership,,,,,,+16502093232,http://losaltosranchoshoppingcenterlpacalifornialimitedpartnership.localsearch.com,"Palo Alto, CA",,,yellowpages
Union Square Marketplace,,,,,,+16509381888,http://unionsquaremarketplace.localsearch.com,"Palo Alto, CA",,,yellowpages
Matisse Software Inc,,,,,,+16502913318,http://matisse.com/contact_us/terms_of_use.html,"Palo Alto, CA",,,yellowpages
99 Cents Store,,,,,,+16503641860,http://99only.com,"Palo Alto, CA",,,yellowpages
Kohl's,,,,,,+16509171026,http://kohls22970393.localsearch.com,"Palo Alto, CA",,,yellowpages
Applied Physics Sys Inc,,,,,,+16509654161,http://www.appliedphysics.com,"Palo Alto, CA",,,yellowpages
Apricot Lane,,,,,,+16502095961,http://apricotlaneusa.com,"Palo Alto, CA",,,yellowpages
B Chic Fashions,,,,,,+16505989331,http://www.bchicfashions.com,"Palo Alto, CA",,,yellowpages
Makery Los Altos,,,,,,+16503975613,http://makerylosaltos.localsearch.com,"Palo Alto, CA",,,yellowpages
Fina Boutique,,,,,,+16509483462,http://finaboutique.localsearch.com,"Palo Alto, CA",,,yellowpages
Look,,,,,,+16502833537,http://look526470448.localsearch.com,"Palo Alto, CA",,,yellowpages
Oz Boutique,,,,,,+16509411414,http://ozboutiques.com/dresses,"Palo Alto, CA",,,yellowpages
Azil,,,,,,+14155522335,http://azil.localsearch.com,"San Francisco, CA",,,yellowpages
Caribbean Gawdess Boutique,,,,,,+14155574400,http://caribbeangawdessboutique.localsearch.com,"San Francisco, CA",,,yellowpages
Booty Boutique,,,,,,+14155157720,https://www.bootyboutique.com,"San Francisco, CA",,,yellowpages
Therapy Store,,,,,,+14158650981,http://shopattherapy.com,"San Francisco, CA",,,yellowpages
Emerald Boutique,,,,,,+14153411125,http://emeraldboutiqueca.localsearch.com,"San Francisco, CA",,,yellowpages
Ambiance Sf,,,,,,+14155254056,http://ambiancesf.com,"San Francisco, CA",,,yellowpages
Unique Boutique,,,,,,+14154411964,http://uniqueboutique476089832.localsearch.com,"San Francisco, CA",,,yellowpages
Salvatore Ferragamo Boutique,,,,,,+14152430938,http://ferragamo.com,"San Francisco, CA",,,yellowpages
In Style Boutique,,,,,,+14152438638,http://instyleboutique480715491.localsearch.com,"San Francisco, CA",,,yellowpages
Yumi Boutique,,,,,,+14153468288,http://www.amikosf.com,"San Francisco, CA",,,yellowpages
Fibers of Being,,,,,,+14156587236,https://shopfibersofbeing.com,"San Francisco, CA",,,yellowpages
St John Apparel,,,,,,+14158560420,http://stjohnapparel.localsearch.com,"San Francisco, CA",,,yellowpages
45 Rpm,,,,,,+14153590045,https://45rglobal.com/blogs/shop,"San Francisco, CA",,,yellowpages
The Finerie,,,,,,+14156559345,https://www.thefineriesf.com,"San Francisco, CA",,,yellowpages
V-Boutique,,,,,,+14157570043,http://vboutiquesf.com,"San Francisco, CA",,,yellowpages
Dely's Boutique,,,,,,+14158413340,https://delysboutique.com,"San Francisco, CA",,,yellowpages
Afterlife Boutique,,,,,,+14157962398,https://afterlifeboutique.com/pages/contact-us,"San Francisco, CA",,,yellowpages
Picnic,,,,,,+14153466556,https://www.picnicsf.com/pages/contact-us,"San Francisco, CA",,,yellowpages
Ruti,,,,,,+14154414412,https://ruti.com/pages/stores-sf,"San Francisco, CA",,,yellowpages
King of Fashions,,,,,,+14156414634,https://www.kingathletics.ca,"San Francisco, CA",,,yellowpages
Wellendorff Boutique,,,,,,+14158729654,http://wellendorff.com/en/san-francisco,"San Francisco, CA",,,yellowpages
The Rafaels Boutique,,,,,,+14159746772,https://www.therafaels.com/carol-perez,"San Francisco, CA",,,yellowpages
Aegean Delights,,,,,,+14158292019,https://aegeandelights.com,"San Francisco, CA",,,yellowpages
Cris Zander Design,,,,,,+14154741191,http://criszanderdesign.localsearch.com,"San Francisco, CA",,,yellowpages
Mix's Fashion,,,,,,+14159561638,http://mixsfashion.localsearch.com,"San Francisco, CA",,,yellowpages
K And A Boutique,,,,,,+14159821188,http://kandaboutique.localsearch.com,"San Francisco, CA",,,yellowpages
Purist Boutique,,,,,,+14157963821,http://puristboutique.localsearch.com,"San Francisco, CA",,,yellowpages
Sf Wonderland,,,,,,+14156414600,http://wonderlandsf.com,"San Francisco, CA",,,yellowpages
Piedmont Boutique,,,,,,+14158648075,http://www.piedmontboutique.com,"San Francisco, CA",,,yellowpages
Foxglove,,,,,,+14156417770,http://foxglovestyle.com,"San Francisco, CA",,,yellowpages
A A Boutique,,,,,,+14159569928,http://aaboutiqueca.localsearch.com,"San Francisco, CA",,,yellowpages
My Roommates Closet,,,,,,+14157767800,http://shopmrc.com,"San Francisco, CA",,,yellowpages
Carmen,,,,,,+14809411111,https://www.carmencherryaesthetics.com/meet-carmen,"Scottsdale, AZ",,,yellowpages
Omega Boutique,,,,,,+14804219820,http://omega.com,"Scottsdale, AZ",,,yellowpages
One5 1 Premium Mens Boutique,,,,,,+14809452286,https://one51store.com/pages/contact-us,"Scottsdale, AZ",,,yellowpages
At Ease,,,,,,+14809473800,http://ateaseaz.localsearch.com,"Scottsdale, AZ",,,yellowpages
Zara,,,,,,+14809472236,http://www.groupusa.com,"Scottsdale, AZ",,,yellowpages
Royale,,,,,,+14809941394,http://royaleaz.localsearch.com,"Scottsdale, AZ",,,yellowpages
Covet,,,,,,+14809493000,http://covetaz.localsearch.com,"Scottsdale, AZ",,,yellowpages
Kina's Boutique,,,,,,+14802752020,http://kinasboutiqueaz.localsearch.com,"Scottsdale, AZ",,,yellowpages
Twice,,,,,,+14804281518,https://fomo-az.com/pages/about-us,"Scottsdale, AZ",,,yellowpages
Canine's Boutique Inc,,,,,,+14809490800,https://www.shopcarine.com/pages/locations,"Scottsdale, AZ",,,yellowpages
Voila Boutique,,,,,,+14809453864,http://voilaboutiqueaz.com,"Scottsdale, AZ",,,yellowpages
Carines Boutique,,,,,,+14806868533,http://carinesboutique542187647.localsearch.com,"Scottsdale, AZ",,,yellowpages
Fashion By Robert Black,,,,,,+14806647778,https://www.fashionbyrobertblack.com,"Scottsdale, AZ",,,yellowpages
Pretty Please Collective,,,,,,+14802561686,https://www.prettypleasecollective.com/new-location,"Scottsdale, AZ",,,yellowpages
Easterbelle's Emporium,,,,,,+14809417200,http://easterbellesemporium.localsearch.com,"Scottsdale, AZ",,,yellowpages
Crush,,,,,,+14806076510,http://paradisevalleyboutique.comshopcrushaz.com,"Scottsdale, AZ",,,yellowpages
Carines Boutique,,,,,,+14804833888,http://carinesboutiqueaz.localsearch.com,"Scottsdale, AZ",,,yellowpages
The Dental Boutique P,,,,,,+14805313631,https://thedentalboutique.com,"Scottsdale, AZ",,,yellowpages
Gifted Boutique,,,,,,+14804542704,http://accel.org,"Scottsdale, AZ",,,yellowpages
Aqua Boutique,,,,,,+14802193424,http://aqua.boutique,"Scottsdale, AZ",,,yellowpages
Sadie Jane Boutique,,,,,,+14802479157,http://sadiejaneboutique.localsearch.com,"Scottsdale, AZ",,,yellowpages
Boutique Bully,,,,,,+16024108818,http://boutiquebully.localsearch.com,"Scottsdale, AZ",,,yellowpages
Beautiful Spirit Boutique,,,,,,+14803688863,http://beautifulspiritboutique.localsearch.com,"Scottsdale, AZ",,,yellowpages
Dominique R,,,,,,+14803145577,http://dominiquer.localsearch.com,"Scottsdale, AZ",,,yellowpages
Te Boutique,,,,,,+14802752560,http://cheekychicbb.com,"Scottsdale, AZ",,,yellowpages
Carine's Boutique Inc,,,,,,+14809919789,http://www.carinew.com,"Scottsdale, AZ",,,yellowpages
Ruby Boutique,,,,,,+14805387817,http://rubyboutique.localsearch.com,"Scottsdale, AZ",,,yellowpages
Te' Boutique,,,,,,+14805960111,http://teboutique.localsearch.com,"Scottsdale, AZ",,,yellowpages
La Foi Boutique,,,,,,+14806640887,http://lafoiboutiqueaz.localsearch.com,"Scottsdale, AZ",,,yellowpages
