company,owner,owner_title,email,owner_linkedin,company_linkedin,phone,website,location,fit_score,notes,source
Standard Optometry,Dr. Lisa Lo,Owner & Optometrist (OD),info@standardopt.com,,,+16509171342,http://www.standardopt.com,"Palo Alto, CA",5,"Formerly Standard Optical (run by her father Mike Lo, 17+ yrs); 4000+ designer frames and sunglasses; ortho-K; Insurance page; glasses often ready in 2 days. Palo Alto, 1 location.",yellowpages
Acuity Vision Boutique,Dr. Lyndi Fandino Schmidt,Lead Doctor,,,,+14156732020,https://acuityvision.com,"San Francisco, CA",5,"SF 'Optometry Boutique'; frames, lenses, sunglasses, brands pages; Insurance & Payment page; kids and contact lens exams; reviews praise 'Lyndi and her team'. Email obfuscated.",yellowpages
Hiura & Hiura OD's,Dr. Ronald Hiura,Co-owner & Optometrist (OD),,,,+14157762352,http://www.drhiura.com,"San Francisco, CA",5,"Third-generation family-owned SF optometry since 1949 (Drs. Ronald and Chris Hiura). Claims one of the biggest frame selections in SF, sunglasses, featured brands, insurance accepted.",yellowpages
DeClark Craig M,Dr. Craig M. DeClark,Owner & Optometrist (OD),,,,+17738696157,http://www.declark.com,"Chicago, IL",5,"Craig M. DeClark OD PC, Chicago. Eyewear gallery with designer frames and sunglasses, sports vision, employee safety eyewear program, specialty contacts. Has vision insurance page.",yellowpages
Vanderbilt Optical,Dr. Jason Eugenides,Owner & Optometrist (OD),vboptical@gmail.com,,,+12396431724,https://www.vanderbiltoptical.com,"Naples, FL",5,"Naples optical with designer eyewear and frames, eye exams for kids and adults, in-house retina camera (no drops), contacts. Accepts most vision insurance.",yellowpages
"Calabrese, Theodore J, OD",Dr. Theodore J. Calabrese,Lead Optometrist (OD),,,,+16312836226,https://southamptonoptics.com,"Southampton, NY",5,"Southampton Optiks, founded 1975, Hamptons family eye care. In-office lab for same-day glasses, Tom Ford, Versace, Oakley. Myopia management, Lions Club ties. Has insurance page.",yellowpages
Dr. Meryl Brownstein,Dr. Meryl Brownstein,Owner & Optometrist (OD),,,,+12036612255,http://www.drmbeyes.com,"Greenwich, CT",5,"Cos Cob private practice 25 years. Fashion eyewear/sunglasses: Valentino, Prada, Tiffany, Ray Ban. Insurance plus itemized receipts for flexible spending account.",yellowpages
Boca Family Eye Care,Dr. Jonathan Nebb,Co-founder & Optometrist (OD),drnebb@bocafamilyeye.com,,https://www.linkedin.com/company/boca-family-eye-care,+15614790521,http://www.bocafamilyeye.com,"Boca Raton, FL",5,Founded by Drs. Jonathan and Rachel Nebb; 2 Boca locations; 'Boca's largest selection of designer eyewear'; posts 'use your vision benefits before they run out'. Pediatric exams.,yellowpages
"VisionCare Unlimited: Vivienne Rosenbusch, OD",Dr. Vivienne Rosenbusch,Optometrist (OD),visioncare1@bellsouth.net,,,+15612415665,https://visioncareunlimited.com,"Boca Raton, FL",5,"Boca Raton optometrist since 1993. High-end designer to affordable frames, emergency exams. Out of network for most plans but submits to insurance for reimbursement.",yellowpages
Vision Concept,Dr. Phuong Doan,Optometrist (OD),hello@visionconcepthtx.com,,,+12814074886,https://www.visionconcepthtx.com,"Houston, TX",5,"Houston (77065) optometry with optical boutique and designer frames, pediatric and specialty exams, contacts. Insurance and payment page. Single doctor listed.",yellowpages
Westside Eye Care,Dr. Thao Nguyen,"Optometrist (OD), practice lead",,,,+12815317020,http://www.westsideeyecarehouston.com,"Houston, TX",5,"Private practice, Houston Energy Corridor; Gucci, Dolce & Gabbana, Prada, Carrera, Ray-Ban; insurance filing and FSA/HSA invoices; CareCredit; open 6 days, late hours.",yellowpages
20/20 EyeCare - Carbondale,Dr. Mark Zilm,Owner (second generation),coopervisionpromos@360incentives.com,,,+19709633937,https://2020eyecare.com,"Aspen, CO",5,"20/20 Eyecare, founded 50+ yrs ago by Dr. William Zilm, now run by son Dr. Mark Zilm; Glenwood Springs and Carbondale CO; luxury frames, sports eyewear; Insurance page.",yellowpages
Cumberland Pointe Eye Care,Dr. Thomas Arey,Co-owner & Optometrist (OD),,,,+16784838767,http://www.atlantaeyecare.com,"Atlanta, GA",5,"Atlanta Eye Care owned by Drs. Arey, Alexander, Walker; 2 Alpharetta locations, Windward opened 2003; top designer frames, Rx sunglasses, sports eyewear; insurance page.",yellowpages
Vision Boutique,Dr. Jason Tu,Owner & Optometrist (OD),,,,+18583504980,http://www.visionboutique.com,"San Diego, CA",5,"Vision Boutique Optometry, Carmel Valley, San Diego. Curated fine eyewear brands, insurance partners page. Dr. Tu's family came from Vietnam in 1979. Patients 10+ years. Also Dr. Kevin Reeder.",yellowpages
Blink Boutique Eyecare & Eyewear P,Dr. Kimberly Pham,Co-Founder & Optometrist (OD),info@blinkgeorgetown.com,,,+17372258644,https://www.blinkgeorgetown.com,"Austin, TX",5,"Georgetown TX boutique eyecare + eyewear, female co-founded ('Female Power Pair', Women In Optometry); featured brands, insurances page, glaucoma specialist. Dr. Alyssa Garza also OD.",yellowpages
McCormick Vision Source,Dr. Michael N. McCormick,Owner & Optometrist (OD),,,,+15122582020,http://www.mccormickvision.com,"Austin, TX",5,"McCormick Vision Source, Austin, serving since 1989, new location at The Stratum. Designer frames, insurance page, dry eye care. Also Dr. Julia Emery and Dr. Jerny Scotty.",yellowpages
Sacks Optical Boutique,Robert Sacks,Owner (M.D.),,,,+13102751676,http://sacksoptical.com,"Beverly Hills, CA",4,"Family owned independent optical since 2009, began inside a medical office building in LA. Curates independent brands: Cutler & Gross, Great Frog, Lindberg. Sunglasses. No insurance/FSA mention.",yellowpages
Uber Eyes Optometry,Dr. Xiao Xiao,Optometrist (OD),,,,+16503213382,http://www.ubereyes.com,"Palo Alto, CA",4,"Midtown Palo Alto since 2009, solo OD (UC Berkeley). Carries collections only from independent vendors. Google Glass preferred provider. No insurance/FSA mention.",yellowpages
Eye Sight Solutions Optometry,Dr. Yura Kim,Optometrist (OD),eyesightoptometry@gmail.com,,,+16509483260,http://www.eyesightsolutions.net,"Palo Alto, CA",4,"Doctor-owned optometry in Mountain View; curated designer frames, dry eye therapy, myopia control, specialty contacts. Has an insurance page. Second OD: Megan Tai. Owner not explicitly named.",yellowpages
Eye City Optometry,Dr. Oanh Kha,Optometrist (OD),info@eyecitymv.com,,,+16509612020,http://www.eyecityoptometry.com,"Palo Alto, CA",4,"Mountain View optometry with 2000+ frames incl Ray-Ban, Gucci and unique world brands. In-network VSP, EyeMed, Aetna, Cigna. Dr. Kha 16+ yrs, myopia control (CRT, MiSight). Online contact ordering.",yellowpages
AccuVision Optometry,Dr. Amy Thich,Optometrist (OD),accuvisionsf@gmail.com,,,+14154090888,http://accuvisionsf.com,"San Francisco, CA",4,"SF optometry with 1,000+ frames incl. Ray Ban, Gucci, Prada, sunglasses and budget frames. Insurance plans page. Evening and weekend appointments.",yellowpages
Kurtbay Optometry,Dr. Yunus C. Kurtbay,Owner & Optometrist (OD),,,,+14157595448,http://www.drkurtbayoptometry.com,"San Francisco, CA",4,"Family practice in SF; son Dr. Timur Kurtbay OD also practices. Frame stylists, featured brands, designer French frames, Payment & Insurance page. Turkish spoken. Online shop not mentioned.",yellowpages
Visionarium Optometry,Dr. Chester Quan,Optometrist (OD),visionarium@sbcglobal.net,,,+14157535338,http://visionarium-sf.com,"San Francisco, CA",4,"SF optometry, Dr. Quan serving 30+ years. Luxury frame brands, ran BOGO 30% off frames Nov 24-26. Kids exams, myopia control, dry eye, OCT-A. No insurance mention.",yellowpages
B & B Shelle Optical,Dr. Julie Becker,Owner & Optometrist (OD),,,,+13128775938,https://www.shelleoptical.com,"Chicago, IL",4,"Shelle Optical, Chicago, family business since 1982 founded by Phil Becker, now led by daughter Dr. Julie Becker. 2 locations. Low vision, multifocals, dry eye, eyewear selection.",yellowpages
Village Eyecare-South Loop,Dr. Satti Sarai,Owner & Optometrist (OD),,,https://www.linkedin.com/company/village-eyecare,+13126634250,http://www.villageeyecare.net,"Chicago, IL",4,"Chicago optometry 50+ yrs; Tom Ford, designer sunglasses, 'Village Eyewear'; Insurance page; large keratoconus clinic, ortho-K; 7 ODs; several Chicago locations.",yellowpages
Family Eyecare Of Scottsdale,Dr. Armanae Mancha,Owner & Optometrist (OD),,,,+14804193900,http://www.visionsource-familyeyecarescottsdale.com,"Scottsdale, AZ",4,"Family Eyecare of Scottsdale since 1975 (Vision Source site); Dr. Mancha acquired it in 2020; 3 ODs; Lenses and Frames, Brands We Offer; dry eye IPL. No insurance/FSA text.",yellowpages
Terry R Van Der Heyden OD-Vision Source,Dr. Terry R. Van Der Heyden,Owner & Optometrist (OD),info@visionsource-naples.com,,,+12392615915,https://visionsource-naples.com/vision-care-products/contacts,"Naples, FL",4,"Naples optometry practice since 1974, member of Vision Source. Lenses and frames, contact lenses, emergency exams. Insurance information page.",yellowpages
Eye Care of Southwest Florida,Dr. Jill Sagona,Optometrist (OD),,,,+12396316451,http://www.eyecareofswfl.com,"Naples, FL",4,"Naples optometry, Dr. Sagona (Nova Southeastern OD 2003). Curated designer frame brands page, payment and insurance page, pediatric and specialty contacts, emergency visits.",yellowpages
Main Street Optics,Dr. Robert Ruggiero,Co-Founder & Optometrist (OD),,,,+16312877898,https://www.mainstreetoptics.com,"Southampton, NY",4,"Founded 2004 by Dr. Ruggiero and optician Kevin Palmer; Barton Perreira, Oliver Peoples, Retrospecs vintage, Lindberg, Tom Davies bespoke. Southampton NY. Email obfuscated.",yellowpages
East Hampton Optical,Mark Roeloffs,Co-founder & Optician (FNAO),,,,+16313292020,http://www.easthamptonoptical.com,"Southampton, NY",4,"Roeloffs' East Hampton Optical, family owned, roots to 1926; practice co-founded 1989 by Mark and Dr. Kurt Roeloffs, led by Mark 20+ years. Dr. Adriana Sviedrys OD. Glasses, contacts.",yellowpages
20/20 Optical Inc,Edward Mamelok,Owner & Licensed Optician,info@20-20optical.com,,,+12036982255,http://www.20-20optical.com,"Greenwich, CT",4,"Owner operated since 1991, Greenwich. On-site lab, same day service, exclusive brands, 20/20 Kids with CT's largest kids eyewear selection, sports eyewear. No insurance/FSA mention.",yellowpages
Greenwich Eye Care,Dr. Inna Lazar,Owner & Optometrist (OD),,,https://www.linkedin.com/company/greenwich-eye-care-corp,+12036985049,https://www.drinnalazar.com,"Greenwich, CT",4,"PRO EYECARE, Dr. Inna Lazar's practice in Greenwich and Darien, CT (2 locations). Designer eyewear, concierge services, Rx sunglasses, Stellest myopia control glasses for kids.",yellowpages
Rick Crolla Rick-New Canaan Eye,Dr. Rick Crolla,Owner & Optometrist (OD),,,,+12039669480,http://newcanaaneye.com,"Greenwich, CT",4,"New Canaan Eye Associates, downtown New Canaan since 1984 (founded by father-in-law Dr. Ed Sawicky). Eyewear with frame stylist Sandy. No insurance/FSA mention.",yellowpages
Thrive Eye & Optical,Dr. James Chin,Owner & Optometrist (OD),,,,+12147305502,https://www.thriveeye.com/contact-us.html,"Dallas, TX",4,"Thrive Eye + Optical at The Hill Shopping Center, North Dallas. Own Thrive Eyewear, frame styling focus, Insurance & Payment Accepted page, online booking. Reviews praise frame selection.",yellowpages
Blink Vision Center,Dr. Lindsey Alexander,Lead Doctor,,,,+12143981144,https://myblinkvision.com/for-patients,"Dallas, TX",4,"Blink Vision Center, Dallas and Terrell locations; vision, medical and optical services; accepts vision insurance, mentions Flexible Spending Accounts, payment plans.",yellowpages
Unique Optical,Dr. Inna Gaston,Optometrist (OD),,,,+17135222007,https://www.unique-optical.com,"Houston, TX",4,"Unique Eye Care and Optical, Houston: optical boutique with Tom Ford, Lindberg, Oliver Peoples; IPL dry eye, MiSight myopia, kids exams. Spanish and Russian spoken.",yellowpages
Spectrum Eye Care,Dr. Trang Tran,Lead Optometrist (OD),spectrumtidwell@yahoo.com,,,+17136908439,http://www.spectrumeyes.com,"Houston, TX",4,"Founded 2000, Houston, two locations (Eldridge, Tidwell). Large selection of fashion and designer frames, full lens options, specialty contacts. Dr. Tran is a glaucoma-certified therapeutic OD.",yellowpages
"Cecil, Amy C OD, FCOVD",Dr. Amy C. Cecil,"Owner & Optometrist (OD, FCOVD)",,,,+19709275107,http://basaltoptometry.com,"Aspen, CO",4,"Basalt optometry practice and vision therapist. Glasses and frames, sunglasses, contact lenses, family eye exams, monthly patient newsletter. No insurance mention.",yellowpages
Central Square Eye Care,Dr. Geoff White,Optometrist (OD),centralsquareeyecare@gmail.com,,,+16174972015,http://www.centralsquareeyecare.net,"Boston, MA",4,"Central Square, Cambridge since 2003; hand-selected frames; on-site finishing lab; optician George Skelton with decades of experience. No insurance/FSA text.",yellowpages
Shomali & Richmond Optometrists,Dr. Barry Shomali,Principal Optometrist (OD),,,,+16174263236,http://www.drshomali.com,"Boston, MA",4,"Dr. Shomali Optometric Eye Care on Tremont St, Downtown Boston; eyeglasses, sunglasses, contact lens store; Insurance Plans page.",yellowpages
Wink Eyecare,Dr. Taline Farra,Lead Optometrist (OD),Wink@winkboston.com,,,+16172699465,http://www.winkboston.com,"Boston, MA",4,"South Boston optometry since 2014, Vision Source member. Fashionable eyewear, sunglasses, contacts, online shop link. Insurance information page. Drs. Taline Farra and Emma Fraser.",yellowpages
Eyes Over Copley,Dr. Patricia Fox,Optometrist (OD),,,https://www.linkedin.com/company/eyes-over-copley,+16178590630,https://www.eyesovercopley.com,"Boston, MA",4,"Boston (Copley) solo OD practice: exams, contacts, LASIK co-management, award winning frame selection, designer frames, Maui Jim, sunglasses. Tue to Fri hours.",yellowpages
Uptown Eye Boutique,Dr. Brian Schultz,Optometrist (OD),,,,+17705581850,http://www.uptowneyeboutique.com,"Atlanta, GA",4,"Johns Creek GA boutique: 'most exclusive collection of eyewear and sunglasses', VSP and EyeMed provider, Even Realities smart glasses, scleral lenses, pediatric exams.",yellowpages
Highland Eye Boutique,Dr. Kristie Bennett,Owner & Optometrist (OD),see@highlandeyedoctor.com,,,+14043430887,http://www.atlantaeyedoctor.net,"Atlanta, GA",4,"Highland Eye Boutique, Virginia-Highland Atlanta, opened 2010; distinctive exclusive eyeglasses and sunglasses; neighborhood feel, bulldogs Porter and Grits. No insurance text.",yellowpages
In Focus Eye Center,Dr. Mario Martinez,Owner & Optometrist (OD),mario@infocuseyes.com,,,+14045890822,http://www.infocuseyes.com,"Atlanta, GA",4,"In Focus Eye Center, Atlanta, opened 2009 (co-founder Steve is office manager/ABO optician). Claims #1 eye doctor in Atlanta on Yelp. Also Dr. Lindsey Eisenberg, OD.",yellowpages
"McFerren, Leah OD",Dr. Leah J. McFerren,Owner & Optometrist (OD),,,,+14047683500,http://www.drleahmcferren.com,"Atlanta, GA",4,"Leah J. McFerren OD PC, College Park GA. 50% off frames with lenses, lens packages, virtual try-on, online frames-only shop, glasses/contact order forms. Mentions insurance.",yellowpages
Southern Eye Specialists PC OD,Dr. Rohit Sharma,Lead Optometrist (OD),,,,+14043443556,http://www.southerneyespecialists.com,"Atlanta, GA",4,"Eye Center of Atlanta / Southern Eye Specialists led by Dr. Sharma; curated designer frames, sunglasses, contacts; vision insurance pages; family care ages 1 to 100.",yellowpages
Hillcrest Optical,Lisa,Owner & Optician,lisa@hillcrestoptical.com,,,+16192983586,http://www.hillcrestoptical.com,"San Diego, CA",4,"Independently owned optical boutique in Banker's Hill, 60+ yrs (began as San Diego Optical). Independent designer frames, vintage collection, gift certificates. Owner Lisa in optical since 1990. No insurance mention.",yellowpages
Turn Up Vision Inc,Phil Harris,Founder & Optician,eyesonfifth@yahoo.com,,,+16192313937,https://www.eyesonfifth.com,"San Diego, CA",4,"Eyes on Fifth, Gaslamp Quarter, open 7 days. Third-generation optician owner, curated eclectic eyewear, custom frames incl SPEXWAX vinyl record frames. Online cart, virtual try-on. No insurance mention.",yellowpages
Eye Desire Eyecare and Optical Boutique,Dr. David M. Roth,Founder & Optometrist (OD),,,,+13056731211,http://www.eyedesire.com/home,"Miami, FL",4,"Family run by 3 generations of optometrists since the 1960s; Eye Desire opened 2002 in Miami Beach, Dr. Ashley Roth joined 2014. Optical boutique, specialty contacts, insurance page.",yellowpages
Sunset Eyes Optical,Mark Hunter,Owner,sunseteyeoptical@gmail.com,,,+13054124840,http://www.sunsetoptical.net,"Miami, FL",4,"Miami optical, 25+ years; owner from family of Miami optical shop owners. In-store lab, luxury brands, optometrist exams, free exam with eyewear purchase offer. Bilingual site.",yellowpages
Pro-Vision Care Center,Dr. Amalfi Blanco,"Founder, CEO & Optometrist (OD)",info@provisioncarecenter.com,,,+13052646991,https://www.provisioncarecenter.com,"Miami, FL",4,"Pro-Vision Advanced Eye Care & Aesthetics, Miami: OD-founded, large frame selection, specialty contacts, plus skincare aesthetics. Bilingual English/Spanish. Gift cards.",yellowpages
Clear Vision Optometry Inc,Dr. Leyen Lim,Owner & Optometrist (OD),,,,+13236636871,http://www.opticalsolution.net,"Los Angeles, CA",4,"Optical Solution Optometry, LA, 10+ yrs. Dr. Lim (PCO 2002) runs the practice, specialty in hard-to-fit contacts (keratoconus, multifocal). Eyewear, specials and insurance pages. Evening/Sat hours.",yellowpages
Westlake Optical,Samuel E. Johnson,Owner & Master Optician (O.O.),,,,+15123284733,http://www.westlakeoptical.com,"Austin, TX",4,"Actually in Lincoln County, New Mexico (575). Sam and Michelle Johnson, Ophthalmic Opticians, 2018 Optician of the Year; Shop page; affordable packages if not on your insurance.",yellowpages
Ballard Optical,Dr. Harshani Amaraweera,Lead Optometrist (OD),,,,+12067842090,http://www.ballardoptical.com,"Seattle, WA",4,"Ballard Optical, Market St Seattle, founded late 1970s, 40+ years. Accepts most vision and medical plans, glasses and contacts. Dr. Amaraweera heads the team (ownership not stated).",yellowpages
Globe Optical,Dr. Man-Yin Lau,Optometrist (OD),,,,+12066227002,http://www.globeoptical.qwestoffice.net,"Seattle, WA",4,"Downtown Seattle: hundreds of frames, sunglasses, kids and sport/safety goggles; VSP preferred provider plus Regence, Premera, Aetna, Medicare, Medicaid; discounts for non-insured.",yellowpages
"Adachi, Peter K OD",Dr. Peter K Adachi,Owner & Optometrist (OD),,,,+12066222993,http://dradachi.com,"Seattle, WA",4,"Downtown Seattle optometry, 20+ yrs; Seattle native, UW grad; Frame Brands and Lenses and Frames pages; Insurance Information page; contact lens care.",yellowpages
Okura Darlene T OD,Dr. Darlene T. Okura,Owner & Optometrist (OD),,,,+17076431003,https://www.eyecarevallejo.com,"Napa, CA",4,"Vallejo optometry in business since 1993. Designer frames incl. Costa, Vera Wang, Ferragamo, Calvin Klein, Marchon, Flexon. Specialty contacts. Military and senior discounts.",yellowpages
Anzalone Linda OD,Dr. Linda Anzalone,Optometrist (OD),coopervisionpromos@360incentives.com,,,+17074290301,http://solanoeyecare.net,"Napa, CA",4,"Solano Eye Care, Fairfield. Optical boutique with hundreds of frames, on-site lab, CRT, myopia control, insurance. Best Optometrist nominee 2009. Listing is in Dr. Anzalone's name; ownership not stated.",yellowpages
"Kevin Dr., Martin Optometrist",Dr. Kevin Martin,Optometrist (OD),,,,+17079383937,http://www.sonomaoptometrycenter.com,"Napa, CA",4,"Sonoma Optometry Center with Dr. Kevin and Dr. Laura Martin. Optical and sunglass boutique: Ray-Ban, Oakley, Maui Jim, Prada. Packages from $129. 2024 People's Choice best eyeglass store.",yellowpages
Rika Optique,Rita Barrera,Owner & Certified Optician,info@rikaoptique.com,,,+17073431620,http://rikaoptique.com,"Napa, CA",4,"Optical boutique founded by Rita Barrera (Napa native, ~30 yrs, bilingual); theo and independent designer frames, bi-monthly trunk shows, sports eyewear for students. No insurance mention.",yellowpages
Lux Eyewear,,,info@luxpaloalto.com,,,+16503243937,https://www.luxpaloalto.com,"Palo Alto, CA",4,"Palo Alto luxury eyewear stylists; curated independent brands not found in mainstream retail, designer frames and sunglasses, eye exams on site. 1 location. No insurance/FSA mention.",yellowpages
Peninsula Optical Co Inc,,,malina@peninsulaoptical.com,,,+16503268415,https://www.peninsulaoptical.com,"Palo Alto, CA",4,"Palo Alto optical shop carrying Cartier, DITA, Oliver Peoples, Tom Ford. Has brands and gallery pages. No insurance or FSA mention. Single location.",yellowpages
Los Altos Optometric Group,,,,,,+16509483700,http://www.losaltoseyes.com,"Palo Alto, CA",4,"OD practice in Los Altos with Optical Boutique and designer eyeglasses; Drs. Aaron Neufeld and Matthew Tran. Myopia control, specialty contacts, insurance page. Reviews praise frame selection.",yellowpages
Elan Optical,,,,,,+14156268301,https://www.elanoptical.com,"San Francisco, CA",4,"Independent SF optical since 1986; large designer frame and sunglass selection (Cartier, Dita), in-house lab, ABO-certified opticians, Essilor Visioffice. Has insurance info page.",yellowpages
Eyes In Disguise Optometry,,,,,,+14154745321,http://www.eyesindisguise.com,"San Francisco, CA",4,"Cow Hollow, SF optometry blending eye care with luxury handmade and bespoke eyewear; Maui Jim dealer. iProfiler and OCT exams. Insurance and Payments page. Dr. Michelle Blas mentioned. No online shop seen.",yellowpages
Halsted Eye Boutique,,,info@chicagoeyedr.com,,,+17735491111,https://www.chicagoeyedr.com,"Chicago, IL",4,"Independent Chicago optical since 2007, plus sister shop Eye See Ravenswood (2 locations). Brands: Dita, Lindberg, Tom Ford, Etnia Barcelona, John Varvatos. Online shop/cart. No insurance mention.",yellowpages
Eversee Boutique Eyecare,,,,,https://www.linkedin.com/company/eversee-boutique-eyecare,+18473869045,https://www.everseeeye.com/about.html,"Chicago, IL",4,"Family-owned boutique eyecare in Winnetka, opened fall 2022. Luxury and independent designer eyewear, neuro-optometry, sports vision. Insurances accepted page. Dr. Banner is an OD.",yellowpages
Prism Optics Inc,,,prism@prismopticalchicago.com,,,+17732056447,http://prismopticalchicago.com,"Chicago, IL",4,"Old Irving Park optical since 1991, onsite lab (glasses in 3 to 10 days). Frames: Silhouette, Ovvo, OGI, Modo, Eco. Own Prism Vision Plan. Exams by appointment after hours.",yellowpages
Sassy Glasses Optical Boutique,,,,,,+16025220564,http://www.sassyglasses.com,"Scottsdale, AZ",4,"Family owned and operated Scottsdale optical boutique; 1,000+ curated frames ('art for your face'); has Brands and Store pages. No owner name or insurance info.",yellowpages
Paris Optique,,,customerservice@parisoptique.com,,,+14809451855,https://parisoptique.com,"Scottsdale, AZ",4,"Family owned luxury optical in Scottsdale since 1986; Lindberg, Cartier (custom diamond frames), Carrera, Missoni, handmade eyewear, online shop. No insurance/FSA mention.",yellowpages
Visions Optique,,,,,,+14805152727,http://www.visionsoptique.com,"Scottsdale, AZ",4,"Locally owned in North Scottsdale since 2007, 800+ frames, 19+ brands (Gucci, Tom Ford, Oliver Peoples), on-site lab, VSP/EyeMed, Dec 31 FSA/HSA promo. Dr. Matt Campouris OD.",yellowpages
AZ Eye Health,,,,,,+14805850001,http://azeyehealth.com,"Scottsdale, AZ",4,"AZ Eye Health, Scottsdale since 2004. Optometry with frames and lenses, Brands & Insurances page, dry eye treatment, contact lens exams. No owner named.",yellowpages
Naples Optical Too,,,,,,+12393538794,http://www.naplesoptical.com,"Naples, FL",4,"Two Naples locations (Downtown and near the Vineyards). Authorized Oakley and Maui Jim dealer, Rx wrap sunglasses, high-end frames, independent ODs. Owner/licensed optician listed but name unclear.",yellowpages
Character Eyez,,,,,,+12397935367,http://www.charactereyez.com,"Naples, FL",4,"Naples since 2007. Designer, performance and vintage eyewear: ic! berlin, Silhouette, Tom Ford, Porsche Design, Maui Jim, Kaenon, Rudy Project. Licensed opticians, walk-in repairs. Mentions insurance.",yellowpages
Spectacles of Naples,,,,,,+12395669300,http://www.spectaclesofnaples.com,"Naples, FL",4,"Naples designer eyewear boutique: Maybach, Cartier, Theo; digital lenses; independent OD Dr. Lauren Walsh does exams. Has Shop page. Staff Rick and Fatima praised.",yellowpages
"Witten, Elaine M",,,,,,+12392617071,https://visionsource-drsderyandeads.com,"Naples, FL",4,"Drs. Dery, Eads, Barton & Witten, Naples, since 1971, Vision Source member. Frames page with featured brands, ortho-k, dry eye. Insurance accepted, maximize your benefits.",yellowpages
Southfork Optical Center,,,,,,+16317281525,https://www.southforkoptical.com,"Southampton, NY",4,"Southfork Optical Center, Hampton Bays, since 1983. Optical boutique with large selection of designer frames and sunglasses, plus eye exams and contacts. No owner named.",yellowpages
Manorville Eye Care Center,,,,,,+16319093774,https://www.manorvilleeyecarecenter.com,"Southampton, NY",4,"Locally owned Manorville eye care center, 30+ years; designer eyewear (Ray-Ban, Oliver Peoples) and sunglasses, hard-to-fit contacts, insurance page, self-pay discounts.",yellowpages
Legacy Optical,,,,https://www.linkedin.com/in/alyssa-flanagan,,+16317283132,https://www.legacyoptical.com,"Southampton, NY",4,"Hampton Bays family-run optical and optometry. Frames, sunglasses, prescription sunglasses, contacts, dry eye, glaucoma care. Insurance and payments page.",yellowpages
Darien Eye Care,,,darieneyecarect@gmail.com,,,+12033095155,http://www.darieneyecare.com,"Greenwich, CT",4,"Darien, CT optometry claiming one of the biggest eyewear brand selections in Darien. Designer eyewear, sports/safety eyewear, dry eye. Insurance page. Dr. Shefali Ahmadi, OD on staff. Owner not stated.",yellowpages
Grove Opticians,,,info@groveopticians.com,,,+15613945551,http://www.groveopticians.com,"Boca Raton, FL",4,"Boca Raton luxury optical, decades in business. Cartier, Maybach, Kirk & Kirk, Anna Karin Karlsson, Matsuda; founder buys frames in Europe yearly. Founder first name Robert only. No insurance/FSA.",yellowpages
Optical Boutique,,,,,,+19722248016,http://opticalboutiquedesoto.com,"Dallas, TX",4,"Optical Boutique & EyeCare, DeSoto: optometry plus boutique with wide frame variety, contacts incl. hybrid and GP, keratoconus. Insurance page. Walk-ins welcome, select Saturdays.",yellowpages
Tom Barrett Optical Inc,,,tbopt@yahoo.com,,,+12143680170,http://www.tombarrettoptical.com,"Dallas, TX",4,"Family-owned Dallas luxury eyewear since 1981. Curated handcrafted frames from top designers, sunglasses, premium lenses, repairs. No insurance mention. Saturday by appointment.",yellowpages
Goo Goo Eyes,,,,,,+12142655955,https://googooeyes.com,"Dallas, TX",4,"Goo Goo Eyes, University Park Dallas since 2005. Luxury Rx and sunglasses: Chanel, Lindberg, Oliver Peoples, Tom Ford. Best Eyewear, Best of Dallas 2020. President unnamed. No insurance mention.",yellowpages
Dallas Youth Optical,,,,,,+12143612313,http://dallasyouthoptical.com,"Dallas, TX",4,"Children's eyewear specialist 75+ years, claims more kids frame options than any optical in Texas, kids safety frames. Owner is a Master Optician (unnamed; reviews mention Mr. Bill).",yellowpages
Occhiali,,,,,,+12143682777,http://www.occhialimodernoptics.com,"Dallas, TX",4,"Occhiali Modern Optics, Preston Center Dallas: curated luxury and handcrafted eyewear (Dita, Jacques Marie Mage, Movitra), designer sunglasses. No insurance/FSA mention.",yellowpages
Eye Elegance,,,,,,+17136224411,http://www.eyeelegance.com,"Houston, TX",4,"Luxury optical boutique, 2 Houston locations (Post Oak, Montrose). Cartier, Lindberg, Lindberg Precious, Tom Davies. Opticians on staff, sale promos. No owner or insurance mention.",yellowpages
Copperfield Vision,,,,,,+12815502020,http://www.copperfieldvision.com,"Houston, TX",4,"Family optometry on Hwy 6 N, Houston, with frame dispensary: Maui Jim, Ray Ban, Kate Spade, Vera Wang, Flexon, Nike and more. Promotions page. No owner named.",yellowpages
Pildes Optical,,,info@upperwestoptical.com,,,+12128772980,http://pildesopticalnyc.com,"New York, NY",4,"Upper West Optical (Pildes), NYC: independently owned optical, 35+ years; designer frames, sunglasses, contact lens fittings, DMV vision tests. Has Instagram.",yellowpages
Insight Optical,,,info@insightoptical.us,,,+17185963740,http://insightoptical.us,"New York, NY",4,"In-Sight Optical, locally owned since 1984, Colorado Springs (719 number, not NY). Standard and designer frames, repairs, warranties, insurance page. Reviews name optician Dave.",yellowpages
Silver Lining Opticians,,,info@silverliningopticians.com,,,+12123753500,https://www.silverliningopticians.com,"New York, NY",4,"Independent eyewear shop in SoHo since 2007; Masunaga, Eyevan 7285, l.a. Eyeworks, own brand; vintage expertise. No exams; out-of-network but accepts FSA/HSA. Online shop.",yellowpages
Successful Vision,,,info@svbshop.com,,,+16468692879,https://svbshop.com,"New York, NY",4,"Successful Vision: fashion eyewear and sunglasses, unique frames, Insurances page, on-site optometrist Reyna Betances OD. 1-year AR coating and frame warranty. 914 phone. Owner unnamed.",yellowpages
Surreal Eyewear Inc,,,,,,+12124140900,http://surrealeyewear.com,"New York, NY",4,"NYC eyewear boutique with unique and custom brands from around the world, called a museum of eyewear. Book frame selection with team or with Oleg. Lens specialist. No insurance mention.",yellowpages
Hmy Vision,,,,,,+12129824469,http://www.hmyvision.com,"New York, NY",4,"HMY Vision, NYC: 2 locations (Upper East Side, Gramercy Park), 12+ years; designer eyeglasses and sunglasses, free exam with glasses purchase, insurances page.",yellowpages
Dartmouth Street Vision Center,,,,,,+16172668188,https://www.dartmouthvision.com,"Boston, MA",4,"Independent Boston eye care practice with frame dispensary: Ray-Ban, Original Penguin, Gucci, Vera Wang, Paradox, Paradigm. Online contact lens ordering, patient portal. No insurance mention.",yellowpages
Eyeclectic Vision Source,,,xxx@xxx.com,https://www.linkedin.com/in/eyeclectic,http://www.linkedin.com/in/eyeclectic,+14048352975,https://eyeclecticvisionsource.com,"Atlanta, GA",4,"Independent Atlanta optometry since 2013 at Howell Mill Plaza. Boutique optical with 1,000+ frames from a dozen independents: Dita, Lindberg, Oliver Peoples, Tom Ford. Insurance page.",yellowpages
Urban Optiks Optometry,,,info@uoosd.com,,,+16196832020,https://www.uoosd.com,"San Diego, CA",4,"Hillcrest San Diego luxury boutique 16+ years; independent handcrafted frames (theo, Say-oH), sustainable and custom frames; award winning; online shop; insurance questions page.",yellowpages
Point Loma Optometry,,,,,,+16195239990,https://www.pointlomaoptometry.net,"San Diego, CA",4,"Point Loma Optometry at Liberty Station, San Diego; affordable and high-end designer frames; Zeiss i.Terminal; VSP provider; accepts HSA and Flex Spending.",yellowpages
New Optix Optometry,,,newoptixoptometry@gmail.com,,,+18587374161,http://newoptixoptometry.com,"San Diego, CA",4,"New Optix Optometry, San Marcos office moved to 1155 Grand Ave. Optical Boutique, sunglasses, Insurances, myopia management/Ortho-K, dry eye. Drs. Michael Tran and Mini Ta lead team; ownership not stated.",yellowpages
Insight Optical Center,,,,,,+16192913937,http://insightoptical.com,"San Diego, CA",4,"Insight Optical Center: San Diego eyeglasses store since 1985. Over 1,000 frames, about 1 hour single vision glasses, Rx sunglasses, free adjustments, special Rx. Owner not named.",yellowpages
The Unoptical,,,theunoptical@aol.com,,,+16199555369,http://www.theunoptical.com,"San Diego, CA",4,"Opticians since 2010 with San Diego, Encinitas and Rancho Santa Fe shops. Luxury to budget big package, online eyewear shop. Lead optician since 1989 but name not given.",yellowpages
Dr Chinn's Vision Care,,,,,,+16192800664,https://www.drchinnsvisioncare.com,"San Diego, CA",4,"Dr. Chinn's Vision Care Optometry, San Diego: family practice with Stephen Chinn, OD and Jenn Chinn, OD. Designer eyewear brands, specialty contacts, dry eye treatment. Owner not stated.",yellowpages
Eye Culture Optical Boutique,,,info@eye-culture.com,,,+17865429672,https://www.eye-culture.com,"Miami, FL",4,"Optical boutique in Downtown Doral. Rodenstock DNEye biometric lenses, curated luxury designer eyewear, personal frame styling. Two co-founders (unnamed). No insurance mention.",yellowpages
L A Eye Center & Clinic,,,appointments@laeyecenter.com,,,+13232321234,https://www.laeyecenter.com,"Los Angeles, CA",4,"South LA since 1963; one of the busiest optical centers there, hundreds of frames, safety eyewear, same-day optical; Insurance page; ODs Lilia Gelfand, Jessica Ho.",yellowpages
Alexander Daas Opticians,,,,,,+13234664396,https://alexanderdaas.com/la,"Los Angeles, CA",4,"Alexander Daas: luxury optical boutiques (multiple locations), Lindberg, Tom Ford, Chrome Hearts. Accepts VSP, EyeMed; FSA flex dollars page; online shop; eye exams. Owner not named.",yellowpages
Eye Tailor,,,sales@eyetailor.com,,,+13236642020,http://www.eyetailor.com/contacts-us,"Los Angeles, CA",4,"Eyetailor optical shop at 4310 Melrose Ave, LA, open Mon-Sat. Has Collections page and an FSA & Insurance page. Owner not named. Thin otherwise.",yellowpages
Austin Vision Center,,,,,,+15124772282,http://austinvisioncenter.com,"Austin, TX",4,"Locally owned since 1987; huge selection of fine eyewear from Europe, Japan and US; sunglasses and frames; LASIK co-management. Owner not named.",yellowpages
Eyewear & Eyecare,,,,,,+15127662020,https://www.fineeyewear.net,"Austin, TX",4,"Fine Eyewear & Eye Care, boutique optical in downtown Austin and Cedar Park (2 locations). One of largest unique eyeglass selections in metro, Rx and polarized sunglasses. Dr. Minnick OD.",yellowpages
Jansen Optical - William Cannon Drive,,,,,,+15124418924,https://www.jansenoptical.com,"Austin, TX",4,"Jansen Optical, Austin, 2 locations (William Cannon Dr, Congress). Designer frames, contacts, insurance page, family eye care. 4 ODs listed; owner unnamed.",yellowpages
Premier Optics,,,aog@austinoptometrygrp.com,,,+15124540698,http://austinoptometrygrp.com,"Austin, TX",4,"Austin Optometry Group since 1976 (Drs. Aaron Wolf, Annie Ku). Featured frame brands, online shop, scleral and specialty lenses, Nuance Audio frames. Insurances accepted page.",yellowpages
Innovative Eyecare,,,,,,+15123280015,https://www.innovativeeyecare.com,"Austin, TX",4,"West Oak Hill Austin: site banner 'Use your vision benefits before Dec 31, FSA/HSA' with countdown; designer frames, sunglasses; VSP, EyeMed, Davis, Spectera; online contact store.",yellowpages
Queen Anne Vision Clinic,,,q.a.vision.clinic@gmail.com,,,+12062819100,http://queenannevisionclinic.com,"Seattle, WA",4,"Queen Anne, Seattle optometry with extensive frame selection and gallery, custom contacts, dry eye, myopia management. In-network insurance list. Call, text or email.",yellowpages
"Bluff, John, OD",,,,,,+12063243937,http://houreyesseattle.com,"Seattle, WA",4,"Hour Eyes Optical, Capitol Hill, Seattle. Designer frames, brands page, insurance accepted, pediatric exams, myopia management, online contact lens ordering. Dr. Sylvie Pham and Dr. John J. Bluff.",yellowpages
Colaizzo Opticians,,,info@colaizzooptical.com,,,+12062857212,http://colaizzooptical.com,"Seattle, WA",4,"Luxury independent boutique in Queen Anne since 1989. Mykita, Lindberg, independent designers; in-house lab, Zeiss and Shamir lenses, custom tints. No owner named or insurance mention.",yellowpages
Eye Works Optometry,,,staff@the-eyeworks.com,,,+17072542020,http://www.the-eyeworks.com,"Napa, CA",4,"The Eye Works Optometry, Napa, 45+ yrs. Fashionable frames with Our Brands page, pediatric optometry, OCT imaging, contacts, online booking. No insurance mention in text.",yellowpages
Family Eye Associates Optometric Group,,,,,,+17074262020,http://www.familyeyeassociates.net,"Napa, CA",4,"Family Eye Associates, Solano County. VSP doctors; designer frames incl. Gucci, Prada, Oakley, Ray Ban, Kate Spade, Burberry. Insurance check page, promotions, LASIK. Owner unnamed.",yellowpages
Richlin Eye,Dr. Steven Richlin,Founder & Optometrist (OD),,,,+13102765333,https://www.richlineye.com,"Beverly Hills, CA",3,"Richlin Eye, Beverly Hills, since 1983. Family practice (Drs. Steven, Bradley, Peyton Glass Richlin) plus 3 other ODs. Specialty and scleral contacts, eyewear section. No insurance/FSA mention.",yellowpages
Eye On Vision Optometry,Dr. Keri Owyang Chapman,Owner & Optometrist (OD),,,,+16503260590,http://www.eyedocowyang.com,"Palo Alto, CA",3,"Family optometry in downtown Palo Alto, over 25 years. Online booking, Specials page, after-hours year-end slots. No frame brands, insurance or online shop mentioned.",yellowpages
Pacific Eye Care Optometry,Dr. Matthew Tran,Optometrist / Owner (OD),,,,+16509683937,https://www.pacificeyecareoptometry.com,"Palo Alto, CA",3,"2 locations (Mountain View, Los Altos) with optical boutique, designer eyeglasses, contact lenses, pediatric OD on staff. 5 ODs. No insurance/FSA mention in text.",yellowpages
Weil Eye Care Medical Center Inc,Dr. Leslie Weil,Founder & Ophthalmologist (MD),receptionist@weileyecare.com,,,+16506542133,http://www.weileyecare.com,"Palo Alto, CA",3,"Ophthalmologist-founded practice in San Carlos since 2003; optical boutique with designer frames, plus cataract, Botox and fillers. Accepts PPO, some HMO, Medicare.",yellowpages
Rey Pautin,Rey Pautin,Owner/Optician,,,,+16502577428,http://www.spectekeyewear.com,"Palo Alto, CA",3,"SpecTek Eyewear, since 2000; eyewear repair and sales, mail-in repairs, custom lenses for any frame. By appointment. Owner name from listing. No insurance/FSA mention.",yellowpages
Woodside Optometry,Dr. Liat Solomovici,Owner & Optometrist (OD),woodsideopt@gmail.com,,,+16503656102,http://woodsideoptometry.com,"Palo Alto, CA",3,"Woodside Optometry, Redwood City; UC Berkeley-trained OD. Accepts VSP and EyeMed. Has promotions page. Thin info on frames. 1 location.",yellowpages
Randall Go OD,Dr. Randall Go,Owner & Optometrist (OD),,,,+14156482129,http://www.drrandallgo.com,"San Francisco, CA",3,"Solo OD practice in San Francisco offering eye care services. Very thin site; no frame brands, insurance, or online shop mentioned.",yellowpages
Retrospecs & Co,Jay,Founder,sf@retrospecs.com,,,+14154369655,http://www.retrospecs.com,"San Francisco, CA",3,"Restored antique eyewear (1890s-1980s) and Cuthbert & Chen collection (titanium, buffalo horn), founded by Jay and Marya. 46 craftsmen, sells via dealerships. No insurance/FSA mention.",yellowpages
Optimum Vision and Eye Care,Dr. Manisha B. Geiger,Optometrist (OD),office@optimumvisionaz.com,,,+14805888858,http://optimumvisionaz.com,"Scottsdale, AZ",3,"Scottsdale optometry focused on neuro-optometry, vision therapy, pediatrics, sports vision; OD since 1996. Eyeglasses for adults and kids. Insurance info page.",yellowpages
Advanced Eye Care & Aesthetic Center,Dr. Alina Stanciu,Owner & Ophthalmologist (MD),,,,+12394516933,http://www.stanciueyecare.com,"Naples, FL",3,"Ophthalmology practice, Naples and Bonita Springs. Dr. Stanciu board certified, 20+ years. Full service optical shop for eyeglasses and sunglasses. $150 exam for uninsured.",yellowpages
Mitchell Refractive Surgery & Eye Center,Dr. Alan L. Mitchell,"Ophthalmologist, practice namesake",,,,+15614512660,https://www.dralanmitchell.com/?y_source=1_MjM2MTcxOTgtNTUzLWxvY2F0aW9uLndlYnNpdGU%3D,"Boca Raton, FL",3,LASIK and ophthalmology practice in Boca Raton with on-site boutique The Optique carrying sunglass and eyeglass brands. Insurance & Payment page. Anna Walker OD on staff.,yellowpages
Premier Eye Care Of Florida,Dr. Steve T. Bussa,"President & CEO, Optometrist (OD)",,,,+15612180899,http://www.premiereyedoctor.com,"Boca Raton, FL",3,"Premier Eye Center, 3 offices (Plantation, Boca, West Palm). Bussa bought practice 2010, co-formed group 2013 with Dr. Alexandra Kehoe (VP). High-end frames, handcrafted frames, insurance page.",yellowpages
Turtle Creek Eye,Dr. Rebecca L. Ponder,Optometrist (OD),,,,+12145284050,http://www.turtlecreekeye.org,"Dallas, TX",3,"Turtle Creek Eye Associates, Dallas. Small practice; Dr. Ponder is the only doctor named (ownership not stated). Saturday by appointment. Thin site, no frames/insurance detail.",yellowpages
"Frank, Curtis",Dr. Curtis Frank,Principal Optometrist (OD),,,,+16172611820,http://www.doctorcurtisfrank.com,"Boston, MA",3,"Vision and Ortho-K Center, Boston; specialty contact lenses and ortho-K focus; ophthalmic frames and lenses; NECO adjunct faculty. No insurance text.",yellowpages
Eye 1st Vision Center,Dr. George Shida,Lead Optometrist (OD),,https://www.linkedin.com/in/george-shida-86ab1633,,+14042521702,http://eye1stvision.com,"Atlanta, GA",3,"Eye 1st Vision Center, Sandy Springs GA. Dr. Shida practicing since 1981; 2 optometrists. Frame selection, sunglasses, family/medical eye care, LASIK co-management. Ownership not stated.",yellowpages
Uptown Optometry,Dr. Gordon Wong,Owner & Optometrist (OD),,,,+16195980817,https://www.uptownoptometrysd.com,"San Diego, CA",3,"Uptown Optometry, 100-year-old building; led 40+ years by Dr. Steve Larsen, now Dr. Wong (practicing since 1991, new ownership). Also GW Eye Associates La Jolla, Del Mar. Wink Optometry & Eyewear.",yellowpages
Clairemont Optometry,Dr. Bruce Nguyen,Lead Optometrist (OD),orthok@myopiatreatment.com,http://linkedin.com/in/dr-bruce-nguyen-bba8672a,,+18582796500,https://myopiatreatment.com,"San Diego, CA",3,"Clairemont Optometry, San Diego. Specialty contact lens practice: myopia management, Ortho-K, dry eye, keratoconus. Reviews mention wide frame range and major insurance accepted.",yellowpages
Elio's Optical Vision Center,Ariel Croitorescu,CEO,miami@eliosoptical.com,,,+13056494011,https://eliosoptical.com,"Miami, FL",3,"Elio's Optical: 50 yrs, 3 locations (Miami, Deerfield, Doral), eyeglass frame manufacturer, exclusive luxury brands; roots in Venezuela's Optica Caroni chain.",yellowpages
Dietlein Optical Boutique,Dr. Jon Dietlein,Principal & Ophthalmologist,,,,+15129303002,http://www.dietleinlabbeeyecenter.com,"Austin, TX",3,"Dietlein & Labbe Eye Associates, Georgetown TX: ophthalmology (cataract, glaucoma); Dr. Dietlein back since 1994, Dr. Labbe joined 2013. Has ABOC optician manager. Optical boutique per listing.",yellowpages
Yee Fern OD,Dr. Fern Yee,Optometrist (OD),,,,+15122549409,http://eyesonburnet.com,"Austin, TX",3,"Eyes of Texas Vision Care, Austin. Family eye care and vision therapy. Frames, sunglasses, large TC Charton Asian fit selection. No insurance or online shop mention.",yellowpages
Dr. Peter Broberg,Dr. Peter Broberg,Owner & Ophthalmologist,,,,+15124476096,http://www.brobergeyecare.com,"Austin, TX",3,"Broberg Eye Care, Austin ophthalmology, 30 years; Dr. Broberg is a cataract surgeon. Optical shop 4207 Optical since 1978 with 1,000+ designer frames. Order contacts online.",yellowpages
Today's Vision Gateway,Dr. Mark Chavana,Optometrist (OD),gateway@todaysvision.com,,,+15123492020,https://www.todaysvisiongateway.com,"Austin, TX",3,"Today's Vision Gateway on Research Blvd, Austin; email domain suggests Today's Vision network. European and American designer frames. Accepts VSP, EyeMed, Superior, Spectera, CareCredit.",yellowpages
"Cummings, Randall, OD",Dr. Tanya Mahaphon,Optometrist (OD),,,,+17072537111,http://eyespyvision.com,"Napa, CA",3,"Eye Spy Vision Care Optometry, Napa; glasses, frames, sunglasses, specialty contacts, monthly patient newsletter. Thin info, no insurance mention.",yellowpages
Huey & Hsiao Optometric Corp,Dr. Larry Huey,Co-owner & Optometrist (OD),travisod@aol.com,,,+17074379600,http://travisfamilyoptometry.com,"Napa, CA",3,"Travis Family Optometry, Fairfield CA (Huey & Hsiao Optometric Corp, with Dr. Chih-Don Hsiao); glasses, sunglasses, protective eyewear, contacts. No insurance mention.",yellowpages
Carson Vision,,,,,,+13105322622,https://www.carsonvision.com,"Beverly Hills, CA",3,"Optometry practice in Carson, CA. Eye exams, contact lens exams, frames. Has insurance page; review mentions insurance coverage and LASIK co-management. Owner not named. No online shop seen.",yellowpages
Vision And Style,,,,,,+13104757254,http://yellowpages.com/los-angeles-ca/mip/vision-and-style-516681067,"Beverly Hills, CA",3,"Name suggests optical shop. YellowPages listing only, no business site content captured.",yellowpages
Avantek Eyewear,,,,,,+16502338700,https://avantekeyewear.com/contact,"Palo Alto, CA",3,"Avantek Eyewear, Half Moon Bay CA. Site has virtual try-on iStore, history, technology, team pages. Very thin text.",yellowpages
California Ave Optometry & Contact Lens Clinic,,,,,,+16506172020,https://www.californiaavenueoptometry.com/location.html,"Palo Alto, CA",3,"Palo Alto optometry and contact lens clinic with a Designer Showroom page. Thin site info; no owner, insurance or FSA details found.",yellowpages
Focus Optical,,,,,,+16509172318,https://focusoptical.wordpress.com/mountain-view,"Palo Alto, CA",3,"Focus Optical, 'taking care of your eyes since 2003'; stores in Mountain View and Richmond. Has Products and Specials pages. Thin info.",yellowpages
Zoom Vision Care Optometric,,,,,,+16509642020,http://www.zoomvisioncare.com,"Palo Alto, CA",3,"Family optometry, appears to have 2 locations (408 and 510 numbers). Full selection of eyeglasses and contact lenses, retinal camera, ships annual contact lens orders. No owner named.",yellowpages
Mountain View Optometry & Contact Lens Clinic,,,,,,+16509676649,https://www.mvo.com,"Palo Alto, CA",3,"Family optometry in downtown Mountain View on Castro St, 20+ year patients. Curated frame collection from leading brands downstairs. Insurance page. Doctors named: Dr. Gilson, Dr. Majmundar. Owner not stated.",yellowpages
Eye Lite Optometry,,,,,,+16509486910,http://www.eyeliteoptometry.net,"Palo Alto, CA",3,"Eye Lite Optometry, Inc., 286 State Street, Los Altos. Very thin site text.",yellowpages
All Eyes On You Optometry,,,,,,+16505921820,http://www.alleyesonyouoptometry.com,"Palo Alto, CA",3,"San Carlos family optometry with on-site optical department carrying popular brands, vision therapy, online contact lens ordering. VSP provider. By appointment.",yellowpages
T L C Optical Company,,,,,,+14153979718,http://yellowpages.com/san-francisco-ca/mip/rims-goggles-7326155,"San Francisco, CA",3,"Optical company listing; YP URL references Rims & Goggles, name mismatch. YellowPages listing only, no business site content captured.",yellowpages
Optical Underground,,,info@opticalunderground.com,,,+14159825106,http://opticalundergroundsf.com,"San Francisco, CA",3,"Hayes Valley, SF shop selling past-season eyewear from creative brands, authentically sourced and discreetly priced. New site launching soon. Thin info.",yellowpages
Veo Optics,,,mission@veooptics.com,,,+14158612020,http://www.veooptics.com/locations-1,"San Francisco, CA",3,"Designer eyewear in San Francisco and LA; emails for Mission, Marina, Petaluma (multiple locations). Styling, eye exams, Jamestown Eyewear, dedicated FSA & HSA page.",yellowpages
North Shore Optical,,,,,,+17737643873,http://yellowpages.com/chicago-il/mip/north-shore-optical-md-3599993,"Chicago, IL",3,"Only a YellowPages listing (North Shore Optical, Chicago); no own website text.",yellowpages
Perez Eye Care,,,,,,+13123320921,http://www.perezeyecare.com,"Chicago, IL",3,"Independent eye care with Locations page (possibly multiple). Own Loop and Pilsen frame lines, prescription sunglasses, swim and sports goggles, CareCredit, iWellness exam.",yellowpages
Lumiere Optique,,,,,,+14806991885,http://yellowpages.com/scottsdale-az/mip/i2i-optique-503034372,"Scottsdale, AZ",3,"Name suggests optical boutique; YP URL references i2i Optique. YellowPages listing only, no business site content captured.",yellowpages
Optical Expressions - Hilton Village,,,,,,+14809981606,https://www.opticalexpressionsaz.com,"Scottsdale, AZ",3,"Optical Expressions, 60+ years, 3 offices (Willo, Hilton Village, Biltmore). Designer eyeglasses, sunglasses, LASIK evals. Accepts VSP, EyeMed, HSA and FSA. No owner named.",yellowpages
Precision Eyecare,,,,,,+14808743937,http://precisioneyecareatgrayhawk.com,"Scottsdale, AZ",3,"Precision Eyecare at Grayhawk, Scottsdale. Placeholder homepage only; no details on frames, insurance or owner.",yellowpages
Willoughs Vision Center,,,,,,+12397320695,http://yellowpages.com/naples-fl/mip/willoughs-vision-center-470122386,"Naples, FL",3,"YellowPages stub only; no site content. Optical-sounding name, details unverified.",yellowpages
Whetstone Eye Care,,,,,,+12399084098,https://www.whetstoneeyecare.com/contact-us,"Naples, FL",3,"OD practice in Naples (Poinciana Professional Park). Scleral and specialty contacts, insurance page, doctor referrals. Frames not mentioned.",yellowpages
Eyeglasses Fort Myers,,,,,,+12396764728,http://www.opticianfl.com,"Naples, FL",3,"Florida Optical Services, Fort Myers: licensed opticians, digital refraction eye exams, custom contacts, one-on-one frame selection. Owner and insurance not stated.",yellowpages
Sauer J Inc Optician,,,,,,+16317273274,http://jsaueropticians.com,"Southampton, NY",3,"J. Sauer, Inc. Opticians, Riverhead NY; Carolyn London, Optician named on site. Designer frames (Dior, Valentino, Givenchy), repairs, low vision, Medicare, senior discount.",yellowpages
Southold Opticians LTD,,,,,,+16317654344,http://yellowpages.com/southold-ny/mip/southold-opticians-ltd-458582211,"Southampton, NY",3,"YellowPages stub only (Southold NY); no site content. Optician business by name, details unverified.",yellowpages
Trapp Optical,,,,,,+12035521072,http://trappoptical.com,"Greenwich, CT",3,"Trapp Opticians, founded 1945, 3 locations (Bronxville, Rye, Greenwich). Optometrists and opticians, eyeglasses and sunglasses, repairs. No insurance/FSA mention in text.",yellowpages
Stamford Vision Care,,,,,,+12033271511,http://www.stamfordvisioncare.com,"Greenwich, CT",3,"Stamford Vision Care: Dr. Jesse Chin, OD and Dr. Hemanshu Khanna, OD; frames and lenses, many glasses ready in one hour; Optomap imaging. Owner not stated.",yellowpages
Norwalk Eye Care,,,,,,+12038531010,http://www.norwalkeyecare.com,"Greenwich, CT",3,"Norwalk Eye Care, 40+ years in Fairfield County. 5 doctors (Feder family listed first), well appointed optical, specialty contacts, dry eye/IPL. Review calls office a high end boutique.",yellowpages
My Eye Shoppe,,,,,,+12039391880,https://www.myeyeshoppe.com,"Greenwich, CT",3,"Best Little Optical Shop, independent optician now open in Norwalk (71 East Ave). Not tied to insurance plans, wide lens sourcing, sun/sports/safety eyewear, by appointment. Community eyewear mission.",yellowpages
Rainbow World Optical Supply,,,,,,+15617174843,http://yellowpages.com/boca-raton-fl/mip/rainbow-world-optical-supply-542837502,"Boca Raton, FL",3,"Rainbow World Optical Supply, Boca Raton. Only a YellowPages listing, no site content; details unverified.",yellowpages
Eye Site Vision Center,,,,,,+15614791411,http://www.eyesitevision.com,"Boca Raton, FL",3,"Eyesite Vision Center in Royal University Plaza, Coral Springs. Eye exams and contact lenses; insurance page. Dr. Steven Adrien listed. Thin info on frames; owner not stated.",yellowpages
Eyes of Texas Optical Boutique,,,,,,+19727729800,http://yellowpages.com/rockwall-tx/mip/rockwall-precision-eyecare-4018080,"Dallas, TX",3,Only a YellowPages listing (URL references Rockwall Precision Eyecare); no site content. Name suggests optical boutique. Unverified.,yellowpages
Peeper's,,,,,,+12145220352,http://www.hpvillage.com,"Dallas, TX",3,"Listed site is Highland Park Village shopping center directory, not the store's own site; no eyewear detail in text.",yellowpages
Image Eyewear,,,filler@godaddy.com,,,+12145216763,https://imageeyeweardallas.com,"Dallas, TX",3,"Image Eyewear Dallas: independent eyewear shop focused on unique, stand-out frames; full Rx lenses. Online shop yes. Two phone numbers. No owner or insurance info.",yellowpages
Good Vision Optical,,,,,,+12147422020,https://eyedoctor.io/optician/good-vision-optical-dallas-tx,"Dallas, TX",3,"Directory page (eyedoctor.io) for this listing shows Catherine M Vicci OD PA, 1050 N Westmoreland Rd, Dallas. Unclear link to Good Vision Optical. Thin info.",yellowpages
Eye Impact,,,,,,+18323197732,http://www.eyeimpacthouston.com,"Houston, TX",3,Houston site with hours (Tue-Sat) and Book Appointment; other pages are unedited template text. Very thin info.,yellowpages
20/20 Supreme Eyecare,,,,,,+12814058114,http://yellowpages.com/houston-tx/mip/20-20-supreme-eyecare-11013940,"Houston, TX",3,"YellowPages listing only; no site content to confirm brands, insurance or owner.",yellowpages
Insight Optical,,,insightopt@gmail.com,,,+17135245354,http://www.insightopticalhouston.com,"Houston, TX",3,"Houston optical with kids' and adults' frames, ophthalmologist referrals, long-time loyal customers, adjustments. Owner listed but unnamed. No insurance mention.",yellowpages
Optical Shop of Aspen,,,8888@oliverpeoples.com,,,+19704524081,https://www.oliverpeoples.com/usa/boutiques?y_source=1_MTg1NjA3OTYtNTUzLWxvY2F0aW9uLndlYnNpdGU%3D,"Aspen, CO",3,"Website link points to Oliver Peoples boutique locator, suggesting an Aspen stockist. No own site content; emails listed belong to Oliver Peoples stores.",yellowpages
Eye Pieces of Snowmass,,,,,,+19709232020,https://eyepieces.com/contact-us,"Aspen, CO",3,"Eye Pieces, Vail valley optical boutique nearly 40 yrs, 8 Colorado locations. Cartier, Chrome Hearts, Jacques Marie Mage, Mykita, Maui Jim, sports/goggles. Eye exams, vision insurance benefits page.",yellowpages
Eye Pieces of Snowmass Village,,,,,,+19704294673,http://yellowpages.com/aspen-co/mip/optical-options-4522257,"Aspen, CO",3,"YellowPages listing only (slug: Optical Options); no site content to confirm brands, insurance or owner.",yellowpages
Aspen Valley Eye Care,,,,,,+19702369252,http://www.aspeneyecare.com,"Aspen, CO",3,"Aspen Valley Eye Care: nearly 30 years in Roaring Fork Valley, locations in Aspen and Basalt. Dr. D'aun Hajdu and Dr. Jennifer Windler. Exams, specialty contacts, eyeglasses. Owner not stated.",yellowpages
The Eye Smith,,,,,,+19704142173,http://www.theeyesmith.com,"Aspen, CO",3,"The Eye Smith, family optometry in Rifle, CO; frame dispensary with affordable and high-end frames (Nike, Coach). Thin info, no insurance mention.",yellowpages
88 Optical Hester Inc,,,,,,+12123431947,http://yellowpages.com/new-york-ny/mip/88-optical-hester-inc-6379026,"New York, NY",3,"Optical shop on Hester St, NYC. YellowPages listing only, no business site content captured.",yellowpages
Eye to Eye Vision Center Inc,,,,,,+12123491313,http://www.eyetoeyevisioncenters.com,"New York, NY",3,"Eye to Eye Vision Centers, New York: OD exams, specialty and hard-to-fit contacts, eyewear and sunglasses at affordable prices. Most insurances accepted. Multiple locations implied.",yellowpages
Plaza Optical Center,,,plazaoptical225@gmail.com,,,+17183844700,https://plazaopticalcenter.com,"New York, NY",3,"Plaza Optical Center (718 number). Eyewear, contact lenses, exams; accepts union plans, Medicaid and private insurance; ZocDoc booking; 10% off online bookings.",yellowpages
Oculus 20/20,,,oculus2020@aol.com,,,+17185546230,http://www.oculus2020.com,"New York, NY",3,"Oculus 20/20, NYC: appointment-only optometry with frame collections, myopia management, iCare EIDON imaging. Thin site; owner not named.",yellowpages
Yosemite Eyewear,,,,,,+16174316944,http://yellowpages.com/boston-ma/mip/yosemite-eyewear-551765769,"Boston, MA",3,"Only a YellowPages listing for Yosemite Eyewear, Boston; no site content. Unverified.",yellowpages
Harvard Square Eye Care,,,office@hseyecare.com,,,+16173543600,http://harvardsquareeyecare.com,"Boston, MA",3,"Harvard Square Eye Care: OD practice with curated designer frames, offices in Cambridge, N. Cambridge, Davis Sq, Martha's Vineyard. Myopia control, dry eye. Owner unnamed.",yellowpages
Malden Eyecare Clinic,,,,,,+16174261726,http://www.maldeneyecare.net,"Boston, MA",3,"Optometry clinic with Newton and Boston locations; Dr. Zhu. Specializes in Ortho-K, CRT, Wave lenses; also fashion eyewear and contacts. Chinese-language content. Online booking.",yellowpages
Spectacle,,,,,,+16175429600,https://spectacle-eyeware.com,"Boston, MA",3,"Spectacle Eyewear, Boston: eyewear shop with photo gallery and email list. Very thin site; no owner, brands, or insurance info.",yellowpages
Best Eyes Optical,,,besteyesoptical@gmail.com,,,+14048554388,http://besteyesopticalatlanta.com,"Atlanta, GA",3,"Best Eyes Optical in Plaza Fiesta, Atlanta. Bilingual English/Spanish site. Thin info: services, products, appointments.",yellowpages
Eye Care Lawn,,,,,,+14042521870,http://yellowpages.com/atlanta-ga/mip/american-optical-services-506533597,"Atlanta, GA",3,Website is only a YellowPages listing (American Optical Services URL); no business content available. Thin info.,yellowpages
Carmel Mountain Vision Care Optometry,,,,,,+18584841500,https://www.carmelmountainvisioncare.com,"San Diego, CA",3,"Carmel Mountain Vision Care, San Diego. Drs. Earl Sandler and Connie Tan. Eyeglasses from top brands, Rx sunwear, Neurolens, myopia/CRT. Insurance page. Frame dispensing note truncated.",yellowpages
C 6 Eyewear International,,,,,,+13052272666,http://yellowpages.com/miami-fl/mip/c-6-eyewear-international-465543734,"Miami, FL",3,Website is only a YellowPages listing; no business content available. Name suggests a Miami eyewear business. Thin info.,yellowpages
Lopez Optical,,,info@lopezoptical.com,,,+13052851010,http://www.lopezoptical.com,"Miami, FL",3,"Miami optical with eye exams, prescription lenses, contacts, frame collections. Reviews cite 20+ years of family patronage. No brand or insurance details.",yellowpages
Avantvision Optical,,,,,,+17864528544,https://avantvisionoptical.com/contact,"Miami, FL",3,"Avantvision Optical, 767 NW 37th Ave, Miami; primary eyecare exams and a complete selection of eyewear. Thin site info.",yellowpages
Hollywood Spectacles Optical,,,filler@godaddy.com,,,+18184847905,https://hollywoodspectaclesoptical.com,"Los Angeles, CA",3,"Hollywood Spectacles Optical, LA neighborhood optical shop. Frames for men, women, teens, kids; single vision and multifocal lenses; exams by independent OD. No brands or insurance listed.",yellowpages
Eye Love Optical,,,,,,+12133830383,http://eye-love-optical.hub.biz,"Los Angeles, CA",3,"Directory listing only: optical goods store at 4281 W 3rd St, Mid Wilshire LA. Fashion eyewear, Rx sunglasses, athletic eyewear, exams, contacts. No own site content.",yellowpages
2020 Central Vision Care,,,,,,+12137490800,http://yellowpages.com/los-angeles-ca/mip/2020-central-vision-care-500725967,"Los Angeles, CA",3,"YellowPages stub only (Los Angeles); no site content. Vision care name, details unverified.",yellowpages
Eyes of Texas Optical Salon,,,,,,+15124584131,http://yellowpages.com/austin-tx/mip/emmetropia-481389565,"Austin, TX",3,Website is only a YellowPages listing (Emmetropia URL); no business content available. Name suggests an Austin optical salon. Thin info.,yellowpages
Belterra Eyecare,,,,,,+15123018664,http://belterraeyecare.com,"Austin, TX",3,"Austin family and medical optometry: Optos imaging, specialty contacts, laser surgery co-management, frames and lenses page, online contact lens orders.",yellowpages
University Vision Clinic,,,,,,+12066332000,http://universityvision.com,"Seattle, WA",3,"University Vision Clinic, Seattle U District since 1958; hard-to-fit and keratoconus contacts, optician hand-selects frames, most vision insurance accepted incl UW plans.",yellowpages
Argus Optical Inc,,,,,,+12062858088,http://yellowpages.com/seattle-wa/mip/paris-miki-5174383,"Seattle, WA",3,"Optical listing; YP URL references Paris Miki, name mismatch. YellowPages listing only, no business site content captured.",yellowpages
Optical Solutions,,,,,https://www.linkedin.com/company/puget-sound-eye-care,+12065265060,http://pugetsoundeyecare.com,"Seattle, WA",3,"Puget Sound Eye Care: 2 offices (Seattle, Bellevue), 5 ODs; glasses and frames, pediatric and strabismus, ortho-k, myopia control, insurance page.",yellowpages
"Ruggeiro, Cynthia P, OD",,,uv@marketoptical.com,,,+12064487739,http://marketoptical.com,"Seattle, WA",3,"Independently owned luxury boutique from Pike Place Market; 4 boutiques (Pike Place, Bellevue, U Village, Meridian ID); independent handcrafted designers; in-house lab 20+ yrs; Zeiss, Shamir.",yellowpages
Optical Illusions Inc,,,,,,+12062921074,http://www.opticalillusions-usa.com,"Seattle, WA",3,Optical Illusions: designer eyewear shop with Seattle and Bellevue locations. Thin site content.,yellowpages
Napa Valley Optometric Group,,,,,,+17072525380,http://www.napavalleyoptometric.com,"Napa, CA",3,"Napa Valley Optometric Group: 4 ODs (Drs. Herbert, Glasgow, Hadjiyianni, Chun). Featured brands, insurance accepted, exams and contacts. Owner unnamed.",yellowpages
Redwood Eye Center,,,,,,+17075538222,http://www.redwoodeyecenter.com,"Napa, CA",3,"Redwood Eye Center, Napa: ophthalmology, optometry and aesthetics under one roof; pediatric exams, insurance page. Reviews cite wide frame selection, glasses repair. Dr. Anthony Agadzi.",yellowpages
Caster Eye Center,Dr. Andrew Caster,Lead LASIK Surgeon,info@castervision.com,,,+13102741221,http://www.castervision.com,"Beverly Hills, CA",2,"LASIK, PRK and SMILE surgery practice in Beverly Hills. Hollywood Reporter Top Doctor, TV appearances. Sunglasses page exists but mainly surgical. No insurance/FSA mention.",yellowpages
Assil Eye Institute,Dr. Kerry Assil,,,,https://www.linkedin.com/company/assil-eye-institute,+13106512300,http://www.assileye.com,"Beverly Hills, CA",2,"Assil Gaur Eye Institute: LASIK, ICL and cataract surgery, 8 doctors, multiple LA locations (Beverly Hills, Santa Monica). Celebrity patient stories. No frame retail mentioned.",yellowpages
Hecht Eye Institute,Dr. Matthew Hecht,"Ophthalmologist, practice namesake",,,,+13102733014,https://www.southbaylasereyecenter.com,"Beverly Hills, CA",2,"South Bay Laser Eye Center: LASIK, cataract and eyelid surgery plus skin tightening. Billing & Insurance page, orders contact lenses. Mostly surgical, no frame gallery mentioned.",yellowpages
Pacific Retina Specialists,Dr. David J. Parks,Founder & Retina Specialist,,,,+13102893666,https://www.socalretina.com/locations/beverly-hills-office,"Beverly Hills, CA",2,"Retina practice; Dr. Parks opened the Beverly Hills office in 1999. Offices in Beverly Hills, Lancaster, Guam. Medical retina care only, no eyewear retail.",yellowpages
Peter J Cornell Optical Inc,Dr. Peter J. Cornell,Owner & Refractive Surgeon (MD),frontoffice@bheyes.com,,https://www.linkedin.com/company/beverly-hills-eye-associates/,+13102749205,https://www.bheyes.com/contact-us,"Beverly Hills, CA",2,"Beverly Hills Eye Associates, 450 N Bedford Dr. Refractive and cataract surgery practice with 3 optometrists and contact lenses. No frame or insurance info in text.",yellowpages
Boxer Wachler Eye Institute,Dr. Brian Boxer Wachler,Principal (eye surgeon),info@boxerwachler.com,,,+14244537677,http://www.keratoconusinserts.com,"Beverly Hills, CA",2,Keratoconus specialty surgical practice in Beverly Hills (Holcomb C3-R cross-linking); Dr. Brian has a TEDx talk. No frames/optical retail mentioned.,yellowpages
Mind-Eye Institute,Dr. Deborah Zelinsky,Founder & Executive Director (OD),,,https://www.linkedin.com/company/mindeye,+18475012020,https://mindeye.com,"Chicago, IL",2,"Neuro-optometric rehabilitation institute, 30+ years, sensory processing care for ADHD, anxiety, etc. Patented methods, trains other ODs. Not a frame boutique.",yellowpages
"Scottsdale Center For Sight, PLC",Dr. Paul Petelin,"Founder (Ophthalmologist, MD)",,,,+14804838882,http://eyemdaz.com,"Scottsdale, AZ",2,"Scottsdale Center for Sight, founded 2002; bladeless LASIK, cataract and retina care (Dr. Stanley Shorb). Accepts most insurance plans. Mainly surgical.",yellowpages
Frantz EyeCare,Dr. Jonathan Frantz,"Lead Surgeon, practice namesake",appointments@bettervision.net,,https://www.linkedin.com/company/frantz-eyecare,+12394180999,https://www.bettervision.net,"Naples, FL",2,"Physician-led cataract and LASIK practice in Fort Myers and Naples, 35+ years, 75,000+ surgeries. Offers designer eyewear and contacts, Insurance Plans page. Mainly surgical.",yellowpages
All Saints Eye Center,Dr. Zimm,Founder (Ophthalmologist),,,,+12395925511,http://www.allsaintseyecenter.com,"Naples, FL",2,"All Saints Eye Center: 4 locations Naples/Fort Myers, 50+ employees; LASIK, retina, oculoplastic and dermatology; eye exams for the Minnesota Twins. Mainly medical.",yellowpages
"Eye Associates of Southwest Florida, MD, PA",Dr. Stephen E. Smith,"Ophthalmologist (MD), lead physician",,,,+12395937747,http://www.eyeassociatesonline.com,"Naples, FL",2,"Eye Associates of Fort Myers: ophthalmology practice, Dr. Smith 25+ years in glaucoma, cataract surgery and diabetic eye care. No optical retail info.",yellowpages
"Twin Forks Optometry, PLLC",Dr. Jessica Licausi,"Co-owner & Optometrist (OD, FAAO)",contact@twinforksoptometry.com,,,+16317409384,http://www.twinforksoptometry.com,"Southampton, NY",2,"Twin Forks Optometry & Vision Therapy, Riverhead NY; co-led with Dr. Miki Lyn Zilnicki. Focus on vision therapy; podcast. No eyewear retail in text.",yellowpages
"Spector Eye Care, Stamford - CLOSED",Dr. Scott Spector,"Lead Physician (MD), Ophthalmologist",,,,+12038539900,http://www.spectoreye.com/?y_source=1_OTA3ODA4Mi01NTMtbG9jYXRpb24ud2Vic2l0ZQ%3D%3D,"Greenwich, CT",2,"Stamford location listed CLOSED; practice in Norwalk/Westport. Ophthalmology (cataract surgery) plus ODs, contact lenses, insurance. Practice named for Dr. Spector.",yellowpages
West Boca Eye Center: Brent Bellotte MD,Dr. Brent Bellotte,Ophthalmologist (MD),info@westbocaeyecenter.com,https://www.linkedin.com/in/brent-bellotte-md-8443b525,,+15614881001,https://www.westbocaeyecenter.com,"Boca Raton, FL",2,"West Boca Eye Center, Boca Raton: cataract, glaucoma, retina and laser floater surgery led by Dr. Bellotte. Mostly medical; no frame retail mentioned.",yellowpages
Aker Kasten Eye Center,Dr. Alan Aker,Co-Founder & Ophthalmologist,,,,+15613387722,https://www.akerkasten.com/?y_source=1_MTY2ODY2MjgtNTUzLWxvY2F0aW9uLndlYnNpdGU%3D,"Boca Raton, FL",2,"Family-run ophthalmology practice founded by Dr. Alan Aker and Dr. Ann Kasten, in South Florida since mid-1980s. Cataract surgery, premium IOLs, EVO ICL. Boca Raton and Delray Beach.",yellowpages
Simon Eyes,Dr. Dave Simon,Principal Ophthalmologist (MD),,,,+17072565000,https://simoneyesmd.com,"Napa, CA",2,"Simon Eyes, Napa: Dr. Simon, board-certified ophthalmologist, 25+ yrs, 25,000+ procedures (cataract, LASIK, PRK). By appointment only. No optical retail.",yellowpages
Fox & Hofbauer,,,,,,+13102732333,http://90210eyes.com,"Beverly Hills, CA",2,"Site is Beverly Hills Institute of Ophthalmology (Beverly Hills and Torrance): surgical ophthalmology, cataract, LASIK, glaucoma. 30+ years. Several MDs. No optical shop info.",yellowpages
Los Angeles Vision Institute,,,,,,+13106572777,https://www.losangelesvisioninstitute.com,"Beverly Hills, CA",2,"Ophthalmology practice focused on LASIK/PRK laser eye surgery; Dr. Jonathan Macy and Dr. Alexander Knezevic, adjacent to Cedars-Sinai. No optical retail mentioned.",yellowpages
Altos Optical Co Inc,,,,,,+16509480403,https://www.altoseye.com/contact-us,"Palo Alto, CA",2,"Site is Altos Eye Physicians, Los Altos: ophthalmology group (5 MDs incl. David F. Chang) plus 2 ODs, contact lens practice. Insurance and billing page.",yellowpages
M V Optical,,,,,,+16509610672,http://lasik2020.com/our-practice/contact-us,"Palo Alto, CA",2,"Listing resolves to Peninsula Laser Eye Medical Group, Mountain View: refractive surgery and routine exams. Mainly medical/LASIK. No frame or insurance info.",yellowpages
Westward Leaning,,,,,,+14158008836,http://westwardleaning.com/pages/contact-us,"San Francisco, CA",2,"Westward Leaning: online eyewear/sunglasses shop (Shopify cart, end of summer 20% off sale). DTC brand rather than a local optical boutique.",yellowpages
Pacific Vision Institute,,,info@pacificvision.org,https://www.linkedin.com/in/ella-faktorovich-m-d-7798b88,,+14159229500,https://www.pacificvision.org,"San Francisco, CA",2,"Pacific Vision Institute: LASIK/EVO ICL/cataract surgery center in SF; Dr. Ella Faktorovich featured (Castle Connolly Top Doctor 20 yrs). Surgical, no frame retail.",yellowpages
San Francisco Eye Institute,,,,,,+14154218667,https://www.sfeyeinstitute.com,"San Francisco, CA",2,"San Francisco Eye Institute: ophthalmology group with 11 doctors, cataract, LASIK, EVO ICL, glaucoma. Insurance page. Mostly medical/surgical.",yellowpages
Pacific Eye Associates,,,,,,+14159233007,https://www.pacificeye.com/?y_source=1_OTg0MTcwNDMtNTUzLWxvY2F0aW9uLndlYnNpdGU%3D,"San Francisco, CA",2,"Pacific Eye Associates, SF since 1985: 9 ophthalmologists and 2 optometrists, multispecialty medical/surgical; has an Optical Boutique and Insurance page.",yellowpages
Ageless Eye Care,,,eyecare@agelesseyecare.com,,,+17739293341,http://www.agelesseyecare.com,"Chicago, IL",2,Mobile eye care office doing exams in non-traditional settings incl. school-based vision services. No retail frame shop mentioned.,yellowpages
"University Ophthalmology Associates, Ltd",,,,,,+13129422734,http://www.uoachicago.com,"Chicago, IL",2,"University Ophthalmology Associates: 100+ year ophthalmology group with Chicago (Rush), Skokie, Elmwood Park offices. Glaucoma, LASIK, specialty scleral lenses.",yellowpages
VanBuskirk Opticians,,,,,,+12396491011,http://vanbuskirkopticians.com,"Naples, FL",2,Domain now shows an unrelated Indonesian gaming site; no optical content. Business may be closed or site lost.,yellowpages
Naples Premier Surgery Center,,,,,,+12392637750,http://www.naplespremiersurgerycenter.com,"Naples, FL",2,Outpatient surgery center in Naples specializing in bladeless laser cataract surgery. No optical retail.,yellowpages
Tyson Eye Cape Coral Eye Center,,,,,,+12392441869,http://www.tysoneye.com,"Naples, FL",2,"Tyson Eye: cataract/LASIK surgery group with surgery center and multiple FL offices (Cape Coral, Bonita Springs), 9 ODs.",yellowpages
Northwell Health Eye Institute at Riverhead,,,,,https://www.linkedin.com/company/northwell-health,+16313690777,https://www.northwell.edu/doctors-offices/northwell-health-eye-institute-at-riverhead,"Southampton, NY",2,Northwell Health hospital-system eye office in Riverhead. Routine exams; long medical insurance list incl HSA plans. Not a boutique.,yellowpages
Greenwich Ophthalmology Associates,,,,,https://www.linkedin.com/company/greenwich-ophthalmology-associates,+12036352097,https://www.greenwicheye.com,"Greenwich, CT",2,"Greenwich Ophthalmology Associates since 1972, Stamford CT: multispecialty ophthalmology group (10+ doctors), dry eye IPL, contact lenses. Mainly medical.",yellowpages
Stamford Ophthalmology,,,,,,+12033275808,http://www.stamfordeye.com,"Greenwich, CT",2,"Ophthalmology group with 4 MDs and 2 ODs (cataract surgery, medical eye care). Frames and lenses with certified opticians, accepts most medical insurance.",yellowpages
Eye Glass Store,,,,,,+12039780065,https://www.eyesitedocs.com,"Greenwich, CT",2,"Site is EyeCare Center of Stamford LLC: medical and surgical eye care, Eric L. Wasserman, M.D. 24-hour emergency coverage. No optical retail info.",yellowpages
Stamford Eye Care Inc,,,info@stamfordcapitalllc.com,,,+12033577181,http://stamfordcapitalllc.com,"Greenwich, CT",2,"Listed website is Stamford Capital LLC, an unrelated M&A advisory firm; no eye care content. Verify the real site for Stamford Eye Care.",yellowpages
Eye Associates of Boca Raton,,,,,,+15613918300,http://www.bocaeyeassociates.com,"Boca Raton, FL",2,"Eye Associates of Boca Raton, P.A.: surgical and medical eye care 45-50+ yrs; full service optical onsite with designer brands; several doctors incl. Christopher L. Burr OD.",yellowpages
Florida Eye Microsurgical Institute,,,,,https://www.linkedin.com/company/florida-eye-microsurgical-institute,+15614514514,http://www.fleyedocs.com,"Boca Raton, FL",2,"Multi-doctor ophthalmology group (retina, glaucoma, LASIK, cataract) in Boynton Beach/Boca. Mostly surgical.",yellowpages
At the Eye Boutique,,,,,,+19726084446,http://www.omnieyecarecenter.com,"Dallas, TX",2,"Site is Bright Eyes Vision Clinic with 3 offices (Richardson, Murphy, Plano); pediatric, geriatric and mobile bedside exams; in-network with all medical and vision insurance.",yellowpages
Optical Factory,,,,,,+12147416660,http://opticalfactory.net,"Dallas, TX",2,Website not live (under development page). No business details available.,yellowpages
Ready Reading Glasses Inc,,,customerservice@readingglasses.com,,,+12146316082,http://www.readingglasses.com,"Dallas, TX",2,"ReadingGlasses.com, established 1986: online retailer of readers and reading sunglasses; Tom Ford, Oliver Peoples, Maui Jim; free shipping and returns. Online only.",yellowpages
"New View Optical - Alice Choy, OD",,,,,,+12812057433,http://newview-optical.com,"Houston, TX",2,"Website newview-optical.com is hijacked by a gambling spam page. Business identity (Alice Choy, OD) unverifiable from site.",yellowpages
Shades of Crested Butte,,,,,,+19703492020,https://www.visitcrestedbutte.com,"Aspen, CO",2,"Listed site is the Visit Crested Butte tourism site, not the store's own site; no eyewear detail. Located in Crested Butte, not Aspen.",yellowpages
Glasse Etc Com,,,help@glassesetc.com,,,+12125354022,http://www.glassesetc.com,"New York, NY",2,"Glasses, Etc.: online retailer of new and preowned designer eyewear (Gucci, Oakley, Tiffany, Bulgari) for 20+ yrs; 702 phone. Online only, not a NYC storefront.",yellowpages
New England Eye Institute,,,,,,+16175875511,http://www.newenglandeye.org,"Boston, MA",2,Website shows default Apache test page. Name suggests medical eye institute. No details.,yellowpages
Longwood Medical Eye Center,,,,,https://www.linkedin.com/company/beth-israel-deaconess-medical-center,+16176673391,https://www.bidmc.org/contact-us,"Boston, MA",2,Website is a Beth Israel Deaconess Medical Center 404 page; hospital system eye center.,yellowpages
Neighborhealth Pharmacy at Maverick Square,,,,,https://www.linkedin.com/company/neighborhealthofficial,+16175684781,https://neighborhealth.com/en/care-and-services/services/#pharmacy,"Boston, MA",2,"NeighborHealth community health center, Boston, since 1970; pharmacy, radiology, eye care with frame and lens selection. Health system, not boutique.",yellowpages
Emory Eye Center,,,,,https://www.linkedin.com/company/emory-healthcare,+14047782020,http://www.emoryhealthcare.org/centers-programs/eye-center/index.html,"Atlanta, GA",2,"Emory Healthcare academic eye center, Atlanta: neuro-ophthalmology, glaucoma, low vision, optometry, specialty contacts.",yellowpages
Briggs Vision Group,,,info@acceleratedpti.com,,,+17703963460,http://www.briggsvisiongroup.com,"Atlanta, GA",2,"Listed website shows Accelerated Physical Therapy (Americus GA), unrelated to eye care. Verify the real site for Briggs Vision Group.",yellowpages
Composite Optics,,,,,,+18585866000,http://yellowpages.com/san-diego-ca/mip/composite-optics-462029452,"San Diego, CA",2,"Composite Optics, San Diego. Only a YellowPages listing, no site content; business type unverified.",yellowpages
Sharp Rees-Stealy Downtown Optical Shop,,,,,https://www.linkedin.com/company/sharp-healthcare,+16194461583,https://www.sharp.com/locations/sharp-rees-stealy-downtown-optical-shop?utm_source=yext&utm_medium=organic&utm_campaign=yext&y_source=1_ODQ4MzM3My01NTMtbG9jYXRpb24ud2Vic2l0ZQ%3D%3D,"San Diego, CA",2,"Optical shop inside Sharp HealthCare (hospital system); 400+ frames, VSP and EyeMed, by appointment only.",yellowpages
Optical Center-Bascom Palmer,,,webmaster@miami.edu,,,+13053266092,https://welcome.miami.edu,"Miami, FL",2,Optical center of Bascom Palmer (University of Miami); site captured is the university homepage only. Academic/hospital system.,yellowpages
Rogers Optical Boutique,,,,,https://www.linkedin.com/company/rogers-lowell-area-chamber-of-commerce,+18187070028,https://www.rogerslowell.com,"Los Angeles, CA",2,"Website points to Rogers-Lowell Area Chamber of Commerce (Arkansas), not an optical shop. Business unverifiable.",yellowpages
Dr Marc S Simmons,,,,,,+13106745123,https://www.marcsimmonsod.com,"Los Angeles, CA",2,Listed website marcsimmonsod.com now shows unrelated spam content; no practice info available. Verify before outreach.,yellowpages
Tri Vision Co,,,info@example.com,,,+12133840828,http://trivisioncompany.com,"Los Angeles, CA",2,Domain is parked at Hostinger; no business site. No details available.,yellowpages
Austin Eye Clinic,,,,,,+15122502020,https://eyeclinicofaustin.com,"Austin, TX",2,"Eye Clinic of Austin, ophthalmology practice: cataract, EVO ICL, LASIK, plus eye exams and optical. Medical Director Dr. Irshad. Insurance & financing page. Mainly surgical.",yellowpages
4 Your Eyes Only Optical,,,,,,+12065477430,http://www.4youreyesonlyoptical.com,"Seattle, WA",2,Domain is parked/unavailable (Gandi); business may be closed. No content.,yellowpages
Eye Care Center of Napa Valley,,,,,,+17072522020,http://www.eyecarecenternv.com,"Napa, CA",2,Comprehensive ophthalmology practice with three locations in Napa Valley and Northern California. Cataract surgery; review praises frame selection. Online contact lens ordering.,yellowpages
Eye Specialists of Napa Valley,,,,,,+17072556212,https://eyespecialists.com/?y_source=1_MjA0NDUzODQ4MS01NTMtbG9jYXRpb24ud2Vic2l0ZQ%3D%3D,"Napa, CA",2,"Eye Specialists of Napa Valley: ophthalmology practice 30+ years, cataract and glaucoma care, several MDs plus OD Phong Vu. No optical retail info.",yellowpages
Napa Optical Supply,,,,,,+17072265073,http://yellowpages.com/napa-ca/mip/i-ps-472004272,"Napa, CA",2,YellowPages stub only (Napa); no site content. Optical Supply name may indicate a supplier. Verify.,yellowpages
Dr. Yih-Hua Helen Kiang,Dr. Yih-Hua Helen Kiang,Independent Optometrist (OD),,,,+16505661254,https://doctors.eyeexamsnow.com/optometrists/ca/palo-alto/300-stanford-shopping-center.html?cid=yext_odLCOD3309-910000279&y_source=1_MzgwOTc2Mi01NTMtbG9jYXRpb24ud2Vic2l0ZQ%3D%3D,"Palo Alto, CA",1,"Independent OD at Stanford Shopping Center listed on eyeexamsnow chain network. Family and kids exams. Accepts EyeMed, Spectera, Superior Vision. Exam from $95.",yellowpages
Dr. Whitney Ng,Dr. Whitney Ng,Independent Doctor of Optometry (OD),,,,+14156779785,https://doctors.eyeexamsnow.com/optometrists/ca/san-francisco/170-o-farrell-st.html?cid=yext_odLCOD3367-910000242&y_source=1_MzgwOTc2Ny01NTMtbG9jYXRpb24ud2Vic2l0ZQ%3D%3D,"San Francisco, CA",1,"Independent OD at 170 O'Farrell St on eyeexamsnow chain-locator site. Accepts EyeMed, Davis Vision, Superior, Spectera; mentions FSA/HSA. Walk-in and same-day exams.",yellowpages
"Todd C. Hinshaw, O.D.",Dr. Todd C. Hinshaw,Independent Optometrist (OD),,,,+12392624150,https://eyedoctors.pearlevision.com/fl/naples/1894-tamiami-trl-n.html?cid=yext_odPVOD6588-110000643&y_source=1_MTkwMjIyNTAtNTUzLWxvY2F0aW9uLndlYnNpdGU%3D,"Naples, FL",1,Independent OD practicing at a Pearle Vision in Naples. Accepts EyeMed and VSP. Exam from $119. Chain-hosted page.,yellowpages
"Daniel Hachey, O.D.",Dr. Daniel Hachey,Independent Optometrist (OD),,,,+12392061192,https://local.targetoptical.com/eyedoctors/fl/naples/daniel-hachey-o-d?cid=yext_odTOOD4410-110001078&y_source=1_Mzg4MjgwNjUtNTUzLWxvY2F0aW9uLndlYnNpdGU%3D,"Naples, FL",1,"Independent OD practicing inside Target Optical in Naples (chain-hosted page); walk-in and same-day exams, contact lens fittings.",yellowpages
Sound Vision Care,Dr. Williams Jr.,Owner & Optometrist (OD),,,https://www.linkedin.com/company/sound-vision-care-li/,+16317274393,http://www.soundvisioncare.com,"Southampton, NY",1,"Sound Vision Care, founded by Dr. Williams Sr. OD; Dr. Williams Jr. (first name not given) is owner. Many offices across Long Island and NYC. Frames We Carry page, sunglasses.",yellowpages
Dr Drew Sax,Dr. Drew Sax,Independent Optometrist (OD),,,,+15613478283,https://local.lenscrafters.com/eyedoctors/fl/boca-raton/5700-w-glades-rd.html,"Boca Raton, FL",1,"Independent OD at LensCrafters, Boca Raton; kids exams. Accepts EyeMed, Davis, Superior, VSP. Chain-hosted page.",yellowpages
Velvet Eyewear,Cindy Hussey,Founder & Designer,cs@velveteyewear.com,,https://www.linkedin.com/company/velvet-eyewear,+15619312662,https://velveteyewear.com,"Boca Raton, FL",1,"Velvet Eyewear, women's luxury eyewear brand founded 1999 by optician Cindy Hussey. Sells online (sunglasses, Rx, blue light, Style Boxes, BOGO deals). A brand, not a local optical shop.",yellowpages
Key-Whitman Eye Center,Dr. Jeffrey Whitman,Chief Surgeon (MD),miriam@keywhitman.com,,https://www.linkedin.com/company/key-whitman-eye-center,+12142203937,http://www.keywhitman.com,"Dallas, TX",1,"Key-Whitman Eye Center: 13 DFW locations since 1961, LASIK, cataract, eyelid surgery, 15 ODs. Blog post on using FSA/HSA before year end.",yellowpages
Texas State Optical Briargrove,Dr. Ayesha Butt,Lead Optometrist (OD),,https://www.linkedin.com/in/ayesha-butt-o-d-873a7416,,+17137852022,http://www.tsobriargrove.com,"Houston, TX",1,"Texas State Optical franchise office in Briargrove Shopping Plaza, Houston, serving since 1997. Frames, sunglasses, sports eyewear, brands; Shop Our Frames link. Also Dr. Emily Pham, OD.",yellowpages
Texas State Optical-Clear Lake,Dr. Joshua Devera,Owner & Optometrist (OD),,,,+12817298805,https://www.clearlaketso.com,"Houston, TX",1,"Texas State Optical Clear Lake, part of TSO network of doctor-owned practices. Frames, sunglasses, sports eyewear, pediatric exams, insurance page. Reviews say patients since he opened.",yellowpages
"Dr. Alex Russakovsky, Optometrist, and Associates - Somerville",Dr. Alex Russakovsky,"Optometrist (OD), practice lead",,,,+16176237522,https://eyedoctors.pearlevision.com/ma/somerville/22-mcgrath-hwy.html?cid=yext_odPVOD7672-210000913&y_source=1_Mjg3MjUzNy01NTMtbG9jYXRpb24ud2Vic2l0ZQ%3D%3D,"Boston, MA",1,"Independent OD practice at Pearle Vision, 22 McGrath Hwy, Somerville (franchise setting). Accepts EyeMed, Spectera.",yellowpages
"Dr. Wilson Phu, O.D.",Dr. Wilson Phu,Optometrist (OD),,,,+16195397183,https://doctors.eyeexamsnow.com/eyedoctors/ca/san-diego/3345-rosecrans-st.html?cid=yext_odPVODC978-110000238&y_source=1_MTQxODczNDYtNTUzLWxvY2F0aW9uLndlYnNpdGU%3D,"San Diego, CA",1,Independent OD office at 3345 Rosecrans St on a chain-affiliated eye exam network page. Exams from $89. No frame info.,yellowpages
Poets Eyewear,Sylvia Paassch-Obersetein,Founder,info@poetseyewear.com,,,+13059828110,http://poetseyewear.com,"Miami, FL",1,Poets Eyewear: luxury frame brand/wholesaler (incl. COCOSONG) selling to retailers and ophthalmologists. Not a local retail boutique.,yellowpages
Mann Eye Institute,Dr. Mike Mann,Founder & Practice Leader,,,,+15123274123,https://www.manneye.com/locations-directions/south-austin-location/?y_source=1_OTA3NDc4OC01NTMtbG9jYXRpb24ud2Vic2l0ZQ%3D%3D,"Austin, TX",1,"Mann Eye Institute, LASIK and cataract surgery group with many Austin and Houston area locations. Surgical focus.",yellowpages
Dean Ezaki OD,Dr. Dean A. Ezaki,Owner & Optometrist (OD),,,,+17079388116,http://www.deanezakiod.com,"Napa, CA",1,"Sonoma optometry, 46 years; voted Best Optometrist and Best Eyeglass Store 2025. Dr. Ezaki is retiring; office closes Dec 31, 2026.",yellowpages
Roberts Optical Co,,,clientservices@robertmarc.com,,,+13102764121,http://robertmarc.com,"Beverly Hills, CA",1,"Robert Marc, New York eyewear brand and retailer since 1981 with multiple locations; carries Cartier, own collections. 212 phone.",yellowpages
"Westside Vision Optometry, provider of Eyexam of CA",,,,,,+14242491957,https://doctors.eyeexamsnow.com/optometrists/ca/los-angeles/10250-santa-monica-boulevard.html?cid=yext_odLCODA670-110000961&y_source=1_Mjk0MjQwMjgtNTUzLWxvY2F0aW9uLndlYnNpdGU%3D,"Beverly Hills, CA",1,"Independent OD inside Eyexam of CA (chain-affiliated). Kids eye exams, walk-in/same day. Takes EyeMed, Davis Vision, Superior Vision, UHC/Spectera. Exam from $84.95.",yellowpages
Retrospecs & Co.,,,info@retrospecs.com,,,+13106574217,http://www.retrospecs.com,"Beverly Hills, CA",1,"Restores and resells vintage 1890s-1980s eyewear; founders Jay and Marya (surnames not shown). Makes Cuthbert & Chen collection. 46 craftsmen, sells via dealerships. Wholesale/brand, not a local boutique.",yellowpages
Site for Sore Eyes - Palo Alto,,,optician-pa@sfsepa.com,,,+16503272020,https://www.siteforsoreeyes.com/palo-alto-location,"Palo Alto, CA",1,"Site for Sore Eyes retail chain location. Carries DITA, Lindberg, Tom Ford. Bills EyeMed, Spectera, Superior Vision; promotes FSA/HSA use. Independent OD Dr. Shireen Haghshenas on site.",yellowpages
Site for Sore Eyes - SF Fillmore St,,,,,,+14159220660,https://www.siteforsoreeyes.com/san-francisco-fillmore-street-location,"San Francisco, CA",1,"Site for Sore Eyes chain store (Emerging Vision brand). Tom Ford, takes Davis Vision, EyeMed, Spectera, Superior Vision, FSA/HSA. Independent OD Monica Chernoguz on site.",yellowpages
Total Vision Richmond,,,,,,+14153873553,https://richmondvisioncare.com,"San Francisco, CA",1,"Part of Total Vision network (formerly Richmond Vision Care), SF Richmond district. ODs Bonnie Lau and Michael Arrieta. Designer frames, ortho-k, insurance page.",yellowpages
Eye Boutique,,,,,,+18478919096,http://www.eyeboutique.com,"Chicago, IL",1,"Multi-location Chicago optical chain with several ODs; accepts most vision insurance including union plans, has HSA/FSA page, carries Michael Kors.",yellowpages
Selective Eyewear Elements,,,,,https://www.linkedin.com/company/see-eyewear,+17737288489,http://www.seeeyewear.com/locations/chicago---clark-street,"Chicago, IL",1,"SEE eyewear regional chain since 1998, Clark Street Chicago location. Voted Best Eyewear 90 times. Online shop, eye exams, Exams & Insurance and Flex Spending & HSA pages.",yellowpages
Sears,,,,,,+16024748400,http://www.sears.com/stores/arizona/phoenix/0001588.html,"Scottsdale, AZ",1,Sears department store listing; store page no longer exists. Not an independent optical.,yellowpages
Sharona Optical,,,,,,+16029961595,http://www.horizonlaservision.com,"Scottsdale, AZ",1,"Listing resolves to Horizon Eye Specialists, multi-location Phoenix-area ophthalmology and LASIK group, 30+ yrs, 10+ ODs, optical shops at 5 locations.",yellowpages
Southwestern Eye Center,,,_avpmarketing@americanvp.com,,,+14808928400,http://www.sweye.com,"Scottsdale, AZ",1,"Multi-specialty eye practice (cataract, glaucoma) under American Vision Partners; optical with opticians. Contact emails are parent-group addresses.",yellowpages
2020 Image Eye Ctr-Scottsdale,,,,,,+14806140055,http://2020image.com,"Scottsdale, AZ",1,"20/20 Image Eye Center network, founded 1996 in Fountain Hills, joined AEG Vision in 2018. Multi-location. Designer frames. Site shows countdown until insurance benefits and FSA expire.",yellowpages
Zmyslinski Eye and Contact Lens Center,,,,,,+14809459971,https://local.lenscrafters.com/eyedoctors/az/scottsdale/7014-e-camelback-rd.html?cid=yext_odLCOD0552-910000856&y_source=1_OTAyNzgzNy01NTMtbG9jYXRpb24ud2Vic2l0ZQ%3D%3D,"Scottsdale, AZ",1,"Independent OD office inside LensCrafters Scottsdale. Accepts EyeMed, Davis Vision FEP, Spectera, FSA, HSA. Exam from $130. Chain-hosted.",yellowpages
Desert Vista Eye Specialists,,,,,,+14804830711,https://www.desertvistaeye.com/locations/scottsdale-az/?utm_source=extnet&utm_medium=yext,"Scottsdale, AZ",1,"Desert Vista Eye Specialists: multi-location Phoenix-area eye care group, 30+ years. Accepts Davis Vision, EyeMed, Spectera, Superior Vision. Scottsdale location page.",yellowpages
Family First Vision Care - Sonora Village,,,,,,+14809481131,https://eyedoctors.pearlevision.com/az/scottsdale/15681-n-hayden-rd.html?cid=yext_odPVOD7832-910000040&y_source=1_MzMxNzY1NS01NTMtbG9jYXRpb24ud2Vic2l0ZQ%3D%3D,"Scottsdale, AZ",1,"Independent OD office inside Pearle Vision (franchise). Accepts VSP, EyeMed, Davis, Spectera.",yellowpages
Eye Centers of Florida,,,,,,+12393520830,http://www.ecof.com,"Naples, FL",1,"The Eye Associates (Eye Centers of Florida): statewide group of ophthalmologists, 25+ ODs, hearing and cosmetic care, LASIK, online store.",yellowpages
Rockman Eye Associates,,,,,,+12396491650,https://local.lenscrafters.com/eyedoctors/fl/naples/2628-tamiami-trl-n.html?cid=yext_odLCOD0851-110000263&y_source=1_MTQ3MDI4NDctNTUzLWxvY2F0aW9uLndlYnNpdGU%3D,"Naples, FL",1,"Independent OD office inside LensCrafters Naples. Accepts EyeMed, Spectera.",yellowpages
Optical Outlets,,,,,,+12392610229,https://opticaloutlets.com/locations/naples-2,"Naples, FL",1,"Optical Outlets chain location. Promo pricing, accepts many vision insurance plans.",yellowpages
Cohen's Fashion Optical,,,cfo882@cohensfashionoptical.com,,https://www.linkedin.com/company/cohens-fashion-optical,+16317273173,https://www.cohensfashionoptical.com/locations/720-old-country-rd,"Southampton, NY",1,"Cohen's Fashion Optical Riverhead store, East Coast chain since 1927. Tom Ford, takes Davis Vision, EyeMed, Spectera, Superior Vision, FSA/HSA. Dr. Bandolik OD on site.",yellowpages
L I Vitreo Retinal,,,,,https://www.linkedin.com/company/vrcny,+16319050666,https://www.vrcny.com,"Southampton, NY",1,"Vitreoretinal Consultants of NY: retina-only group since 1981, many NY locations, part of Retina Consultants of America. No optical retail.",yellowpages
Greenwich Optics,,,,,https://www.linkedin.com/company/greenwich-hospital,+12035526830,https://www.greenwichhospital.org,"Greenwich, CT",1,"Listed website is Greenwich Hospital (Yale New Haven Health), not an optical shop; no info about Greenwich Optics itself.",yellowpages
New England Retina Associates,,,,,https://www.linkedin.com/company/new-england-retina-associates-pc,+12035713479,https://www.retinamd.com/locations/old-greenwich,"Greenwich, CT",1,"New England Retina Associates: retina specialist medical group, 4+ CT offices, referral practice. Not a frame retailer.",yellowpages
"Blum, Kenneth S, OD",,,,,https://www.linkedin.com/company/cohens-fashion-optical,+12033599145,http://www.cohensfashionoptical.com,"Greenwich, CT",1,"Listing points to Cohen's Fashion Optical chain homepage (since 1927). 50% off frames, accepts major vision plans and FSA/HSA. Not independent.",yellowpages
Eyeconn Associates,,,,,,+12033243361,https://eyedoctors.pearlevision.com/ct/stamford/111-broad-st.html?cid=yext_odPVOD8319-210004460&y_source=1_MTMxMDUxNzAtNTUzLWxvY2F0aW9uLndlYnNpdGU%3D,"Greenwich, CT",1,"Independent ODs inside a Pearle Vision store, Stamford CT (chain-hosted page). Accepts EyeMed, Spectera, VSP.",yellowpages
National Eyecare Associates,,,,,,+12033482665,https://local.lenscrafters.com/eyedoctors/ct/stamford/100-greyrock-pl.html?cid=yext_odLCOD0510-110000941&y_source=1_Mjg4Mzc0NjMtNTUzLWxvY2F0aW9uLndlYnNpdGU%3D,"Greenwich, CT",1,"Independent OD exam office on the LensCrafters site in Stamford. Exam from $128. Accepts EyeMed, UHC/Spectera. Chain-affiliated.",yellowpages
Eye Care Advisors,,,,https://www.linkedin.com/in/aeeyecareadvisors,,+15612457035,http://eyecareadvisors.com,"Boca Raton, FL",1,"Eyecare Advisors Group acquires/builds optometry practices (Visual Eyes Boca, Seaview, Bocaview Optical); offices have joined MyEyeDr.",yellowpages
Cohen's Fashion Optical,,,cfo068@cohensfashionoptical.com,,https://www.linkedin.com/company/cohens-fashion-optical,+15613681187,https://www.cohensfashionoptical.com/locations/town-center-at-boca-raton,"Boca Raton, FL",1,"Cohen's Fashion Optical Boca Town Center store, regional chain. Gucci, Ferragamo, Tom Ford; FSA & HSA page.",yellowpages
City Place Eyecare,,,cityplaceeyecare@gmail.com,,,+12148232422,https://local.targetoptical.com/eyedoctors/tx/dallas/city-place-eyecare?cid=yext_odTOOD9689-910000789&y_source=1_ODU4Njk3Ny01NTMtbG9jYXRpb24ud2Vic2l0ZQ%3D%3D,"Dallas, TX",1,"Independent OD office listed on Target Optical locator, 2417 N Haskell Ave Dallas. Exam from $144, contact lens exam from $184. No retail or owner detail.",yellowpages
Black Optical,,,dallas@blackoptical.com,,,+14698997559,http://blackoptical.com,"Dallas, TX",1,"Luxury optical with 6 showrooms (Tulsa, OKC, Dallas, Clearfork, St. Louis CWE and Clayton). Cartier, DITA, Oliver Peoples, Yagan Stone. Online shop, Flex Spending and HSA page.",yellowpages
Eyecare Services Partners Management,,,,,https://www.linkedin.com/company/eyecare-services-partners,+19729724815,https://www.espmgmt.com,"Dallas, TX",1,Eyecare Services Partners: management group running multiple ophthalmology/optometry practice brands. Not an independent boutique.,yellowpages
Texas State Optical Glenbrook,,,,,https://www.linkedin.com/company/tso,+17136440486,http://www.hobbytso.com,"Houston, TX",1,"Texas State Optical network office (TSO, est. 1936, statewide network and vision plan). Network-branded page, no local details.",yellowpages
All American Eye Glass Repair,,,,,,+17136229992,http://www.americaneyeglassrepair.com,"Houston, TX",1,"All American Eyeglass Repair: family owned since 1987, 16 walk-in locations plus mail-in centers. Repairs Ray-Ban, Oliver Peoples, Cartier, etc. Repair chain, not a frame boutique.",yellowpages
ReadingGlasses.com,,,customerservice@readingglasses.com,,,+17135213637,http://www.readingglasses.com,"Houston, TX",1,"Online retailer of reading glasses and readers, established 1986. Sells Maui Jim, Tom Ford, Oliver Peoples. Free US shipping and returns. Not a local boutique.",yellowpages
Today's Vision Tanglewood,,,,,,+17137823937,http://www.2020tanglewood.com,"Houston, TX",1,"Today's Vision Tanglewood, Houston: part of multi-location Today's Vision group (Tomball, Briar Forest, Cypress, etc.). Designer eyewear gallery, insurance page.",yellowpages
City Eyewear,,,City_eyewear@yahoo.com,,,+17132787700,https://cityeyewear.net/contact-us,"Houston, TX",1,"Wholesale sunglasses distributor at 8080 Harwin Dr, Houston; wide fashion sunglass lines and color contacts. Online store. Not a retail optical boutique.",yellowpages
Cohens,,,,,https://www.linkedin.com/company/cohens-fashion-optical,+12128898255,http://www.cohensfashionoptical.com,"New York, NY",1,"Cohen's Fashion Optical: multi-location NYC chain founded 1927 by Jack Cohen. Accepts all major vision plans, promotes FSA/HSA. 50% off frames offers.",yellowpages
SEE,,,,,https://www.linkedin.com/company/see-eyewear,+13479160011,http://www.seeeyewear.com,"New York, NY",1,"SEE Eyewear, multi-location eyewear retailer since 1998 with online shop, virtual try-on, own HD lenses. Mentions exams, insurance, FSA/HSA. Chain, not independent.",yellowpages
Vistasite Bronx,,,,,,+17185851500,https://www.vistasiteeyecare.com/contents/locations/bronx-2882-3rd-ave,"New York, NY",1,VistaSite Eye Care Bronx location; multi-location NYC chain with many phone lines.,yellowpages
Optyx,,,customerservice@optyx.com,,,+12126883580,http://www.optyx.com,"New York, NY",1,"OPTYX luxury eyewear, NYC since 1971, 13 locations. Cartier, Chanel, Dita, Lindberg, Oliver Peoples, Tom Ford. Insurance accepted, styling appointments, eye exams.",yellowpages
Ocb Optical Inc,,,,,,+16177220220,https://www.eyeboston.com/locations,"Boston, MA",1,Ophthalmic Consultants of Boston: ophthalmology group with 13 locations across Massachusetts.,yellowpages
"Cohen's Fashion Optical â?¢ this store has closed. Your records are now at 32 Summer St, Boston.",,,help@cohensfashionoptical.com,,https://www.linkedin.com/company/cohens-fashion-optical,+16175429221,https://www.cohensfashionoptical.com/locations/32-summer-st,"Boston, MA",1,"Cohen's Fashion Optical, 32 Summer St Boston (listing notes a closed store merged here). East Coast chain since 1927, insurance and FSA/HSA pages.",yellowpages
Exeter Eye Associates,,,,,,+16174379995,https://local.lenscrafters.com/eyedoctors/ma/boston/201-newbury-street.html?cid=yext_odLCOD1140-210003614&y_source=1_MjI4MDE3Ni01NTMtbG9jYXRpb24ud2Vic2l0ZQ%3D%3D,"Boston, MA",1,"Independent OD office inside LensCrafters at 201 Newbury St, Boston. Exams from $165. Accepts EyeMed. No frame info.",yellowpages
State Street Eye Health Associates,,,,,https://www.linkedin.com/company/myeyedr-,+16177427200,https://locations.myeyedr.com/ma/boston/33-broad-street,"Boston, MA",1,"MyEyeDr. national chain office at State Street, Boston. Accepts VSP, EyeMed; HSA/FSA promos; designer frame discounts.",yellowpages
Depoe Eye Center,,,,,https://www.linkedin.com/company/depoe-eye-center,+14043852701,https://www.depoeeyecenter.com/gatech,"Atlanta, GA",1,"DePoe Eye Center, multi-location Georgia group with 13 doctors; Georgia Tech location, official eye care of GT Athletics. Designer eyewear, LeStanne Opticians, insurance page.",yellowpages
Georgia Eye Associates - Atlanta Office,,,,,,+14042333267,https://www.georgiaeyeassociates.com/locations/eye-doctor-buckhead/?y_source=1_MTA3Njk5NzctNTUzLWxvY2F0aW9uLndlYnNpdGU%3D,"Atlanta, GA",1,"Georgia Eye Associates: multi-location ophthalmology/optometry group (Buckhead, Lawrenceville, surgery center) with optical shops.",yellowpages
Plattner Kimberly O.D.,,,ranchobernardo@totalvisionllc.com,,,+18582230653,http://www.tvceye.com,"San Diego, CA",1,"Total Vision Rancho Bernardo, part of Total Vision group. 25+ years. Designer eyeglasses and sunglasses, accepts most vision plans, ortho-k and myopia control for kids.",yellowpages
Total Vision Care Advanced Optometry,,,RanchoBernardo@totalvisionllc.com,,,+18584813937,http://tvceyes.com,"San Diego, CA",1,"Total Vision Rancho Bernardo: location-branded site of the Total Vision group. 25+ years, designer eyeglasses and sunglasses, ortho-k, myopia control. Most vision insurance accepted.",yellowpages
Optica Fashion Valley,,,,,,+16192950537,http://www.opticausa.com,"San Diego, CA",1,"Optica, multi-location luxury eyewear retailer: Cartier, Chanel, Tom Ford, Dita, Gucci, Prada, stylists, HD lenses. Accepts most insurance. Chain, not owner-run.",yellowpages
Total Vision Rancho Bernardo,,,ranchobernardo@totalvisionllc.com,,,+18584875555,https://totalvisionranchobernardo.com,"San Diego, CA",1,"Total Vision Rancho Bernardo, part of Total Vision network; 25+ years, designer eyeglasses and sunglasses, most vision insurance accepted, ortho-k.",yellowpages
Floats Eyewear,,,info@floatsinc.com,,,+13053269800,https://floatsinc.com,"Miami, FL",1,"Floats Eyewear: Miami sunglasses brand since 1986 (floating polarized), brands Ego Eyewear, Floats Polarized, elevenMiami. Wholesale/brand, not an optical boutique.",yellowpages
Balcones Eyecare,,,,,,+15123362371,https://www.balconeseyecare.com/contact-us/contact-form,"Austin, TX",1,"Balcones Eyecare, Austin: notice says Drs. David Hammond and Yi-Ming Harrison retired; Dr. Patrick Harrison seeing patients elsewhere. Practice appears closed.",yellowpages
SPM Optometry Associates,,,,,,+15122929888,https://local.targetoptical.com/eyedoctors/tx/austin/spm-optometry-associates?cid=yext_odTOOD2210-210002810&y_source=1_MjMyNjg1OS01NTMtbG9jYXRpb24ud2Vic2l0ZQ%3D%3D,"Austin, TX",1,"Independent OD inside Target Optical, Austin. Takes EyeMed. Exam from $79.",yellowpages
Paris Miki,,,,,https://www.linkedin.com/company/paris-miki-optical-seattle,+12066528436,http://parismikiusa.com,"Seattle, WA",1,"Paris Miki USA: Japanese eyewear brand founded 1930, stores in Seattle and Bellevue. Asian Fit frames, Japanese 1.76 lenses, on-site labs, insurance help. Independent OD Dr. Aimee Liu.",yellowpages
Selective Eyewear Elements,,,,,https://www.linkedin.com/company/see-eyewear,+12062885040,http://www.seeeyewear.com/locations/seattle,"Seattle, WA",1,"Listing points to SEE Eyewear Seattle location, multi-location retailer since 1998 with online shop. Mentions insurance and FSA/HSA. Chain, not independent.",yellowpages
Vision Source Eye Care & Optical,,,contactus@visionsource.com,,https://www.linkedin.com/company/811453,+12067674737,http://visionsource-homestead.com,"Seattle, WA",1,"Site resolves to Vision Source corporate network page (Kingwood TX), not the local practice. Network/franchise affiliated.",yellowpages
Madison Avenue Optical,,,,,,+12062152017,http://www.eanw.net,"Seattle, WA",1,"Listing resolves to Eye Associates Northwest, Seattle ophthalmology and optometry group, 80+ yrs, 5 locations (Ballard, Edmonds, First Hill, Kirkland, Northgate), opticians on staff.",yellowpages
North Bay Eye Associates,,,,,,+17079961052,http://www.northbayeye.com,"Napa, CA",1,"North Bay Eye Associates: ophthalmology group with offices in Santa Rosa, Healdsburg, Sonoma, Petaluma; eyeglasses and sunglasses; Insurance and Payments page.",yellowpages
Sterling Visioncare,,,,,,+17074212020,http://siteforsoreeyes.com,"Napa, CA",1,"Listing points to Site for Sore Eyes homepage, Bay Area optical chain with 40+ locations (Emerging Vision brand). Takes insurance, $89 exams by independent OD.",yellowpages
Wal-Mart - FirstSight Vision Center,,,,,,+17075574073,http://www.walmart.com,"Napa, CA",1,"Walmart FirstSight Vision Center; big-box retailer optical, not independent.",yellowpages
Chia Samuel S OD,,,,,,+17075541215,http://primaryeyecare.com,"Napa, CA",1,Primary EyeCare: network of affiliated optometry practices (HQ Brentwood TN); designer eyewear; site has countdown to insurance benefits and FSA expiry.,yellowpages
"Steinsapir, Kenneth",Dr. Kenneth Steinsapir,Owner & Oculoplastic Surgeon (MD),,https://www.linkedin.com/in/lidlift,,+13102747422,http://www.lidlift.com,"Beverly Hills, CA",0,"LidLift: Beverly Hills eyelid plastic surgery practice (blepharoplasty, Botox Microdroplet Lift). No eyewear sales.",yellowpages
Optical Fusion Inc,Mukund Thapa,"CEO, President & CTO",,,,+16509676908,https://videomonet.com/company_profile.php,"Palo Alto, CA",0,"Video conferencing software company (Video Monet), not an eyewear business.",yellowpages
"Jeremy Bier, DPM",Dr. Jeremy Bier,"Podiatrist (DPM, FACFAS)",,,,+12039759600,https://stamfordfootcare.com,"Greenwich, CT",0,"Foot and ankle podiatry practice in Stamford, 20+ years. Not an eyewear business.",yellowpages
Pe 101,Joan Teige,Founder & Owner,pe101aspen@gmail.com,,,+19709259317,http://www.pe101aspen.com,"Aspen, CO",0,"P.E.101, Aspen women's fashion boutique founded 1979 by Joan Teige. Clothing, not eyewear.",yellowpages
AEI Optical Boutique,,,,,,+13106521396,https://www.aeiopticalboutique.com,"Beverly Hills, CA",,,yellowpages
Chanel,,,,,,+13102785500,http://chanelbeverlyhills.localsearch.com,"Beverly Hills, CA",,,yellowpages
Optix Boutique,,,,,,+13106595005,http://optixboutique.localsearch.com,"Beverly Hills, CA",,,yellowpages
Sunsations Sunglass Boutique,,,,,,+13103946039,http://sunsationssunglassboutique.localsearch.com,"Beverly Hills, CA",,,yellowpages
BYREDO Los Angeles Melrose,,,,,https://www.linkedin.com/company/byredo/,+13107869950,https://www.byredo.com?utm_source=yext&utm_medium=extnet,"Beverly Hills, CA",0,"Global perfume, candle and body care brand founded in Stockholm 2006; flagship store, not an eyewear business.",yellowpages
Dolce & Gabbana,,,sustainability@dolcegabbana.com,,https://www.linkedin.com/company/dolce-&-gabbana,+13103607282,https://www.dolcegabbana.com,"Beverly Hills, CA",0,"Dolce & Gabbana fashion/beauty house; national luxury brand, not an independent optical shop.",yellowpages
JCPenney,,,,,,+13105382900,https://www.jcpenney.com/locations/ca/santaclarita/clothing-stores-santaclarita-ca-465.html,"Beverly Hills, CA",,,yellowpages
Dr. Doris Boudaie,,,,,,+13103603937,http://local.lenscrafters.com/eyedoctors/ca/los-angeles/8500-beverly-blvd.html?cid=yext_odLCOD7471,"Beverly Hills, CA",,,yellowpages
Optics by Victor,,,,,,+13102749144,http://opticsbyvictor.localsearch.com,"Beverly Hills, CA",,,yellowpages
Dan Deutsch Optical Outlook,,,,,,+13106599089,http://www.dandeutschopticaloutlook.com,"Beverly Hills, CA",,,yellowpages
Strand Optical Inc.,,,,,,+13108586654,http://strand-optical-inc.hub.biz,"Beverly Hills, CA",,,yellowpages
Person for Max Corp,,,,,,+13102747089,http://personformaxcorp.localsearch.com,"Beverly Hills, CA",,,yellowpages
Eyewear Movement,,,,,,+13103855814,http://eyewearmovementca.localsearch.com,"Beverly Hills, CA",,,yellowpages
Bada USA,,,,,,+13106528282,http://badausa.com,"Beverly Hills, CA",,,yellowpages
Diane Garcia Ph.D.,,,,,,+13105521369,http://dianegarciaphd.localsearch.com,"Beverly Hills, CA",,,yellowpages
La Loop,,,,,,+13104491155,https://laloop.com/pages/privacy-policy,"Beverly Hills, CA",,,yellowpages
Optics by Arne,,,,,,+13102766511,http://www.opticsbyarne.com,"Beverly Hills, CA",,,yellowpages
SEE,,,,,,+13103606998,http://www.seeeyewear.com,"Beverly Hills, CA",,,yellowpages
Optique by Cynthia & Christine L L C,,,,,,+13102711313,http://www.dillonoptics.com,"Beverly Hills, CA",,,yellowpages
Contacts & Connections,,,,,,+13105507009,http://contactsconnections.localsearch.com,"Beverly Hills, CA",,,yellowpages
Cedar View Optical,,,,,,+13102735367,http://cedarviewoptical.localsearch.com,"Beverly Hills, CA",,,yellowpages
American Eye Institute,,,,,,+13106521133,http://americaneyeinstitutelosangeles.com,"Beverly Hills, CA",,,yellowpages
Visioncare Associates,,,,,,+13102713937,http://visioncareassociatesca.localsearch.com,"Beverly Hills, CA",,,yellowpages
Persol For Max & Co,,,,,,+13102751999,http://www.persol.com/usa/history,"Beverly Hills, CA",,,yellowpages
Glaucoma Institute Beverly Hills,,,,,,+13108551112,http://backinstitute.net,"Beverly Hills, CA",,,yellowpages
Robertson Optical,,,,,,+13106596949,http://robertsonoptical.localsearch.com,"Beverly Hills, CA",,,yellowpages
Pico Optometry,,,,,,+13102761702,http://www.stantonoptical.com,"Beverly Hills, CA",0,"Listing resolves to Stanton Optical, a national chain (since 2007, own frame designs, central lab). Accepts insurance and FSA/HSA. Not an independent.",yellowpages
Advanced Vision Care,,,,,,+13102291220,http://www.advancedvisioncare.com,"Beverly Hills, CA",,,yellowpages
University Optometry - CLOSED,,,,,,+16503291600,https://www.universityoptometry.com,"Palo Alto, CA",,,yellowpages
Palo Alto Eyeworks,,,,,,+16503275665,http://www.paloaltoeyeworks.com,"Palo Alto, CA",,,yellowpages
Tory Burch,,,,,https://www.linkedin.com/company/tory-burch/,+16505661610,https://www.toryburch.com/en-us/store-locator/us/palo-alto-palo-alto/21,"Palo Alto, CA",0,"National fashion brand boutique (handbags, shoes, ready-to-wear) that also sells sunglasses and eyeglasses. Not an independent optical.",yellowpages
Ermenegildo Zegna at Wilkes Bashford,,,,,,+16503227080,http://www.zegna.us,"Palo Alto, CA",,,yellowpages
Byers Eye Institute,,,,,,+16507236995,,"Palo Alto, CA",,,yellowpages
Louis Vuitton Palo Alto,,,,,,+16503282801,https://us.louisvuitton.com/eng-us/point-of-sale/usa/louis-vuitton-palo-alto-?utm_source=yext&utm_medium=organic&utm_campaign=store_listing_storepage,"Palo Alto, CA",,,yellowpages
Sears Optical,,,,,,+16509176068,http://www.searsoptical.com,"Palo Alto, CA",,,yellowpages
MLD Technologies,,,ems-mediarelations@ga.com,,https://www.linkedin.com/company/general-atomics,+16509383780,http://www.mldtech.com,"Palo Alto, CA",0,Not eyewear. Site redirects to General Atomics news: GA acquired MLD Technologies (laser components).,yellowpages
Input Optics Inc.,,,,,,+16509693108,http://www.inputoptics.com,"Palo Alto, CA",0,"Dental technology integrator (practice software, x-ray, networks), founded 1971. Not an eyewear business.",yellowpages
Zig-Align,,,,,,+16503243704,http://zig-align.com,"Palo Alto, CA",,,yellowpages
Ocular Dynamics,,,,,,+16502411045,http://oculardynamics.localsearch.com,"Palo Alto, CA",,,yellowpages
Precision Eyecare Centers,,,,,,+16509670140,http://precisioneyes.com,"Palo Alto, CA",,,yellowpages
Optometric Center For Family,,,,,,+16505931661,https://www.familyvisioncare.org,"Palo Alto, CA",,,yellowpages
Tearse Eye Care,,,,,,+16503683937,,"Palo Alto, CA",,,yellowpages
Eyeexam of California,,,,,,+16509612926,http://eyeexamofcalifornia.localsearch.com,"Palo Alto, CA",,,yellowpages
Benchworks,,,,,,+16509657084,https://www.benchworksoptical.com,"Palo Alto, CA",,,yellowpages
T.J. Maxx & HomeGoods,,,,,,+16505088381,https://tjmaxx.tjx.com/store/index.jsp,"Palo Alto, CA",,,yellowpages
Rose Howard OD & Associates,,,,,,+16503642215,http://drhowardrose.com/home.html,"Palo Alto, CA",,,yellowpages
Chanel,,,,,,+14159811550,https://www.chanel.com/us/fashion/services/boutique-san-francisco/?y_source=1_MTQ5MzEwMjMtNTUzLWxvY2F0aW9uLndlYnNpdGU%3D,"San Francisco, CA",0,"Chanel San Francisco fashion boutique, national luxury brand.",yellowpages
Dolce & Gabbana,,,sustainability@dolcegabbana.com,,https://www.linkedin.com/company/dolce-&-gabbana,+14154300067,https://www.dolcegabbana.com,"San Francisco, CA",0,"Global luxury fashion house (fashion, beauty, casa, food). Not an eyewear business.",yellowpages
SEE,,,,,,+14152844554,http://www.seeeyewear.com/locations/san-francisco---palace-hotel,"San Francisco, CA",,,yellowpages
Clear Vision Optical,,,,,,+14159213222,,"San Francisco, CA",,,yellowpages
"Jins Eyewear Us, Inc.",,,,,,+14154459170,http://jins.com/us,"San Francisco, CA",,,yellowpages
Rims & Goggles,,,,,,+14153469907,http://www.rimsandgogglessf.com,"San Francisco, CA",,,yellowpages
Topology Eyewear,,,,,,+14159938676,https://s.topologyeyewear.com,"San Francisco, CA",,,yellowpages
Westward Leaningwestward Leaning,,,,,,+14159265527,http://westwardleaningwestwardleaning.localsearch.com,"San Francisco, CA",,,yellowpages
Atlantis Eyecare,,,,,,+14154331600,http://atlantiseyecare538326620.localsearch.com,"San Francisco, CA",,,yellowpages
Dita,,,,,,+14156233800,http://dita.com,"San Francisco, CA",,,yellowpages
Premier Eyecare,,,,,,+14156483600,http://www.premier-eyecare.com,"San Francisco, CA",,,yellowpages
Illesteva,,,,,,+14154005070,http://illesteva542528332.localsearch.com,"San Francisco, CA",,,yellowpages
Optical Works Eyewear,,,,,,+14153451200,,"San Francisco, CA",,,yellowpages
PRO Design Eyewear,,,,,,+14152764400,http://prodesigneyewearca.localsearch.com,"San Francisco, CA",,,yellowpages
Bex Spex,,,,,,+14152397739,https://www.bexspex.com,"San Francisco, CA",,,yellowpages
Accuvit,,,,,,+14155130433,http://accuvit.localsearch.com,"San Francisco, CA",,,yellowpages
Vision Optical Shop,,,,,,+14154763100,http://visionopticalshop.localsearch.com,"San Francisco, CA",,,yellowpages
Choice Eyewear,,,,,,+14157538801,http://choiceeyewear.com,"San Francisco, CA",,,yellowpages
BudgetWear,,,,,,+14158684646,,"San Francisco, CA",,,yellowpages
Sterling Optical,,,,,,+14154952020,http://sterlingvisioncare.com,"San Francisco, CA",,,yellowpages
Eye Center Diagnostic Services,,,,,,+14153536100,http://eyecenterdiagnosticservices.localsearch.com,"San Francisco, CA",,,yellowpages
Lakeside Optical,,,,,,+14153342022,http://www.manta.com/c/mmd9pk7/leybin-lakeside-optical,"San Francisco, CA",,,yellowpages
Laservue Eye Center,,,,,,+14153465500,http://www.laservue.com,"San Francisco, CA",,,yellowpages
Hearing & Low Vision Solutions,,,,,,+14153197301,https://www.hearsf.com,"San Francisco, CA",0,"Hear SF: hearing aid clinic (testing, fitting, repair), not eyewear. Owner is a hearing aid dispenser, name not given.",yellowpages
Galileo Optical Boutique,,,,,,+17738362020,http://galileoopticalboutique.localsearch.com,"Chicago, IL",,,yellowpages
Chanel,,,,,,+13127875500,https://www.chanel.com/us/fashion/services/boutique-chicago/?y_source=1_MjQ1NjM5NjQtNTUzLWxvY2F0aW9uLndlYnNpdGU%3D,"Chicago, IL",0,"Chanel brand boutique (Chicago). National luxury brand, not an independent optical.",yellowpages
International Eyewear Boutique Inc,,,,,,+17734783600,http://internationaleyewearboutiqueinc.localsearch.com,"Chicago, IL",,,yellowpages
Sears,,,,,,+17739282733,http://www.sears.com/stores/illinois/chicago/0001380.html,"Chicago, IL",0,"Sears department store page, no longer available.",yellowpages
Dolce & Gabbana,,,sustainability@dolcegabbana.com,,https://www.linkedin.com/company/dolce-&-gabbana,+13122550630,https://www.dolcegabbana.com,"Chicago, IL",0,"Global luxury fashion house (fashion, beauty, casa, food). Not an eyewear business.",yellowpages
Northwestern Medicine Laboratory Services Evanston,,,,,https://www.linkedin.com/company/northwestern-medicine,+18475357157,https://nm.org/locations/laboratory-services-evanston?utm_source=yext&utm_medium=other+location&utm_campaign=online+listings&y_source=1_NjAxNDE5NzctNTUzLWxvY2F0aW9uLndlYnNpdGU%3D,"Chicago, IL",0,Northwestern Medicine laboratory services location (hospital system); not an eyewear business.,yellowpages
JCPenney Salon,,,,,,+18476197454,https://www.jcpenney.com/locations/il/schaumburg/salon-schaumburg-il-1948.html,"Chicago, IL",,,yellowpages
Ameritas Group,,,,,https://www.linkedin.com/company/ameritas/,+18479950306,http://ameritas.com,"Chicago, IL",0,"Ameritas: national insurance/financial company (dental and vision insurance), not an eyewear retailer.",yellowpages
Davinci Vision Boutique,,,,,,+17735492020,http://davincivisionboutique.localsearch.com,"Chicago, IL",,,yellowpages
Zoe Bernard Optical,,,,,,+17736029402,http://zoebernardoptical.localsearch.com,"Chicago, IL",,,yellowpages
Crystal Optical,,,,,,+17734712607,http://crystaloptical8116262.localsearch.com,"Chicago, IL",,,yellowpages
Robert B Scott Ocularists,,,,,,+13127823558,http://www.ocularist.com,"Chicago, IL",,,yellowpages
Gregory S Doren MD,,,,,,+17739386724,http://doctors.advocatehealth.com/p/gregory-s-doren-chicago-ophthalmology-general,"Chicago, IL",,,yellowpages
Ossip Management Solutions,,,,,,+17735852022,http://ossipmanagementsolutions.localsearch.com,"Chicago, IL",,,yellowpages
"Herro, L J OD",,,,,,+17734346228,http://.,"Chicago, IL",,,yellowpages
Ostoich Optical,,,,,,+17736312980,http://www.ostoicheye.com,"Chicago, IL",,,yellowpages
Big City Optical,,,,,,+13128728796,https://www.bigcityoptical.com/north-andersonville-eye-doctors,"Chicago, IL",,,yellowpages
TVTI,,,,,,+13128299145,https://www.tvti.com,"Chicago, IL",,,yellowpages
Sears Optical,,,,,,+13122260653,http://www.searsoptical.com,"Chicago, IL",,,yellowpages
Sterling Optical,,,,,https://www.linkedin.com/company/stereo-optical-company-inc-,+17738670380,https://www.stereooptical.com/contact-us,"Chicago, IL",0,"Site is Stereo Optical, a vision testing equipment maker and EssilorLuxottica business unit. Not a retail optical boutique.",yellowpages
See & Save Optical,,,,,,+17733381290,http://seesaveoptical.localsearch.com,"Chicago, IL",,,yellowpages
Boss Optical Inc,,,,,,+13122253188,http://bossopticalinc.localsearch.com,"Chicago, IL",,,yellowpages
Clear Vision Corporation,,,,,,+13125263331,http://clearvisioncorporation.localsearch.com,"Chicago, IL",,,yellowpages
Optical 88 2020 Inc,,,,,,+13128421888,,"Chicago, IL",,,yellowpages
Smart Optical,,,,,,+13128081893,http://www.smartopticalchicago.com,"Chicago, IL",,,yellowpages
Drift Eyewear,,,,,,+17738883302,http://drifteyewear.com,"Chicago, IL",,,yellowpages
Prsol,,,,,https://www.linkedin.com/company/prsol,+13126667214,http://prsol.com,"Chicago, IL",0,"Chicago IT field services firm (POS, cabling, hardware) for multi-location retail, 25+ years. Not an eyewear business.",yellowpages
Uhlemann Optical Company,,,,,,+13124279555,http://uhlemann.org,"Chicago, IL",,,yellowpages
Crystal Optical,,,,,,+17738476262,http://crystalopticalchicago.com,"Chicago, IL",0,Domain crystalopticalchicago.com is parked and listed for sale on Afternic/GoDaddy. No active business site.,yellowpages
Spex,,,,,https://www.linkedin.com/company/myeyedr-,+13127824208,https://www.myeyedr.com,"Chicago, IL",0,"Site is MyEyeDr., national chain (est. 2001) with VSP/EyeMed and HSA/FSA promos. Not an independent.",yellowpages
In Sight Optical,,,,,,+13122636350,,"Chicago, IL",,,yellowpages
Tory Burch,,,,,https://www.linkedin.com/company/tory-burch,+14809461873,https://www.toryburch.com/en-us/store-locator/us/scottsdale-scottsdale/26,"Scottsdale, AZ",0,Tory Burch national fashion brand store in Scottsdale; sells sunglasses and eyeglasses among handbags and apparel.,yellowpages
Tempur-Pedic Flagship Store,,,,,,+14808773901,https://www.tempurpedic.com/tempur-pedic-stores/tempur-pedic-phoenix/?utm_source=ExtNet&utm_medium=Yext&y_source=1_MjUwMjYyOTgtNTUzLWxvY2F0aW9uLndlYnNpdGU%3D,"Scottsdale, AZ",,,yellowpages
Dolce & Gabbana,,,sustainability@dolcegabbana.com,,https://www.linkedin.com/company/dolce-&-gabbana,+14806605755,https://www.dolcegabbana.com,"Scottsdale, AZ",0,Dolce & Gabbana fashion brand site. Not an optical boutique.,yellowpages
JCPenney,,,,,,+14808293555,https://www.jcpenney.com/locations/az/glendale/clothing-stores-glendale-az-251.html,"Scottsdale, AZ",,,yellowpages
Tillys,,,,,,+14808313864,https://www.tillys.com/store/?StoreID=0050&utm_source=Ext_Network&utm_medium=Local_Directory,"Scottsdale, AZ",,,yellowpages
Associated Optical,,,,,,+14809945016,http://www.azeyemd.com,"Scottsdale, AZ",,,yellowpages
Zebre Optique,,,,,,+14808784080,,"Scottsdale, AZ",,,yellowpages
Scottsdale Eyewear,,,,,,+14803068803,http://www.scottsdaleeyewear.com,"Scottsdale, AZ",,,yellowpages
Ironwood Eye Care,,,,,,+14808601330,http://ironwoodeyecare.localsearch.com,"Scottsdale, AZ",,,yellowpages
I2Ioptique,,,,,,+14807673450,https://i2ioptique.com,"Scottsdale, AZ",,,yellowpages
Optical Shop of Aspen,,,,,,+14804237048,http://opticalshopofaspen5630975.localsearch.com,"Scottsdale, AZ",,,yellowpages
Dry Eye Center of Arizona,,,,,,+16029323306,http://dryeyecenterofarizona.localsearch.com,"Scottsdale, AZ",,,yellowpages
Thomas Eyecare,,,,,,+14804437601,https://www.facebook.com/ThomasEyecareGroupSQ,"Scottsdale, AZ",,,yellowpages
Shady Rays,,,,,,+16026135150,,"Scottsdale, AZ",,,yellowpages
West Point Optical,,,,,,+14805910123,http://westpointopticalaz.localsearch.com,"Scottsdale, AZ",,,yellowpages
Marcolin USA Inc,,,,,,+14806061400,http://marcolinusa.com,"Scottsdale, AZ",,,yellowpages
Cole Vision Corp,,,,,,+14809909152,http://colevisioncorp961239.localsearch.com,"Scottsdale, AZ",,,yellowpages
Scottsdale Optical,,,,,,+14803919693,http://drbrems.com,"Scottsdale, AZ",,,yellowpages
Lesco Optical,,,,,,+14809477441,https://www.lescooptical.com,"Scottsdale, AZ",,,yellowpages
Bright Eyes Optical,,,,,,+14809458963,http://brighteyesarizona.com,"Scottsdale, AZ",,,yellowpages
Desert Sunglass of Scottsdale,,,,,,+14804513955,http://www.desertsunglass.com,"Scottsdale, AZ",,,yellowpages
Northsight; Vision Care,,,,,,+14804431150,http://northsightvisioncare.localsearch.com,"Scottsdale, AZ",,,yellowpages
Xpress Tailoring,,,,,,+14804474932,https://www.clothingalterationscottsdale.com,"Scottsdale, AZ",,,yellowpages
Eye Care for Animals South Scottsdale,,,,,,+14809903937,http://eyecareforanimals.com/location/south-scottsdale-practice,"Scottsdale, AZ",,,yellowpages
Optical Boutique of Marco Inc,,,,,,+12396424776,http://psychicboutiquemi.com,"Naples, FL",,,yellowpages
Fisher Eye and Laser Center,,,,,,+12392624798,http://www.fishereyecenter.com,"Naples, FL",,,yellowpages
Eagle Eyes Surveillance & Mr,,,,,,+12392285184,http://eagleeyessurveillancemr.localsearch.com,"Naples, FL",,,yellowpages
Edward Beiner Inc,,,,,,+12395669060,http://edwardbeiner.com,"Naples, FL",,,yellowpages
Coleman Eye Care,,,,,,+12395969713,http://colemaneyecarefl.localsearch.com,"Naples, FL",,,yellowpages
Southwest Florida Eye Care,,,,,,+12395940124,http://www.swfleye.com,"Naples, FL",,,yellowpages
Montgomery Eye Center,,,,,,+12392618383,http://www.montgomeryeye.com,"Naples, FL",,,yellowpages
Richard A McKYTON OD,,,,,,+12395981332,http://drrichardalexandermckytonod.localsearch.com,"Naples, FL",,,yellowpages
Quigley Eye Specialists,,,,,,+12395947636,http://www.quigleyeye.com,"Naples, FL",,,yellowpages
Priya OD Bhuta PA,,,,,,+12397755791,http://priyaodbhutapa.localsearch.com,"Naples, FL",,,yellowpages
Tyson Eye of Cape Coral Eye Center,,,,,,+12395422020,http://www.capecoraleyecenter.com,"Naples, FL",,,yellowpages
Groom Eye Center,,,,,,+12395975700,http://groomeyecenter.localsearch.com,"Naples, FL",,,yellowpages
Optical Supplies Inc,,,,,,+12399476275,,"Naples, FL",,,yellowpages
T.J. Maxx,,,,,,+12396491553,https://tjmaxx.tjx.com/store/index.jsp,"Naples, FL",,,yellowpages
Tory Burch,,,,,https://www.linkedin.com/company/tory-burch,+12395980243,https://www.toryburch.com/en-us/store-locator/us/naples-naples/46,"Naples, FL",0,Tory Burch national fashion brand store in Naples; sells sunglasses and eyeglasses among apparel.,yellowpages
The Naples Collection,,,,,,+12399447600,https://www.fourseasons.com/naplesbeachclub,"Naples, FL",,,yellowpages
Brenda Polewac OD,,,,,,+12395947568,http://drbrendapolewacod.localsearch.com,"Naples, FL",,,yellowpages
Better Spectacles,,,,,,+12399197212,https://www.betterspectacles.com,"Naples, FL",,,yellowpages
Grandpa's Place,,,,,,+12399491398,http://grandpasplace.localsearch.com,"Naples, FL",,,yellowpages
Koenigsegg North America,,,info@koenigsegg.com,,https://www.linkedin.com/company/koenigsegg-automotive-ab,+12394057783,http://koenigsegg.com,"Naples, FL",0,"Koenigsegg supercar maker, not eyewear.",yellowpages
Bernard Anthony A Optcn,,,,,,+16312873030,http://bernardanthonyaoptcn.localsearch.com,"Southampton, NY",,,yellowpages
"Paul Choinski, MD: SightMD NY — Southampton, New York",,,,,,+16318104557,https://www.sightmd.com/our-doctors/paul-choinski-md/?utm_source=yext&utm_medium=local_listings,"Southampton, NY",,,yellowpages
"Leahy, Raymond D",,,,,,+16312834244,http://leahyraymondd.localsearch.com,"Southampton, NY",,,yellowpages
Hamptons Eye & Vision,,,,,,+16312830017,https://www.hamptonsvision.com,"Southampton, NY",,,yellowpages
Eilbert David - North Fork Optical,,,,,,+16312989555,,"Southampton, NY",,,yellowpages
Eyes 4 U Home Watching,,,,,,+16317653240,http://eyes4uhomewatching.localsearch.com,"Southampton, NY",,,yellowpages
SightMD Southold,,,,,,+16315156508,http://www.nseye.com,"Southampton, NY",,,yellowpages
Allied Optical Plan,,,,,,+16317274411,http://alliedopticalplan.localsearch.com,"Southampton, NY",,,yellowpages
Westhampton Beach Family Eye Care,,,,,,+16312888018,http://westhamptonbeachfamilyeyecare.localsearch.com,"Southampton, NY",,,yellowpages
T.J. Maxx,,,,,,+16315371591,https://tjmaxx.tjx.com/store/index.jsp,"Southampton, NY",,,yellowpages
Michael Kors Outlet,,,,,,+16312080707,https://locations.michaelkors.com/us/ny/riverhead/809-tanger-mall-drive,"Southampton, NY",0,Michael Kors outlet store (national fashion brand); not an independent optical business.,yellowpages
Expressway Eyeglass Services East,,,,,,+16313691650,http://expresswayeyeglassserviceseast.localsearch.com,"Southampton, NY",,,yellowpages
Greenport Eyeworks Optician,,,,,,+16314771800,https://www.greenportvillage.com/greenport-eyeworks,"Southampton, NY",,,yellowpages
Prada New York East Hampton,,,,,,+16319317147,http://pradanewyorkeasthampton.localsearch.com,"Southampton, NY",,,yellowpages
Zegna East Hampton,,,,,,+16312571852,https://www.zegna.com,"Southampton, NY",,,yellowpages
"Pizzarello, Louis D, MD",,,,,,+16312835152,http://peconicophthalmology.com,"Southampton, NY",,,yellowpages
Operation Restore Vision,,,,,,+16312876202,https://www.operationinternational.org/operation-restore-vision,"Southampton, NY",,,yellowpages
"Pfleger, Lisa R",,,,,,+16318754544,,"Southampton, NY",,,yellowpages
"Ricupero, Donna, OD",,,,,,+16317666317,http://donnaricuperood.localsearch.com,"Southampton, NY",,,yellowpages
COACH Outlet,,,,,,+16313694670,https://www.coach.com/stores/ny/riverhead/912-tanger-mall-dr.,"Southampton, NY",,,yellowpages
SoVCONY,,,,,,+16317272858,https://sovcony.com/contacts,"Southampton, NY",,,yellowpages
Sound Vision Care Inc,,,,,,+16312045358,http://soundvisioncareinc.localsearch.com,"Southampton, NY",,,yellowpages
Fossil,,,,,,+16317272954,http://fossil.com,"Southampton, NY",,,yellowpages
"Simon, Debbie Lisa, OD",,,,,,+16314070414,http://simondebbielisaod.localsearch.com,"Southampton, NY",,,yellowpages
"Schmidt, Alison, OD",,,,,,+16313245441,http://dralisonschmidtod.localsearch.com,"Southampton, NY",,,yellowpages
Flying Point Sport Inc,,,,,,+16317251289,http://flyingpointsurf.com,"Southampton, NY",,,yellowpages
JCPenney Salon,,,,,,+12033747612,https://www.jcpenney.com/locations/ct/trumbull/salon-trumbull-ct-2232.html,"Greenwich, CT",,,yellowpages
Vision Consultants of Greenwich,,,,,,+12036617711,http://visionconsultantsofgreenwich.localsearch.com,"Greenwich, CT",,,yellowpages
Tory Burch,,,,,https://www.linkedin.com/company/tory-burch,+12036225023,https://www.toryburch.com/en-us/store-locator/us/greenwich-greenwich/6,"Greenwich, CT",0,Tory Burch fashion brand store page (Greenwich). National brand; sells sunglasses as accessories only.,yellowpages
Prada Greenwich Saks Donna,,,,,,+12036227290,http://pradagreenwichsaksdonna.localsearch.com,"Greenwich, CT",,,yellowpages
"Jacqueline Littzi, MD: Greenwich Eye Care",,,,,,+12033402310,http://jacquelinelittzimdgreenwicheyecare.localsearch.com,"Greenwich, CT",,,yellowpages
Ermenegildo Zegna at Richards,,,,,,+12036220551,http://www.zegna.us,"Greenwich, CT",,,yellowpages
Optical Shoppe The At Greenwich Ophthalmology,,,,,,+12038619200,http://www.optshop.com,"Greenwich, CT",,,yellowpages
Optical Energy Technologies,,,,,,+12033559386,http://opticalenergytechnologies.localsearch.com,"Greenwich, CT",,,yellowpages
Sterling Optical,,,,,,+12033590222,http://sterlingopticalct.localsearch.com,"Greenwich, CT",,,yellowpages
Opthalmic Consultants of Connecticut PC,,,,,,+12033169213,http://opthalmicconsultantsofconnecticutpc.localsearch.com,"Greenwich, CT",,,yellowpages
Wicked Vision,,,,,,+12035692988,http://wickedvision.localsearch.com,"Greenwich, CT",,,yellowpages
Specialties of Darien,,,info@dentalspecialistsofdarien.com,,,+12036563430,https://dentalspecialistsofdarien.com,"Greenwich, CT",0,"Dental practice (Dental Specialists of Darien), not eyewear.",yellowpages
Hitchcock Munson Opticians,,,,,,+12033232181,http://hitchcockmunsonopticians.localsearch.com,"Greenwich, CT",,,yellowpages
Eyecare Center of Stamford,,,,,,+12039780800,https://www.stamfordhealth.org/locations/locations-profile/eye-care-center-of-stamford,"Greenwich, CT",,,yellowpages
one two three,,,,,,+12038569963,http://www.shopstamfordtowncenter.com,"Greenwich, CT",,,yellowpages
Optical Design Associates,,,,,,+12034067012,http://www.odaoptics.com,"Greenwich, CT",0,"Optical engineering firm (optical/mechanical design, fabrication for high tech, R&D, government). Not a retail eyewear business.",yellowpages
Shaby Steven Dr,,,,,,+12033570204,http://shabystevendr.localsearch.com,"Greenwich, CT",,,yellowpages
ReFocus Eye Health,,,,,,+12039892029,https://stamford.refocuseyedoctors.com/location/refocus-eye-health,"Greenwich, CT",,,yellowpages
Vision Consultants,,,,,,+12033241606,http://visionconsultantsct.localsearch.com,"Greenwich, CT",,,yellowpages
Cis Options,,,,,,+12035042786,http://cisoptions.localsearch.com,"Greenwich, CT",,,yellowpages
"Nemser, Geoffrey L, OD",,,,,,+12039757565,http://www.progressivision.net,"Greenwich, CT",,,yellowpages
Hitchcock Munson Opticians,,,,,,+12036559044,,"Greenwich, CT",,,yellowpages
Tori Eyewear,,,,,,+12038425988,,"Greenwich, CT",,,yellowpages
Optech Inc,,,,,,+12039667534,http://optechincct.localsearch.com,"Greenwich, CT",,,yellowpages
Morgen Thal Frederics,,,,,,+12039662590,http://morgenthalfrederics.com,"Greenwich, CT",,,yellowpages
Review R International,,,,,,+12038382500,http://reviewrinternational.localsearch.com,"Greenwich, CT",,,yellowpages
Optics Plus,,,,,,+12039727700,http://opticsplusct.localsearch.com,"Greenwich, CT",,,yellowpages
Eyewear at Willows Opticians Norwalk,,,,,,+12037614988,https://www.doctor-cataract-lasik-connecticut.com/eyeglasses-eyewear-sunglasses.html,"Greenwich, CT",,,yellowpages
Chanel,,,,,,+15616551550,https://www.chanel.com/us/fashion/services/boutique-bal-harbour/?y_source=1_MTQ5MzA1NzMtNTUzLWxvY2F0aW9uLndlYnNpdGU%3D,"Boca Raton, FL",0,"Chanel Bal Harbour boutique; global luxury brand, not an independent optical.",yellowpages
JCPenney Salon,,,,,,+15617368500,https://www.jcpenney.com/locations/fl/boyntonbeach/salon-boyntonbeach-fl-2159.html,"Boca Raton, FL",,,yellowpages
Visual Eyes,,,,,,+15613928383,http://visualeyesboca.com,"Boca Raton, FL",,,yellowpages
Boca Opticians,,,,,,+15613685844,http://bocaopticians.localsearch.com,"Boca Raton, FL",,,yellowpages
"Sheiner, Steven",,,,,,+15613945848,http://stevendouglassheinerod.localsearch.com,"Boca Raton, FL",,,yellowpages
Sears Optical,,,,,,+15613957408,http://pearlevision.com,"Boca Raton, FL",0,"Website is Pearle Vision national chain (Luxottica), listed as Sears Optical. Accepts VSP, EyeMed, TRICARE, HSA and FSA.",yellowpages
Boca Eyewear,,,,,,+15613958022,http://bocaeyewear.localsearch.com,"Boca Raton, FL",,,yellowpages
Eyewear Plan,,,,,,+15619883083,,"Boca Raton, FL",,,yellowpages
Qottica,,,,,,+15616171549,http://qotticafl.localsearch.com,"Boca Raton, FL",,,yellowpages
New Look Eyewear,,,,,,+15614303934,http://newlookeyewearfl.localsearch.com,"Boca Raton, FL",,,yellowpages
Optical Insight South Inc,,,,,,+15613380081,http://opticalinsightsouthinc.localsearch.com,"Boca Raton, FL",,,yellowpages
South Shore Opticians Inc,,,,,,+15613682878,http://southshoreopticiansinc.localsearch.com,"Boca Raton, FL",,,yellowpages
FL Glasses Company,,,,,,+15616174947,https://www.flglasses.com,"Boca Raton, FL",,,yellowpages
Edward Beiner Purveyor of Fine Eyewear,,,,,,+15613910011,http://edwardbeinerpurveyoroffineeyewear580139233.localsearch.com,"Boca Raton, FL",,,yellowpages
Stormin Norman's,,,,,,+15619959531,https://www.snoptical.com,"Boca Raton, FL",,,yellowpages
Total Family Eyecare,,,,,,+15613913334,http://www.totalfamilyeyecare.com,"Boca Raton, FL",,,yellowpages
Classy Eyes,,,,,,+15613948777,http://classyeyes.localsearch.com,"Boca Raton, FL",,,yellowpages
Specttica Fashion Optician,,,,,,+15613912775,https://www.lenscrafters.com,"Boca Raton, FL",0,"Listed website is LensCrafters.com (national chain, 1000+ stores).",yellowpages
Glass Vision Associates,,,,,,+15613912362,http://www.eyedoctorboca.com,"Boca Raton, FL",,,yellowpages
Royal Palm Optical,,,,,,+15619120800,http://www.royalpalmoptical.com,"Boca Raton, FL",,,yellowpages
Earth Vision Eye Care,,,,,,+15619880300,http://earthvisioneyecare.localsearch.com,"Boca Raton, FL",,,yellowpages
Eagle Eye Optical,,,,,,+15618372228,http://eagleeyeoptical.localsearch.com,"Boca Raton, FL",,,yellowpages
Eyes On the Bay,,,,,,+15614872777,http://eyesonthebay.com,"Boca Raton, FL",,,yellowpages
"Middleton, Robert A, OD",,,,,,+15614702310,http://correctvisionboca.com,"Boca Raton, FL",,,yellowpages
Cohen Laser and Vision Center,,,,,,+15619818400,http://www.cohenlaser.com,"Boca Raton, FL",,,yellowpages
Lawrence Lampert OD,,,,,,+15613913346,http://drlawrencedlampertod.localsearch.com,"Boca Raton, FL",,,yellowpages
West Boca Eye Institute,,,,,,+15614876600,http://www.tenethealth.com,"Boca Raton, FL",,,yellowpages
Crystal Clear Image Eye Care & Optical Boutique,,,,,,+19723349944,http://www.cclearimage.com,"Dallas, TX",,,yellowpages
Chanel,,,,,,+12145201055,http://www.chanel.com,"Dallas, TX",,,yellowpages
Dolce & Gabbana,,,sustainability@dolcegabbana.com,,https://www.linkedin.com/company/dolce-&-gabbana,+12143634102,https://www.dolcegabbana.com,"Dallas, TX",0,"Dolce & Gabbana fashion/beauty house; national luxury brand, not an independent optical shop.",yellowpages
Foley's Department Store,,,,,,+19723856682,,"Dallas, TX",,,yellowpages
Habacker's Bespoke Eyewear,,,,,,+14693660783,http://habackersbespokeeyewear.localsearch.com,"Dallas, TX",,,yellowpages
JCPenney Salon,,,,,,+19727122707,https://www.jcpenney.com/locations/tx/frisco/salon-frisco-tx-2795.html,"Dallas, TX",,,yellowpages
Super Discount Optical,,,,,,+12146540250,http://www.manta.com/c/mmcx6rn/discount-super-optical,"Dallas, TX",,,yellowpages
Leff Optical,,,,,,+12147505602,http://www.leffoptical.com,"Dallas, TX",,,yellowpages
Lenspro Optical,,,medical@morganrecords.com,,,+12143682020,http://www.lenspro.com,"Dallas, TX",0,Site is a medical records custodian page for a closed ophthalmology practice (North Texas Ophthalmic Associates). Not an active eyewear business.,yellowpages
Payrite Optical,,,,,,+12147500004,http://payriteoptical.localsearch.com,"Dallas, TX",,,yellowpages
Coleman Eyecare,,,,,,+19723080022,http://colemaneyecare.localsearch.com,"Dallas, TX",,,yellowpages
EyeMasters,,,,,,+12146918649,http://visionworks.com,"Dallas, TX",,,yellowpages
Texas State Optical Oak Cliff,,,,,,+12142734747,http://texasstateopticaloakcliff.localsearch.com,"Dallas, TX",,,yellowpages
Ilori,,,,,,+12147506530,http://iloriopticaltx.localsearch.com,"Dallas, TX",,,yellowpages
Omega Optical Inc,,,,,,+19722414141,http://omega-dallas.com,"Dallas, TX",,,yellowpages
Investments,,,,,,+12148245740,,"Dallas, TX",,,yellowpages
DR Jerry Jacobs,,,,,,+12149418923,http://drjerryjacobs.com,"Dallas, TX",0,Domain now hosts an Indonesian lottery site; no eyewear business.,yellowpages
Suburban Optical of Dallas,,,,,,+12143634474,http://suburbanopticalofdallas.com,"Dallas, TX",,,yellowpages
N3l Optics,,,,,,+12143650808,http://n3loptics464724188.localsearch.com,"Dallas, TX",,,yellowpages
Kirby Eye Center,,,,,,+12142530200,http://kirbyeyecenter.com,"Dallas, TX",,,yellowpages
Eye Care PLLC Elevate,,,,,,+19727739954,http://eyecarepllcelevate.localsearch.com,"Dallas, TX",,,yellowpages
B & E Optical Inc,,,,,,+12142210855,,"Dallas, TX",,,yellowpages
Precision Optics II,,,,,,+12146609236,http://precisionopticsii.localsearch.com,"Dallas, TX",,,yellowpages
Pasadena Vision Center Optical Boutique,,,,,,+17134773641,,"Houston, TX",,,yellowpages
Eye Boutique,,,,,,+18328007259,https://myeyeboutique.com,"Houston, TX",,,yellowpages
JCPenney,,,,,,+17134671621,https://www.jcpenney.com/locations/tx/houston/clothing-stores-houston-tx-2881.html,"Houston, TX",,,yellowpages
Dolce & Gabbana,,,sustainability@dolcegabbana.com,,https://www.linkedin.com/company/dolce-&-gabbana,+17136216600,https://www.dolcegabbana.com/en-it,"Houston, TX",0,Dolce & Gabbana fashion brand site (Italy). Not an optical boutique.,yellowpages
Cosmetic Eye Boutique,,,,,,+12813947020,https://www.katyeyeboutique.com,"Houston, TX",,,yellowpages
See The Sea RX,,,,,,+12818003131,https://seethesearx.com,"Houston, TX",,,yellowpages
Berkeley Eye Center,,,,,,+17135261600,https://www.berkeleyeye.com/locations/memorial,"Houston, TX",,,yellowpages
Texas State Optical,,,,,,+17136662277,http://texasstateoptical463694693.localsearch.com,"Houston, TX",,,yellowpages
"Morales, Sylvia O.D.",,,,,,+17136977875,http://www.myopticall.com,"Houston, TX",,,yellowpages
Bay Vision,,,,,,+12812864343,http://www.bayvisioneyes.com,"Houston, TX",0,Domain is parked and listed for sale; no active business site.,yellowpages
Vogue Optical,,,,,,+17137840113,http://vogueopticaltx.localsearch.com,"Houston, TX",,,yellowpages
Sears Optical,,,,,,+17137785016,http://www.searsoptical.com,"Houston, TX",,,yellowpages
Frames Direct,,,prescription@framesdirect.com,,,+17139140011,http://www.framesdirect.com,"Houston, TX",0,FramesDirect.com: online eyewear retailer owned by Luxottica/EssilorLuxottica; insurance and FSA/HSA checkout. National brand.,yellowpages
Harrisburg Optical,,,,,,+17139282796,http://harrisburgoptical.localsearch.com,"Houston, TX",,,yellowpages
The Eye Glassiers,,,,,,+17135529400,http://eyeglassiers.com,"Houston, TX",,,yellowpages
Eyewear Unlimited,,,,,,+17137811050,http://eyewearunlimited546027561.localsearch.com,"Houston, TX",,,yellowpages
Texas State Optical Energy Corridor,,,,,,+18327704926,https://www.energycorridortso.com,"Houston, TX",,,yellowpages
The Optical Place,,,,,,+17139814071,http://www.topdoc.com,"Houston, TX",0,"Website is Topdoc, an AI revenue cycle software company, not an optical shop.",yellowpages
Lakewood Eye Care,,,,,,+12813579220,http://lakewoodeyecaretx.localsearch.com,"Houston, TX",,,yellowpages
Southwest Optical Inc,,,,,,+17134649393,http://southwestopticalinc.localsearch.com,"Houston, TX",,,yellowpages
Eye Glass Inc,,,,,,+17134530550,http://eyeglassinc.localsearch.com,"Houston, TX",,,yellowpages
Harwin Eyewear,,,,,,+17137892000,http://adamseyewear.net,"Houston, TX",,,yellowpages
Master Eye Associates,,,,,,+12819908522,,"Houston, TX",,,yellowpages
Optical Options,,,,,,+19709254365,http://opticaloptionsco.localsearch.com,"Aspen, CO",,,yellowpages
Luxury Optical Holdings Co,,,,,,+19709252007,http://loholdings.com,"Aspen, CO",,,yellowpages
Enjay Boutique,,,,,,+19709239268,http://enjayboutique.localsearch.com,"Aspen, CO",,,yellowpages
Oliver Smith Boutique,,,,,,+19705441868,https://www.oliversmithjeweler.com,"Aspen, CO",,,yellowpages
Brunello Cucinelli,,,,,,+19705440600,https://shop.brunellocucinelli.com/en-us,"Aspen, CO",,,yellowpages
Chanel,,,,,,+19703663480,http://chanelco.localsearch.com,"Aspen, CO",,,yellowpages
Dior Aspen,,,,,,+19705444944,http://www.dior.com,"Aspen, CO",0,Dior global luxury brand website; not an independent optical.,yellowpages
Distractions,,,,,,+19705449946,http://distractions.localsearch.com,"Aspen, CO",,,yellowpages
Ermenegildo Zegna Corp,,,,,,+19705444989,http://ermenegildozegnacorpco.localsearch.com,"Aspen, CO",,,yellowpages
Zadig & Voltaire,,,,,,+19705441961,http://us.zadig-et-voltaire.com/us/shops/locator/details/country/fr/city/141/category/0/shop/273,"Aspen, CO",0,Zadig & Voltaire fashion brand store page. Not an optical business.,yellowpages
Gray Aspen,,,,,,+19704298952,http://msalonaspen.com,"Aspen, CO",,,yellowpages
Maui And Company,,,,,,+19705442526,http://mauiandcompany.localsearch.com,"Aspen, CO",,,yellowpages
Barton Perreira,,,,,,+19704298468,http://www.bartonperreira.com,"Aspen, CO",,,yellowpages
Gallerie Zuger,,,,,,+19705444893,http://gallerie.net,"Aspen, CO",,,yellowpages
Two Old Hippies,,,,,,+19709257492,,"Aspen, CO",,,yellowpages
Loft Boutique,,,,,,+19705105840,http://loftboutiqueco.localsearch.com,"Aspen, CO",,,yellowpages
Madd Fox Boutique & Tanning,,,,,,+19709631605,http://maddfoxboutiquetanning.localsearch.com,"Aspen, CO",,,yellowpages
Novedades Boutique,,,,,,+19703404162,http://novedadesboutique.localsearch.com,"Aspen, CO",,,yellowpages
ETC-Everything Casual,,,,,,+19709276802,http://etceverythingcasual.localsearch.com,"Aspen, CO",,,yellowpages
Roaring Fork Vision,,,,,,+19709253020,http://roaringforkvision.localsearch.com,"Aspen, CO",,,yellowpages
Grit,,,,,,+19703491155,http://gritcb.com,"Aspen, CO",,,yellowpages
Rock It!,,,,,,+19709630258,http://rockit.localsearch.com,"Aspen, CO",,,yellowpages
Mt Sopris Eye Care,,,,,,+19709634187,http://mtsopriseyecare.localsearch.com,"Aspen, CO",,,yellowpages
"Murphy, Michael L, MD",,,,,,+19705441228,http://drmichaellmurphymd.localsearch.com,"Aspen, CO",,,yellowpages
Redcliff Town Office,,,manager@townofredcliff.org,,,+19708275303,https://townofredcliff.colorado.gov/contact-us,"Aspen, CO",0,Town of Red Cliff government office. Not an eyewear business.,yellowpages
Jenkins James M,,,,,,+19709275390,http://www.manta.com/c/mmgh100/james-m-jenkins,"Aspen, CO",,,yellowpages
Prada Aspen,,,client.service.americas@prada.com,,,+19709257001,http://prada.com,"Aspen, CO",0,Prada national luxury fashion brand site.,yellowpages
Louis Vuitton Aspen,,,,,,+19704524042,https://us.louisvuitton.com/eng-us/point-of-sale/usa/louis-vuitton-aspen-?utm_source=yext&utm_medium=organic&utm_campaign=store_listing_storepage,"Aspen, CO",,,yellowpages
Eyes Open Optical Boutique,,,,,,+12125680707,http://eyesopenopticalboutique.localsearch.com,"New York, NY",,,yellowpages
Neuman's Optical Boutique LTD,,,,,,+12124733968,http://neumansoptical.com,"New York, NY",,,yellowpages
A & B Optical Boutique Inc,,,,,,+17183315313,http://abopticalboutiqueinc.localsearch.com,"New York, NY",,,yellowpages
Marsh Optical Boutique Inc,,,,,,+17183805396,https://www.marshoptical.com,"New York, NY",,,yellowpages
Dolce & Gabbana,,,sustainability@dolcegabbana.com,,https://www.linkedin.com/company/dolce-&-gabbana,+12128979653,https://www.dolcegabbana.com,"New York, NY",0,"Dolce & Gabbana fashion/beauty house; national luxury brand, not an independent optical shop.",yellowpages
TUMI Store - The Shops at Columbus Circle,,,,,,+12128239390,https://www.tumi.com/store/0000001222?y_source=1_MTA5MzE5MzUtNTUzLWxvY2F0aW9uLndlYnNpdGU%3D,"New York, NY",,,yellowpages
General Vision Services,,,,,,+19178012400,http://www.generalvision.com,"New York, NY",,,yellowpages
86 Optical,,,,,,+16464765210,http://86optical.localsearch.com,"New York, NY",,,yellowpages
Specs for Less,,,,,,+12128313162,http://specsforlessny.localsearch.com,"New York, NY",,,yellowpages
Golden Pear Funding,,,,,,+12122448200,http://www.gpmerchantcapital.com,"New York, NY",,,yellowpages
"Aden & Anais, Inc",,,,,,+17188018361,https://www.halosleep.com/pages/aden-and-anais,"New York, NY",,,yellowpages
Optical,,,,,,+12129967676,http://optical13480297.localsearch.com,"New York, NY",,,yellowpages
Sterling Optical,,,,,,+12128655551,http://sterlingoptical.com,"New York, NY",,,yellowpages
CPS Optical,,,askusaquestion@cpsoptical.com,,,+12126755745,https://www.cpsoptical.com,"New York, NY",0,Comprehensive Professional Systems: vision benefits administrator for union funds since 1980 with a provider network. Not a boutique.,yellowpages
The Children's Eyeglass Store,,,,,,+12129823762,https://www.thechildrenseyeglassstore.com,"New York, NY",,,yellowpages
Eyely,,,,,,+19172614961,http://eyely.localsearch.com,"New York, NY",,,yellowpages
Optical Insights,,,,,,+16464142020,http://opticalinsightsny.localsearch.com,"New York, NY",,,yellowpages
Paris Stations,,,,,,+12122748118,http://parisstations.com,"New York, NY",,,yellowpages
Dita Inc,,,support@dita.com,,https://www.linkedin.com/company/dita-eyewear/,+12124318900,http://dita.com,"New York, NY",0,"DITA: global luxury eyewear brand (since 1995) with online shop and flagships. Brand, not an independent optical.",yellowpages
Vint & York,,,support@vintandyork.com,,https://www.linkedin.com/company/vintandyork,+12122268484,https://www.vintandyork.com,"New York, NY",0,"Vint & York, online eyewear brand (eyeglasses, sunglasses, petite frames, frame quiz). Not a local optical shop.",yellowpages
Eye US,,,,,,+12128074186,,"New York, NY",,,yellowpages
Grand Central Optical,,,,,,+12125991221,https://grandcentraloptical.com/contact-us,"New York, NY",,,yellowpages
Gucci Kering Eyewear USA,,,contactus@keringeyewear.com,,,+12123022920,https://www.keringeyewear.com,"New York, NY",0,"Kering Eyewear, luxury eyewear manufacturer (Gucci, Cartier, Lindberg, Maui Jim). Not a local retailer.",yellowpages
Opr Eyewear Inc,,,,,,+19178267475,https://www.opreyewear.com,"New York, NY",,,yellowpages
Celeste Optical,,,,,,+12129962676,,"New York, NY",,,yellowpages
Oculus Medical Eye Care,,,,,,+16465598808,http://oculusmedicaleyecareny.localsearch.com,"New York, NY",,,yellowpages
Windsor Optical,,,,,,+12126965990,,"New York, NY",,,yellowpages
Eyespot Luxury Optical Boutique,,,,,,+16172323303,http://www.eyespot.com,"Boston, MA",,,yellowpages
Saini Vision & Optical Boutique P C,,,,,,+17812338344,http://sainivisionopticalboutiquepc.localsearch.com,"Boston, MA",,,yellowpages
Chanel,,,,,,+16178590055,https://www.chanel.com/us/fashion/services/boutique-boston/?y_source=1_MTQ5MzA1OTktNTUzLWxvY2F0aW9uLndlYnNpdGU%3D,"Boston, MA",0,"Chanel brand boutique (Boston). National luxury brand, not an independent optical.",yellowpages
Blair Delmonico,,,,,,+16174246777,http://blairdelmonico.localsearch.com,"Boston, MA",,,yellowpages
Tory Burch,,,,,https://www.linkedin.com/company/tory-burch,+17812721329,https://www.toryburch.com/en-us/store-locator/us/burlington-burlington-mall/80,"Boston, MA",0,"Tory Burch fashion boutique at Burlington Mall (handbags, shoes, sunglasses). National fashion brand, not an optical shop.",yellowpages
Sears Optical,,,,,,+16172523559,http://www.searsoptical.com,"Boston, MA",,,yellowpages
Brighton Optical,,,,,,+16172542020,http://brightonopticalma.localsearch.com,"Boston, MA",,,yellowpages
Eno One Optical,,,,,,+18572560225,,"Boston, MA",,,yellowpages
Cohen Fashion Optical,,,,,,+16172365500,http://cohenfashionoptical.localsearch.com,"Boston, MA",,,yellowpages
Lunette Optic Optometrists,,,,,,+16173387200,http://www.lunetteoptic.com,"Boston, MA",,,yellowpages
Fashion Optical,,,,,,+16172661185,http://fashionopticalma.localsearch.com,"Boston, MA",,,yellowpages
Sol Optics,,,,,,+16175233005,https://www.americansunglass.com/blogs/news/fun-facts-4-tips-to-finding-the-right-sunglass-fit,"Boston, MA",,,yellowpages
Suffolk Optical Co Inc,,,,,,+16175234226,http://suffolkopticalcoinc.localsearch.com,"Boston, MA",,,yellowpages
Vision Resource Systems,,,,,,+16172489482,http://visionresourcesystems.localsearch.com,"Boston, MA",,,yellowpages
Opticare,,,,,,+16176700906,http://opticarema.localsearch.com,"Boston, MA",,,yellowpages
Kenmore Optical Co,,,,,,+16175368864,http://kenmoreopticalco.localsearch.com,"Boston, MA",,,yellowpages
Selective Eyewear Elements,,,,,,+16172360105,http://www.seeeyewear.com/locations/boston,"Boston, MA",,,yellowpages
Longwood Optical,,,,,,+16177381111,http://longwoodoptical.localsearch.com,"Boston, MA",,,yellowpages
New England Eye Center,,,,,https://www.linkedin.com/company/hangerclinic,+16176364600,http://www.oandpcenters.com,"Boston, MA",0,Website is Hanger Clinic (prosthetics and orthotics). Not an eyewear business.,yellowpages
New England Work Injury - Tufts Medical Center,,,,,,+16176365150,https://newenglandworkinjury.com,"Boston, MA",0,"Orthopedic work injury practice association (Tufts), not eyewear.",yellowpages
The Boston Sunglass Company,,,,,,+18573503078,https://www.hdosport.com/boston-sunglass,"Boston, MA",,,yellowpages
Visioncare 2000,,,,,,+16175422015,http://visioncare2000ma.localsearch.com,"Boston, MA",,,yellowpages
T.J. Maxx,,,,,,+16176952424,https://tjmaxx.tjx.com/store/index.jsp,"Boston, MA",,,yellowpages
Ermenegildo Zegna at Neiman Marcus,,,,,,+16175363660,https://www.zegna.us,"Boston, MA",,,yellowpages
Bvlgari,,,,,,+16179044024,https://www.bulgari.com/en-int/storelocator/united-states/massachusetts/boston/14-newbury-street?y_source=1_MjA2OTMyNzMtNTUzLWxvY2F0aW9uLndlYnNpdGU%3D,"Boston, MA",,,yellowpages
Louis Vuitton Boston Saks,,,,,,+16172364255,https://us.louisvuitton.com/eng-us/point-of-sale/usa/louis-vuitton-boston-saks?utm_source=yext&utm_medium=organic&utm_campaign=store_listing_storepage,"Boston, MA",,,yellowpages
Optical Boutique,,,,,,+17707941151,http://tropical-arts.com,"Atlanta, GA",,,yellowpages
Colony Square,,,,,,+14049659091,https://colonysquare.com,"Atlanta, GA",,,yellowpages
JCPenney,,,,,,+17704759850,https://www.jcpenney.com/locations/ga/mcdonough/clothing-stores-mcdonough-ga-2872.html,"Atlanta, GA",,,yellowpages
Versona,,,,,,+16783646688,https://stores.shopversona.com/ga/peachtree-city/200-line-creek-drive?utm_source=extnet&utm_medium=Yext&y_source=1_MjY1NjA5NjctNTUzLWxvY2F0aW9uLndlYnNpdGU%3D,"Atlanta, GA",0,"Versona women's apparel and accessories chain, 80+ locations. Not an eyewear business.",yellowpages
Fashion Optique Eyewear,,,,,,+14042448377,http://fashionoptiqueeyewear.localsearch.com,"Atlanta, GA",,,yellowpages
Eye Etc,,,,,,+14045233937,http://www.eyeetcatl.com,"Atlanta, GA",,,yellowpages
"Ross, EyeCare Group PC",,,,,,+14042333513,http://rosseyecare.com,"Atlanta, GA",,,yellowpages
Optique Atlanta,,,,,,+14044670717,http://optiqueatlanta.localsearch.com,"Atlanta, GA",,,yellowpages
Salle Opticians Inc,,,,,,+14048166266,http://www.salleopticians.com,"Atlanta, GA",,,yellowpages
Olga,,,,,,+14045846506,http://olgaga.localsearch.com,"Atlanta, GA",,,yellowpages
Sears Optical,,,,,,+17704933232,http://www.searsoptical.com,"Atlanta, GA",,,yellowpages
"Perrine, Jeanne M. OD PC",,,,,,+14045898517,http://perrinejeannemodpc.localsearch.com,"Atlanta, GA",,,yellowpages
Seeing Is Believing Optical,,,,,,+14048164224,http://seeingisbelievingoptical.localsearch.com,"Atlanta, GA",,,yellowpages
Eyejets Lifestyle Eyewear,,,,,,+17707653359,https://eyejets.com,"Atlanta, GA",,,yellowpages
American Optical Services,,,,,,+14045932926,http://americanopticalservicesga.localsearch.com,"Atlanta, GA",,,yellowpages
Eye Conic Optical,,,,,,+16789742900,http://eyeconicoptical.localsearch.com,"Atlanta, GA",,,yellowpages
Serve Right,,,,,,+14702251697,http://serverightga.localsearch.com,"Atlanta, GA",,,yellowpages
Vision Care Professional,,,,,,+14046386678,http://visioncareprofessional.localsearch.com,"Atlanta, GA",,,yellowpages
"Planer, Paul",,,,,,+14046339200,http://www.planervision.com,"Atlanta, GA",,,yellowpages
Fresh Vision,,,info@freshvisionrealty.com,,https://www.linkedin.com/company/fresh-vision-realty,+14044928828,http://freshvisiongroup.com,"Atlanta, GA",0,"Fresh Vision Realty: Atlanta real estate brokerage (founder-led, veteran-owned); not an eyewear business. Email on site belongs to a realty firm, dropped.",yellowpages
BlackBerry Vision,,,,,,+14704283395,http://blackberryvision.localsearch.com,"Atlanta, GA",,,yellowpages
Ambrands,,,,,,+17703338999,http://emp-mail.com,"Atlanta, GA",,,yellowpages
American Gosky Optics Inc.,,,,,,+16788940338,http://americangoskyopticsinc.localsearch.com,"Atlanta, GA",,,yellowpages
Atlanta Vision Institute,,,,,,+14048450474,,"Atlanta, GA",,,yellowpages
Northside Optical Ltd,,,,,,+14042520624,http://northsideopticalltdga.localsearch.com,"Atlanta, GA",,,yellowpages
Corporate Vision Inc,,,,,,+16788318074,http://corporatevisioninc543733061.localsearch.com,"Atlanta, GA",,,yellowpages
Playa Del Rey,,,,,,+17702480000,http://playadelrey.com,"Atlanta, GA",0,Community website for Playa del Rey neighborhood; not an eyewear business.,yellowpages
"Warstadt, Steven R, OD",,,,,,+17704939171,https://www.northlakeeyecare.com/contact-lenses/contact-lenses-eyewear/transitions-lenses/transitions-xtractive,"Atlanta, GA",,,yellowpages
Buckhead Vision Group,,,,,,+14048695551,http://buckheadvisiongroup.localsearch.com,"Atlanta, GA",,,yellowpages
Davante,,,,,,+14044428900,http://davantega.localsearch.com,"Atlanta, GA",,,yellowpages
Sam's Optical,,,,,,+17709798382,,"Atlanta, GA",,,yellowpages
Eyeworks,,,,,,+16787323432,http://eyeworks462626894.localsearch.com,"Atlanta, GA",,,yellowpages
Ansley Eye Care,,,,,,+14048889444,http://ansleyeyecare.localsearch.com,"Atlanta, GA",,,yellowpages
Dolce & Gabbana,,,sustainability@dolcegabbana.com,,https://www.linkedin.com/company/dolce-&-gabbana,+16194190011,https://www.dolcegabbana.com,"San Diego, CA",0,"Dolce & Gabbana fashion/beauty house; national luxury brand, not an independent optical shop.",yellowpages
JCPenney Salon,,,,,,+16194443100,https://www.jcpenney.com/locations/ca/escondido/salon-escondido-ca-2171.html,"San Diego, CA",,,yellowpages
Dr. Walter Thomas Optometrist,,,,,,+16192917712,http://drwalterthomasoptometrist.localsearch.com,"San Diego, CA",,,yellowpages
Sorrento Valley Optometric Center,,,,,,+18585580305,http://sorrentovalleyoptometriccenter.localsearch.com,"San Diego, CA",,,yellowpages
Couris Michael T MD,,,,,,+16192916191,,"San Diego, CA",,,yellowpages
The Classical Eye Optometry,,,,,,+18586783937,http://www.theclassicaleye.com,"San Diego, CA",,,yellowpages
Selby Nicholas OD,,,,,,+18585664110,http://selbynicholasod.localsearch.com,"San Diego, CA",,,yellowpages
Prada San Diego Fashion Valley,,,client.service.americas@prada.com,,,+16192946710,http://www.prada.com,"San Diego, CA",0,Prada global luxury brand website; not an independent optical.,yellowpages
Fiber Optic Center,,,,,,+16195782764,http://fiberopticcenter461877049.localsearch.com,"San Diego, CA",,,yellowpages
Mobileyes,,,,,,+18586994133,,"San Diego, CA",,,yellowpages
9 Five,,,,,,+16195465610,http://9five.com,"San Diego, CA",,,yellowpages
Cultivaris Contact,,,,,,+17608020542,http://cultivariscontact.localsearch.com,"San Diego, CA",,,yellowpages
Eclipse Eyewear,,,,,,+16192933266,http://eclipseeyewear.com,"San Diego, CA",,,yellowpages
Savco Optical Inc,,,,,,+18585370947,http://craftyeyepatches.com,"San Diego, CA",,,yellowpages
Meditec Carl Zeiss,,,,,,+18587160661,http://mediteccarlzeiss.localsearch.com,"San Diego, CA",,,yellowpages
Surface Optics,,,,,https://www.linkedin.com/company/surface-optics-corporation,+18586757404,http://www.surfaceoptics.com,"San Diego, CA",0,"Surface Optics Corporation: optical measurement instruments and thin film coatings for aerospace/defense, founded 1977. Not eyewear.",yellowpages
Carl Zeiss Vision Inc,,,,,https://www.linkedin.com/company/zeiss,+18583128600,http://zeiss.com,"San Diego, CA",0,"ZEISS global optics and technology group, not a local retailer.",yellowpages
Red Eye Wear,,,,,,+16192957334,http://rediwear.com,"San Diego, CA",0,Rediwear online apparel store (crew neck and V-neck tees). Not an eyewear business.,yellowpages
Jasmine Nguyen OD,,,,,,+16192843937,http://jasminenguyenod.localsearch.com,"San Diego, CA",,,yellowpages
Eye Care for Animals - San Diego,,,,,,+16197023937,https://www.thrivepetcare.com/locations/california/san-diego/eye-care-for-animals-san-diego,"San Diego, CA",,,yellowpages
Louis Chesner Optometrist,,,,,,+16192913836,http://drlouisechesnerod.localsearch.com,"San Diego, CA",,,yellowpages
Shiley Eye Care – Hillcrest,,,,,,+16195436244,https://healthlocations.ucsd.edu/san-diego/4060-fourth-avenue/ucsdh-shiley-eye-hillcrest?utm_source=extendednetwork&utm_medium=listings,"San Diego, CA",,,yellowpages
Optical Boutique Inc,,,,,,+13053240490,http://opticalboutiqueinc.localsearch.com,"Miami, FL",,,yellowpages
VISIONMOOD Optical Boutique,,,,,,+17866134014,http://www.visionmood.com,"Miami, FL",,,yellowpages
Chanel,,,,,,+13058680550,https://www.chanel.com/us/fashion/services/boutique-bal-harbour/?y_source=1_MTQ5MzA1NzMtNTUzLWxvY2F0aW9uLndlYnNpdGU%3D,"Miami, FL",0,CHANEL Bal Harbour boutique (national luxury brand); sells eyewear but not an independent optical business.,yellowpages
Prada Miami Design District,,,client.service.americas@prada.com,,,+13054382280,https://www.prada.com/us/en/store-locator/store.miami_design_district.715864384.html,"Miami, FL",0,"Prada global luxury brand store, Miami Design District. Not an optical boutique.",yellowpages
Tory Burch,,,,,https://www.linkedin.com/company/tory-burch/,+13055736024,https://www.toryburch.com/en-us/store-locator/us/miami-miami-design-district/62,"Miami, FL",0,Tory Burch fashion brand store (Miami Design District). Not an optical boutique.,yellowpages
Dolce & Gabbana,,,sustainability@dolcegabbana.com,,https://www.linkedin.com/company/dolce-&-gabbana,+13055739734,https://www.dolcegabbana.com,"Miami, FL",0,Dolce & Gabbana global fashion house site. Not an independent optical business.,yellowpages
Wood Optic Defusion,,,,,,+13054771017,http://woodopticdefusion.localsearch.com,"Miami, FL",,,yellowpages
Miami International Mall,,,,,,+13055931775,https://www.simon.com/mall/miami-international-mall,"Miami, FL",0,Simon mall website (Miami International Mall); not an eyewear business.,yellowpages
Miu Miu Bal Harbour,,,,,,+13058901800,https://www.miumiu.com/us/en.html,"Miami, FL",0,Miu Miu fashion brand website. Not an optical business.,yellowpages
ZEGNA - Miami Bal Harbour,,,,,,+13058658652,http://www.zegna.us,"Miami, FL",,,yellowpages
JCPenney,,,,,,+13058239880,https://www.jcpenney.com/locations/fl/plantation/clothing-stores-plantation-fl-1956.html,"Miami, FL",,,yellowpages
Eye Center Kendall,,,,,,+13055955311,http://eyecenterkendall.localsearch.com,"Miami, FL",,,yellowpages
"Sanz Optical, Inc.",,,,,,+13053923173,http://sanzopticalinc.com,"Miami, FL",,,yellowpages
"D'luxe Optical, Inc",,,,,,+13055527455,https://www.preciseprintli.com,"Miami, FL",,,yellowpages
Kendall Optical,,,,,,+13059828927,http://kendalloptical.com,"Miami, FL",,,yellowpages
Fernand Optical,,,,,,+13053750107,http://fernandopticalfl.localsearch.com,"Miami, FL",,,yellowpages
Vista Vision Eyecare LLC,,,,,,+13055591314,http://vistavisioneyecarellc.localsearch.com,"Miami, FL",,,yellowpages
Edward Beiner Purveyor of Fine Eyewear,,,,,,+13056031216,http://www.edwardbeiner.com,"Miami, FL",,,yellowpages
W.O.W,,,,,,+13052611244,http://www.mywowshop.com,"Miami, FL",,,yellowpages
Beacon Eye Care Ctr Of Doral,,,,,,+13057179995,https://beaconeyecarecenter.com,"Miami, FL",,,yellowpages
K M Q Vision,,,,,,+13056382020,http://kmqvision.localsearch.com,"Miami, FL",,,yellowpages
Dr Stern Visual Health Centers,,,,,,+13055458256,http://drstern.org,"Miami, FL",,,yellowpages
Optica Futura Opticians,,,,,,+13056431028,,"Miami, FL",,,yellowpages
"Fernandez, Rosa, OD",,,,,,+13056494527,http://rosarfernandezother.localsearch.com,"Miami, FL",,,yellowpages
Z Optical,,,,,,+13056501189,http://rush-optical.hub.biz,"Miami, FL",,,yellowpages
D & G Total Vision Group Inc,,,,,,+17863625566,,"Miami, FL",,,yellowpages
Eagle Eye,,,ceo@eessinc.com,,https://www.linkedin.com/company/eagle-eye-security-solutions,+13057701117,https://www.eagleeyeinternationalprotectiveservices.com/contact,"Miami, FL",0,"Website is Eagle Eye International Protective Services, a security and executive protection firm. Not an eyewear business.",yellowpages
Eye Fashio Optical,,,,,,+17865028969,http://eyefashiooptical.localsearch.com,"Miami, FL",,,yellowpages
Fabrica De Espejuelos,,,,,,+13055458432,http://fabricadeespejuelos.localsearch.com,"Miami, FL",,,yellowpages
Public Eye Optical Co,,,,,,+13054206773,https://publiceyeopticalco.com,"Miami, FL",,,yellowpages
Master Touch USA,,,,,,+13053810005,http://mastertouchusa.localsearch.com,"Miami, FL",,,yellowpages
Ray Optical Corp,,,,,,+13058581326,http://rayopticalcorp.localsearch.com,"Miami, FL",,,yellowpages
Italia Independent USA Core,,,,,,+13057280929,http://italiaindependentusacore.localsearch.com,"Miami, FL",,,yellowpages
Optical Boutique,,,,,,+13236537743,http://opticalboutique.localsearch.com,"Los Angeles, CA",,,yellowpages
JCPenney,,,,,,+13235873261,https://www.jcpenney.com/locations/ca/santaclarita/clothing-stores-santaclarita-ca-465.html,"Los Angeles, CA",,,yellowpages
Tillys,,,,,,+18182260013,https://www.tillys.com/store/?StoreID=0028&utm_source=Ext_Network&utm_medium=Local_Directory,"Los Angeles, CA",,,yellowpages
Northridge Fashion Center,,,,,,+18188859700,https://www.northridgefashioncenter.com/en?cmpid=lc_yext_yext_other_o_none&utm_medium=local&utm_source=other&utm_content=none,"Los Angeles, CA",0,"Northridge Fashion Center shopping mall, not an optical shop.",yellowpages
Blackstone Optometry,,,,,,+13236602020,http://blackstoneoptometry.localsearch.com,"Los Angeles, CA",,,yellowpages
Hollywood Vision Center,,,,,,+13239545800,http://www.hollywoodvision.com,"Los Angeles, CA",,,yellowpages
Lux Eyewear,,,,,,+13236552459,http://www.lux-eyewear.com,"Los Angeles, CA",,,yellowpages
Eye-Mate Optical,,,,,,+12133803836,http://eyemateoptical.blogspot.com,"Los Angeles, CA",,,yellowpages
Road Vision,,,,,,+12137653333,http://roadvision.localsearch.com,"Los Angeles, CA",,,yellowpages
Good Eye Optometry,,,,,,+13104409500,http://goodeyeoptometryca.localsearch.com,"Los Angeles, CA",,,yellowpages
Gogosha Optique,,,,,,+13236551122,http://www.gogosha.com,"Los Angeles, CA",,,yellowpages
Bethel Eye Center,,,,,,+12137396900,http://betheleyecenter.localsearch.com,"Los Angeles, CA",,,yellowpages
Eyenoon Inc,,,,,,+12133881447,https://www.eyenoonoptical.com/contact-us,"Los Angeles, CA",,,yellowpages
Rp Space Optical,,,,,,+13236921400,http://rpspaceoptical.localsearch.com,"Los Angeles, CA",,,yellowpages
Lens Shoppe,,,,,,+13232224500,http://lensshoppe.localsearch.com,"Los Angeles, CA",,,yellowpages
Abcee Optical Inc,,,,,,+13238742020,http://abceeopticalinc.localsearch.com,"Los Angeles, CA",,,yellowpages
Prolab Sales Inc,,,,,,+13106224814,http://prolabsalesinc.localsearch.com,"Los Angeles, CA",,,yellowpages
Sears Optical,,,,,,+13232612454,http://www.searsoptical.com,"Los Angeles, CA",,,yellowpages
Fv Eyewear Inc,,,,,,+12136250989,http://fveyewear.com,"Los Angeles, CA",,,yellowpages
R K Optical,,,,,,+13108266600,http://rkoptical.localsearch.com,"Los Angeles, CA",,,yellowpages
St-Vincent Optical,,,,,,+12134889901,,"Los Angeles, CA",,,yellowpages
K B Eyewear International Inc.,,,,,,+12136877786,https://www.kbsunglasses.com,"Los Angeles, CA",,,yellowpages
La Optical Gallery,,,,,,+12136245511,http://laopticalgallery.localsearch.com,"Los Angeles, CA",,,yellowpages
Imaging Presentation Partners,,,,,,+12136877400,http://imagingpresentationpartnersca.localsearch.com,"Los Angeles, CA",,,yellowpages
Morgan A J,,,,,,+12136240254,http://withorganic.localsearch.com,"Los Angeles, CA",,,yellowpages
Eyewear Insight,,,,,,+12137698009,https://eyewearinsight.com/contact.php,"Los Angeles, CA",,,yellowpages
Clara Optics Inc,,,,,,+12132044400,,"Los Angeles, CA",,,yellowpages
Uni Optical,,,,,,+12137457303,,"Los Angeles, CA",,,yellowpages
Macapagal Optical,,,,,,+12133833137,http://macapagal-optical.hub.biz,"Los Angeles, CA",,,yellowpages
Optical Genesis,,,,,,+12133840488,http://opticalgenesis.localsearch.com,"Los Angeles, CA",,,yellowpages
Reserved By BBM Eyewear Dot Com,,,,,,+12133866177,,"Los Angeles, CA",,,yellowpages
I B Optical,,,,,,+12133801001,,"Los Angeles, CA",,,yellowpages
Boaz Eye Wear,,,,,,+12133891001,,"Los Angeles, CA",,,yellowpages
West Bev Vision,,,,,,+13234691929,http://westbevvision.localsearch.com,"Los Angeles, CA",,,yellowpages
BLINK. [Optical Boutique],,,,,,+15128470123,http://blinkopticalboutiquetx.localsearch.com,"Austin, TX",,,yellowpages
Tory Burch,,,,,https://www.linkedin.com/company/tory-burch,+15124906433,https://www.toryburch.com/en-us/store-locator/us/austin-the-domain/65,"Austin, TX",0,"Tory Burch fashion brand store page (Austin, The Domain). National brand.",yellowpages
Vision Source San Marcos,,,,,,+17372008024,https://yourvisionsource.com/locations/optometrist-san-marcos,"Austin, TX",,,yellowpages
"Bruce Kirkland, OD",,,,,,+15128999744,,"Austin, TX",,,yellowpages
Capitol Optical Salon,,,,,,+15124515226,http://capitolopticalsalon.localsearch.com,"Austin, TX",,,yellowpages
Texas State Optical,,,,,,+15124510229,http://texasstateoptical506160550.localsearch.com,"Austin, TX",,,yellowpages
Santa Fe Optical,,,,,,+15123271913,http://santafeoptical.localsearch.com,"Austin, TX",,,yellowpages
Capitol Optical Salon-Northwest,,,,,,+15122508485,http://www.capitoloptical.com,"Austin, TX",,,yellowpages
Sears Optical,,,,,,+15129891691,http://www.searsoptical.com,"Austin, TX",,,yellowpages
Royal Vision,,,,,,+15128363551,http://royalvision.localsearch.com,"Austin, TX",,,yellowpages
Optique,,,,,,+15124723937,http://optiquetx.localsearch.com,"Austin, TX",,,yellowpages
Optical Filter Source,,,,,,+15122480605,http://opticalfiltersource528193121.localsearch.com,"Austin, TX",,,yellowpages
4207 Optical,,,,,,+15124622060,,"Austin, TX",,,yellowpages
Audio Optical Systems of Austin,,,,,,+15124548672,http://www.kurzweilaustin.com/contact.html,"Austin, TX",0,Audio Optical Systems of Austin sells and supports Kurzweil reading software. Not an eyewear business.,yellowpages
Emmetropia,,,,,,+15124585367,http://agrimmdesign.com/austinvisionexam,"Austin, TX",0,"URL leads to A Grimm Design, an art and AR game site. Not an eyewear business.",yellowpages
EyeMasters,,,,,,+15123457260,,"Austin, TX",,,yellowpages
US Vision Optical Inc,,,,,,+15128326104,http://usvisionopticalinctx.localsearch.com,"Austin, TX",,,yellowpages
Jaimes Construction Service,,,,,,+15128011941,http://jaimesconstructionservice.localsearch.com,"Austin, TX",,,yellowpages
Eyemasters,,,,,,+15122632349,http://eyemasters496579546.localsearch.com,"Austin, TX",,,yellowpages
Frames Direct,,,,,,+15124028557,https://www.framesdirect.com/customer-service/international-customers,"Austin, TX",0,"FramesDirect.com, online retailer owned by Luxottica/EssilorLuxottica. National brand; promotes FSA/HSA and insurance online.",yellowpages
Clear Vision Optometry,,,,,,+15128359226,http://austinclearvision.com,"Austin, TX",,,yellowpages
H-E-B Pharmacy,,,,,,+15124742662,https://www.heb.com/pharmacy/common/landing,"Austin, TX",0,"H-E-B pharmacy page (grocery chain); bot-check page, no optical content.",yellowpages
Austin Eyecare,,,,,,+15124434317,http://www.austineyecare.net,"Austin, TX",,,yellowpages
Texan Eye - Main South,,,,,,+15123277000,https://www.texaneyecare.com,"Austin, TX",,,yellowpages
Rivet & Sway,,,,,,+12067357296,http://rivetsway.localsearch.com,"Seattle, WA",,,yellowpages
Sears,,,,,,+12063443078,http://sears.com,"Seattle, WA",0,Sears (national department store); not an independent optical business.,yellowpages
JCPenney Salon,,,,,,+14257719555,https://www.jcpenney.com/locations/wa/puyallup/salon-puyallup-wa-601.html,"Seattle, WA",,,yellowpages
Fred Meyer Fuel Center,,,,,,+14252355394,https://www.fredmeyer.com/d/fuel-points-program?cid=loc_70100031F_other,"Seattle, WA",,,yellowpages
Eye Associates Northwest PC,,,,,,+12062152020,http://www.swedish.org/locations/outpatient-rehabilitation-services-first-hill,"Seattle, WA",,,yellowpages
Oculus Eyecare,,,,,,+12065881241,http://oculuseyecare.com,"Seattle, WA",,,yellowpages
Optimeyes Optical,,,,,,+12063202630,,"Seattle, WA",,,yellowpages
Optical Illusions Inc,,,,,,+12065272942,http://opticalillusionsinc468825143.localsearch.com,"Seattle, WA",,,yellowpages
Olympic View Optical,,,,,,+12067892032,,"Seattle, WA",,,yellowpages
Lake Union Vision Clinic,,,,,,+12064674100,http://www.lakeunionvision.com,"Seattle, WA",,,yellowpages
University Village Optical,,,,,,+12063227848,,"Seattle, WA",,,yellowpages
Minervini,,,charles@minervini.com,,,+12068602127,http://www.minervini.com,"Seattle, WA",0,"Listed website is Minervini Markets 360, a stock trading education platform. Not an eyewear business.",yellowpages
Evergreen Vision Center,,,,,,+12063295700,http://evergreenvisioncenter.localsearch.com,"Seattle, WA",,,yellowpages
Optical Nerve,,,,,https://www.linkedin.com/company/eyevertise,+12062822120,http://www.optical-nerve.com,"Seattle, WA",0,"Website is Eyevertise, an eye care marketing agency (since 1996). Not an optical shop.",yellowpages
Uptown Eyewear,,,,,,+12062172030,http://uptowneyewear.localsearch.com,"Seattle, WA",,,yellowpages
Optical Ocean Sales,,,,,,+12062841142,http://opticaloceansales.com,"Seattle, WA",,,yellowpages
"Demmerly, Gina, Marie",,,,,,+12067223939,http://demmerlyginamarie.localsearch.com,"Seattle, WA",,,yellowpages
West Seattle Optix,,,,,,+12069328276,http://www.rjfs.com,"Seattle, WA",,,yellowpages
Optical Shoppe,,,,,,+12067898694,,"Seattle, WA",,,yellowpages
House of Lashes,,,,,,+12065225277,http://houseoflasheswa.localsearch.com,"Seattle, WA",,,yellowpages
Fifth Avenue Optical,,,,,,+12063634296,,"Seattle, WA",,,yellowpages
Martin's Fine Eyewear,,,,,,+12063636003,https://www.martinsfineeyewear.com/about,"Seattle, WA",,,yellowpages
Franz Optical,,,,,,+12065275540,http://franzopticalwa.localsearch.com,"Seattle, WA",,,yellowpages
Spectacle,,,,,,+12065246289,http://spectaclewa.localsearch.com,"Seattle, WA",,,yellowpages
Phinney Ridge Eye Care,,,opw@eyes.org,,https://www.linkedin.com/company/optometric-physicians-of-washington,+12067899887,http://www.eyes.org,"Seattle, WA",0,"Site is Optometric Physicians of Washington (state association), not the Phinney Ridge Eye Care practice.",yellowpages
Cannon EyeCare (at Pike Place's Market Optical),,,,,,+12065229323,https://seattleeyecaredoctor.com,"Seattle, WA",,,yellowpages
Zuniga Optical,,,,,,+17076991507,https://zunigaoptical.com/pages/visit-us,"Napa, CA",,,yellowpages
Napa Valley Care Center,,,,,,+17072570931,https://napavalleycarecenter.com,"Napa, CA",0,"Skilled nursing facility, not eyewear.",yellowpages
Bicais Optical Company Inc,,,,,,+17072249444,http://bicaisopticalcompanyinc.localsearch.com,"Napa, CA",,,yellowpages
First Sight Vision Services Inc,,,memberservices@abvisionplan.com,,,+17075574178,http://firstsightvision.net,"Napa, CA",0,"America's Best Vision Plan site (2 pairs for $95 with exam); national chain, not an independent optical boutique.",yellowpages
Thin Optics,,,,,,+17073431022,https://www.thinoptics.com,"Napa, CA",,,yellowpages
T.J. Maxx,,,,,,+17072070661,https://tjmaxx.tjx.com/store/index.jsp,"Napa, CA",,,yellowpages
Sears Optical,,,,,,+17074322068,http://www.searsoptical.com,"Napa, CA",,,yellowpages
"Mark R Christensen, O.D., Inc.",,,,,,+17074252187,http://www.dreyesight.com,"Napa, CA",,,yellowpages
"Joyce, Richard G, OD",,,,,,+17074252020,http://joycerichardgod.localsearch.com,"Napa, CA",,,yellowpages
Julie M Perry MD,,,,,,+17072443356,http://www.sthelenaeyemd.com,"Napa, CA",,,yellowpages
Dr. Richard Joyce Optometrist,,,,,,+17077456266,http://drrichardjoyceoptometrist.localsearch.com,"Napa, CA",,,yellowpages
Larsen Edwin K OD,,,,,,+17072265446,http://larsenedwinkod.localsearch.com,"Napa, CA",,,yellowpages
COACH Outlet,,,,,,+17072242489,https://www.coach.com/stores/ca/napa/885-factory-stores-drive,"Napa, CA",,,yellowpages
Michael Kors Outlet,,,,,,+17072547944,https://locations.michaelkors.com/us/ca/napa/679-factory-stores-dr,"Napa, CA",0,"Michael Kors outlet store, national fashion brand. Not an optical boutique.",yellowpages
Craig Sultan,,,,,,+17072542036,http://craigsultan.localsearch.com,"Napa, CA",,,yellowpages
Loft,,,,,,+17079911441,https://www.anntaylor.com/store/factory/ca/napa/821-factory-store-drive,"Napa, CA",0,Ann Taylor Factory (Loft) women's clothing outlet in Napa. Not an eyewear business.,yellowpages
Valley Optical,,,,,,+17072552910,http://valleyopticalca.localsearch.com,"Napa, CA",,,yellowpages
"Agbuya, Elizabeth N, OD",,,,,,+17072535000,http://agbuyaelizabethnod.localsearch.com,"Napa, CA",,,yellowpages
"Wang, Jacquelyn, OD",,,,,,+17072582076,http://jacquelynwang.localsearch.com,"Napa, CA",,,yellowpages
"Armstrong, Allan C, OD",,,,,,+17072582500,http://armstrongallancod.localsearch.com,"Napa, CA",,,yellowpages
"Ogata, Wayne K, OD",,,,,,+17076438891,http://ogatawayneod.localsearch.com,"Napa, CA",,,yellowpages
Loft,,,,,,+17076472072,https://www.facebook.com/theloftthai,"Napa, CA",,,yellowpages
Avenue,,,,,,+17075574160,http://avenue.com,"Napa, CA",,,yellowpages
Linda T nguyen,,,,,,+17078641888,http://lindathuynguyenother.localsearch.com,"Napa, CA",,,yellowpages
Schluter Sonja W. MD,,,,,,+17079961900,http://schlutersonjawmd.localsearch.com,"Napa, CA",,,yellowpages
