#,Company,Contact,Email,Location,Fit,Send?,Research notes,Pain hypothesis,Personalisation hook,Free value-first piece,Stack lead (what to emphasise),Subject,Email (Day 1),Email (Day 3),Email (Day 7),Email (Day 14),Status,Step,Day 1 sent,Last sent,Reply/notes,Test group (A = Sprint line)
1,Blink Boutique Eyecare & Eyewear,Dr. Kimberly Pham (Co-Founder & Optometrist (OD)),info@blinkgeorgetown.com,"Austin, TX",5,Yes,"Georgetown TX boutique eyecare + eyewear, female co-founded ('Female Power Pair', Women In Optometry); featured brands, insurances page, glaucoma specialist. Dr. Alyssa Garza also OD.",Georgetown patients with expiring FSA money and resetting benefits may book with a chain that reminds them first.,Women In Optometry 'Female Power Pair' feature on the co-founders,5-min video on where the site and insurances page lose year-end benefit shoppers + 3 ad ideas around featured brands,Meta ads to FSA/insurance holders around Georgetown + insurances page and booking fix,Benefit season in Georgetown,"Hi Dr. Pham,

I came across the Women In Optometry feature on blink, the ""Female Power Pair"" behind your Georgetown practice.

The catch is timing. On many plans, FSA money runs out Dec 31 and vision benefits reset in January, so Georgetown patients book with whoever reminds them first, often a chain. Ads need about two weeks to warm up, so start before December.

That's what our Year-End Benefits Sprint is for: ads and site fixes that turn expiring benefits into booked exams.

So here's an idea: I'll record a free 5-minute video on where your site loses year-end benefit shoppers, including the insurances page, plus 3 ""use it before you lose it"" ad ideas around your featured brands. Yours to keep, no call needed.

Want me to make it?

Zunaira
Quixify Media | zunaira@quixifymedia.com

P.S. Not relevant? Reply 'no' and I won't email again.","Hi Dr. Pham,

Quick follow-up on the free year-end video for Blink Boutique Eyecare & Eyewear.

If it helps to see how we work first, here's our paid social portfolio: https://drive.google.com/file/d/1IGIYt1fk7qlcFYgHbWXH48fI3DDCGk9Y/view?usp=sharing. It covers Meta campaigns we've run for online stores in the US, UK and Asia.

Still happy to record your 5 minute teardown. Just reply 'yes'.

Zunaira
Quixify Media | zunaira@quixifymedia.com

P.S. Not relevant? Reply 'no' and I won't email again.","Hi Dr. Pham,

One date worth knowing: for a lot of patients, FSA money has to be spent by December 31, and many vision plans reset in January. Meta ads need about 2 weeks to learn, so to catch that rush, setup has to start by November 17.

Want the free video first so you can judge for yourself?

Zunaira
Quixify Media | zunaira@quixifymedia.com

P.S. Not relevant? Reply 'no' and I won't email again.","Hi Dr. Pham,

I'll stop here so I'm not cluttering your inbox.

If the year-end benefit rush becomes a priority, reply 'video' any time and I'll send the free teardown for Blink Boutique Eyecare & Eyewear.

Wishing you a busy December.

Zunaira
Quixify Media | zunaira@quixifymedia.com",,,,,,A
2,Boca Family Eye Care,Dr. Jonathan Nebb (Co-founder & Optometrist (OD)),drnebb@bocafamilyeye.com,"Boca Raton, FL",5,Yes,Founded by Drs. Jonathan and Rachel Nebb; 2 Boca locations; 'Boca's largest selection of designer eyewear'; posts 'use your vision benefits before they run out'. Pediatric exams.,"Year-end FSA and benefit spend in Boca goes to whoever reminds patients first, often a chain.",Already posts 'use your vision benefits before they run out',Free 5-min video on where the site loses benefit shoppers + 3 ad ideas around designer eyewear,Meta ads to FSA/benefit holders near both Boca locations + benefits landing page,Benefit season in Boca Raton,"Hi Dr. Nebb,

Boca Family Eye Care already tells patients to use their vision benefits before they run out.

The catch is timing. On many plans, FSA money expires Dec 31 and vision benefits reset in January. Boca Raton patients book with whoever reminds them first, often a chain. Ads need about two weeks to warm up, so the window closes at the end of November.

So here's an idea: I'll record you a free 5-minute video showing where your site loses year-end benefit shoppers, plus 3 ""use it before you lose it"" ad ideas built around your designer eyewear. It's yours to keep, no call needed.

Want me to make it?

Zunaira
Quixify Media | zunaira@quixifymedia.com

P.S. Not relevant? Reply 'no' and I won't email again.","Hi Dr. Nebb,

Quick follow-up on the free year-end video for Boca Family Eye Care.

If it helps to see how we work first, here's our paid social portfolio: https://drive.google.com/file/d/1IGIYt1fk7qlcFYgHbWXH48fI3DDCGk9Y/view?usp=sharing. It covers Meta campaigns we've run for online stores in the US, UK and Asia.

Still happy to record your 5 minute teardown. Just reply 'yes'.

Zunaira
Quixify Media | zunaira@quixifymedia.com

P.S. Not relevant? Reply 'no' and I won't email again.","Hi Dr. Nebb,

One date worth knowing: for a lot of patients, FSA money has to be spent by December 31, and many vision plans reset in January. Meta ads need about 2 weeks to learn, so to catch that rush, setup has to start by November 17.

Want the free video first so you can judge for yourself?

Zunaira
Quixify Media | zunaira@quixifymedia.com

P.S. Not relevant? Reply 'no' and I won't email again.","Hi Dr. Nebb,

I'll stop here so I'm not cluttering your inbox.

If the year-end benefit rush becomes a priority, reply 'video' any time and I'll send the free teardown for Boca Family Eye Care.

Wishing you a busy December.

Zunaira
Quixify Media | zunaira@quixifymedia.com",,,,,,B
3,VisionCare Unlimited,Dr. Vivienne Rosenbusch (Optometrist (OD)),visioncare1@bellsouth.net,"Boca Raton, FL",5,Yes,"Boca Raton optometrist since 1993. High-end designer to affordable frames, emergency exams. Out of network for most plans but submits to insurance for reimbursement.",Year-end FSA/benefit shoppers in Boca Raton default to chains that remind them first,Since 1993 in Boca Raton; frames at every price point,5-min video on site gaps + 3 ad ideas around the full-price-range frame selection,Meta ads to FSA holders near Boca Raton + clearer out-of-network/reimbursement page,Benefit season in Boca Raton,"Hi Dr. Rosenbusch,

VisionCare Unlimited has served Boca Raton since 1993, with frames at every price point, from high-end designer to affordable.

The catch is timing. On many plans, FSA money expires Dec 31 and vision benefits reset in January, so Boca Raton patients book with whoever reminds them first, often a chain. Ads need about two weeks to warm up, so the window to start ends in November.

That's what our Year-End Benefits Sprint is for: ads and site fixes that turn expiring benefits into booked exams.

So here's an idea: I'll record you a free 5-minute video showing where your site loses year-end benefit shoppers, plus 3 ""use it before you lose it"" ad ideas built around your full frame range. It's yours to keep, no call needed.

Want me to make it?

Zunaira
Quixify Media | zunaira@quixifymedia.com

P.S. Not relevant? Reply 'no' and I won't email again.","Hi Dr. Rosenbusch,

Quick follow-up on the free year-end video for VisionCare Unlimited.

If it helps to see how we work first, here's our paid social portfolio: https://drive.google.com/file/d/1IGIYt1fk7qlcFYgHbWXH48fI3DDCGk9Y/view?usp=sharing. It covers Meta campaigns we've run for online stores in the US, UK and Asia.

Still happy to record your 5 minute teardown. Just reply 'yes'.

Zunaira
Quixify Media | zunaira@quixifymedia.com

P.S. Not relevant? Reply 'no' and I won't email again.","Hi Dr. Rosenbusch,

One date worth knowing: for a lot of patients, FSA money has to be spent by December 31, and many vision plans reset in January. Meta ads need about 2 weeks to learn, so to catch that rush, setup has to start by November 17.

Want the free video first so you can judge for yourself?

Zunaira
Quixify Media | zunaira@quixifymedia.com

P.S. Not relevant? Reply 'no' and I won't email again.","Hi Dr. Rosenbusch,

I'll stop here so I'm not cluttering your inbox.

If the year-end benefit rush becomes a priority, reply 'video' any time and I'll send the free teardown for VisionCare Unlimited.

Wishing you a busy December.

Zunaira
Quixify Media | zunaira@quixifymedia.com",,,,,,A
4,Vision Concept,Dr. Phuong Doan (Optometrist (OD)),hello@visionconcepthtx.com,"Houston, TX",5,Yes,"Houston (77065) optometry with optical boutique and designer frames, pediatric and specialty exams, contacts. Insurance and payment page. Single doctor listed.",Houston patients with expiring FSA money and resetting benefits may book with a chain first.,"Exam lineup (pediatric, specialty) plus in-house optical boutique with designer frames",5-min video on the insurance and payment page + 3 ad ideas around the designer frame boutique,Meta ads to FSA holders near 77065 + insurance/payment page fix,FSA season at Vision Concept,"Hi Dr. Doan,

Vision Concept pairs pediatric and specialty exams with its own optical boutique of designer frames.

Here's the gap. On many plans, FSA money runs out Dec 31 and vision benefits reset in January, so Houston patients book with whoever reminds them first, often a chain. Ads need about two weeks to warm up, so start before December.

So here's an idea: I'll record a free 5-minute video on where your insurance and payment page loses year-end benefit shoppers, plus 3 ""use it before you lose it"" ad ideas around your designer frame boutique. Yours to keep, no call needed.

Shall I record it?

Zunaira
Quixify Media | zunaira@quixifymedia.com

P.S. Not relevant? Reply 'no' and I won't email again.","Hi Dr. Doan,

Quick follow-up on the free year-end video for Vision Concept.

If it helps to see how we work first, here's our paid social portfolio: https://drive.google.com/file/d/1IGIYt1fk7qlcFYgHbWXH48fI3DDCGk9Y/view?usp=sharing. It covers Meta campaigns we've run for online stores in the US, UK and Asia.

Still happy to record your 5 minute teardown. Just reply 'yes'.

Zunaira
Quixify Media | zunaira@quixifymedia.com

P.S. Not relevant? Reply 'no' and I won't email again.","Hi Dr. Doan,

One date worth knowing: for a lot of patients, FSA money has to be spent by December 31, and many vision plans reset in January. Meta ads need about 2 weeks to learn, so to catch that rush, setup has to start by November 17.

Want the free video first so you can judge for yourself?

Zunaira
Quixify Media | zunaira@quixifymedia.com

P.S. Not relevant? Reply 'no' and I won't email again.","Hi Dr. Doan,

I'll stop here so I'm not cluttering your inbox.

If the year-end benefit rush becomes a priority, reply 'video' any time and I'll send the free teardown for Vision Concept.

Wishing you a busy December.

Zunaira
Quixify Media | zunaira@quixifymedia.com",,,,,,B
5,Vanderbilt Optical,Dr. Jason Eugenides (Owner & Optometrist (OD)),vboptical@gmail.com,"Naples, FL",5,Yes,"Naples optical with designer eyewear and frames, eye exams for kids and adults, in-house retina camera (no drops), contacts. Accepts most vision insurance.","Naples patients with expiring FSA money and benefits book with whoever reminds them first, often a chain.","In-house retina camera, no eye drops",Free 5-min video on site leaks for benefit shoppers + 3 ad ideas around the no-drops exam,Meta ads to Naples FSA/insurance holders + insurance page and booking fix,Benefit season at Vanderbilt Optical,"Hi Dr. Eugenides,

Every exam at Vanderbilt Optical includes imaging with your in-house retina camera, so no drops.

Here's the gap. For a lot of Naples patients, FSA money expires Dec 31 and benefits reset in January on many plans. They book with whoever reminds them first, often a chain. Ads need about two weeks to warm up, so the window closes at the end of November.

So here's an idea: I'll record you a free 5-minute video showing where your site loses year-end benefit shoppers, plus 3 ""use it before you lose it"" ad ideas built around your no-drops exam. It's yours to keep, no call needed.

Shall I record it?

Zunaira
Quixify Media | zunaira@quixifymedia.com

P.S. Not relevant? Reply 'no' and I won't email again.","Hi Dr. Eugenides,

Quick follow-up on the free year-end video for Vanderbilt Optical.

If it helps to see how we work first, here's our paid social portfolio: https://drive.google.com/file/d/1IGIYt1fk7qlcFYgHbWXH48fI3DDCGk9Y/view?usp=sharing. It covers Meta campaigns we've run for online stores in the US, UK and Asia.

Still happy to record your 5 minute teardown. Just reply 'yes'.

Zunaira
Quixify Media | zunaira@quixifymedia.com

P.S. Not relevant? Reply 'no' and I won't email again.","Hi Dr. Eugenides,

One date worth knowing: for a lot of patients, FSA money has to be spent by December 31, and many vision plans reset in January. Meta ads need about 2 weeks to learn, so to catch that rush, setup has to start by November 17.

Want the free video first so you can judge for yourself?

Zunaira
Quixify Media | zunaira@quixifymedia.com

P.S. Not relevant? Reply 'no' and I won't email again.","Hi Dr. Eugenides,

I'll stop here so I'm not cluttering your inbox.

If the year-end benefit rush becomes a priority, reply 'video' any time and I'll send the free teardown for Vanderbilt Optical.

Wishing you a busy December.

Zunaira
Quixify Media | zunaira@quixifymedia.com",,,,,,B
6,Standard Optometry,Dr. Lisa Lo (Owner & Optometrist (OD)),info@standardopt.com,"Palo Alto, CA",5,Yes,"Formerly Standard Optical (run by her father Mike Lo, 17+ yrs); 4000+ designer frames and sunglasses; ortho-K; Insurance page; glasses often ready in 2 days. Palo Alto, 1 location.","Palo Alto patients spend expiring FSA/benefits with whoever reminds them first, often a chain","Took over father's Standard Optical; 4000+ designer frames, ortho-K",5-min video on site gaps + 3 ad ideas around 4000+ frames and two-day turnaround,Meta ads to FSA holders in Palo Alto + insurance page fix,FSA season at Standard Optometry,"Hi Dr. Lo,

You took over your father's Standard Optical and built Standard Optometry, with 4000+ designer frames and ortho-K.

Here's the gap. On many plans, FSA money expires Dec 31 and vision benefits reset in January, so Palo Alto patients book with whoever reminds them first, often a chain. Ads need about two weeks to warm up, so the window to start ends in November.

So here's an idea: I'll record you a free 5-minute video showing where your site loses year-end benefit shoppers, plus 3 ""use it before you lose it"" ad ideas built around your 4000+ frames and two-day glasses. It's yours to keep, no call needed.

Shall I record it?

Zunaira
Quixify Media | zunaira@quixifymedia.com

P.S. Not relevant? Reply 'no' and I won't email again.","Hi Dr. Lo,

Quick follow-up on the free year-end video for Standard Optometry.

If it helps to see how we work first, here's our paid social portfolio: https://drive.google.com/file/d/1IGIYt1fk7qlcFYgHbWXH48fI3DDCGk9Y/view?usp=sharing. It covers Meta campaigns we've run for online stores in the US, UK and Asia.

Still happy to record your 5 minute teardown. Just reply 'yes'.

Zunaira
Quixify Media | zunaira@quixifymedia.com

P.S. Not relevant? Reply 'no' and I won't email again.","Hi Dr. Lo,

One date worth knowing: for a lot of patients, FSA money has to be spent by December 31, and many vision plans reset in January. Meta ads need about 2 weeks to learn, so to catch that rush, setup has to start by November 17.

Want the free video first so you can judge for yourself?

Zunaira
Quixify Media | zunaira@quixifymedia.com

P.S. Not relevant? Reply 'no' and I won't email again.","Hi Dr. Lo,

I'll stop here so I'm not cluttering your inbox.

If the year-end benefit rush becomes a priority, reply 'video' any time and I'll send the free teardown for Standard Optometry.

Wishing you a busy December.

Zunaira
Quixify Media | zunaira@quixifymedia.com",,,,,,B
7,Highland Eye Boutique,Dr. Kristie Bennett (Owner & Optometrist (OD)),see@highlandeyedoctor.com,"Atlanta, GA",4,Yes,"Highland Eye Boutique, Virginia-Highland Atlanta, opened 2010; distinctive exclusive eyeglasses and sunglasses; neighborhood feel, bulldogs Porter and Grits. No insurance text.",Atlanta patients with expiring benefits may book with a chain that advertises first.,Opened in 2010 for Virginia-Highland neighbors; distinctive exclusive eyewear,5-min video on missing insurance/FSA info on the site + 3 ad ideas around exclusive eyeglasses and sunglasses,Neighborhood Meta ads to FSA holders in Virginia-Highland/Midtown + add an FSA/insurance page,Year-end benefits in Virginia-Highland,"Hi Dr. Bennett,

You opened Highland Eye Boutique in 2010 to give Virginia-Highland neighbors first-class care and distinctive eyeglasses.

The tricky part is December. On many plans, FSA money runs out Dec 31 and vision benefits reset in January, so Atlanta patients book with whoever reminds them first, often a chain. Ads need about two weeks to warm up, so start before December.

That's what our Year-End Benefits Sprint is for: ads and site fixes that turn expiring benefits into booked exams.

So here's an idea: I'll record a free 5-minute video on where your site loses year-end benefit shoppers (I didn't see FSA info), plus 3 ""use it before you lose it"" ad ideas around your exclusive eyeglasses and sunglasses. Yours to keep, no call needed.

Worth a look?

Zunaira
Quixify Media | zunaira@quixifymedia.com

P.S. Not relevant? Reply 'no' and I won't email again.","Hi Dr. Bennett,

Quick follow-up on the free year-end video for Highland Eye Boutique.

If it helps to see how we work first, here's our paid social portfolio: https://drive.google.com/file/d/1IGIYt1fk7qlcFYgHbWXH48fI3DDCGk9Y/view?usp=sharing. It covers Meta campaigns we've run for online stores in the US, UK and Asia.

Still happy to record your 5 minute teardown. Just reply 'yes'.

Zunaira
Quixify Media | zunaira@quixifymedia.com

P.S. Not relevant? Reply 'no' and I won't email again.","Hi Dr. Bennett,

One date worth knowing: for a lot of patients, FSA money has to be spent by December 31, and many vision plans reset in January. Meta ads need about 2 weeks to learn, so to catch that rush, setup has to start by November 17.

Want the free video first so you can judge for yourself?

Zunaira
Quixify Media | zunaira@quixifymedia.com

P.S. Not relevant? Reply 'no' and I won't email again.","Hi Dr. Bennett,

I'll stop here so I'm not cluttering your inbox.

If the year-end benefit rush becomes a priority, reply 'video' any time and I'll send the free teardown for Highland Eye Boutique.

Wishing you a busy December.

Zunaira
Quixify Media | zunaira@quixifymedia.com",,,,,,A
8,In Focus Eye Center,Dr. Mario Martinez (Owner & Optometrist (OD)),mario@infocuseyes.com,"Atlanta, GA",4,Yes,"In Focus Eye Center, Atlanta, opened 2009 (co-founder Steve is office manager/ABO optician). Claims #1 eye doctor in Atlanta on Yelp. Also Dr. Lindsey Eisenberg, OD.","Atlanta patients with expiring FSA money and benefits book with whoever reminds them first, often a chain.",Open since 2009; rated #1 eye doctor in Atlanta on Yelp,Free 5-min video on site leaks for benefit shoppers + 3 ad ideas built around the Yelp reviews,Review-led Meta ads to Atlanta FSA holders + booking page fix,Benefit season in Atlanta,"Hi Dr. Martinez,

In Focus Eye Center has been open since 2009, and patients rate you the #1 eye doctor in Atlanta on Yelp.

Here's the problem. On many plans, FSA money expires Dec 31 and vision benefits reset in January. Atlanta patients book with whoever reminds them first, often a chain. Ads need about two weeks to warm up, so the window closes at the end of November.

So here's an idea: I'll record you a free 5-minute video showing where your site loses year-end benefit shoppers, plus 3 ""use it before you lose it"" ad ideas built around your Yelp reviews. It's yours to keep, no call needed.

Worth a look?

Zunaira
Quixify Media | zunaira@quixifymedia.com

P.S. Not relevant? Reply 'no' and I won't email again.","Hi Dr. Martinez,

Quick follow-up on the free year-end video for In Focus Eye Center.

If it helps to see how we work first, here's our paid social portfolio: https://drive.google.com/file/d/1IGIYt1fk7qlcFYgHbWXH48fI3DDCGk9Y/view?usp=sharing. It covers Meta campaigns we've run for online stores in the US, UK and Asia.

Still happy to record your 5 minute teardown. Just reply 'yes'.

Zunaira
Quixify Media | zunaira@quixifymedia.com

P.S. Not relevant? Reply 'no' and I won't email again.","Hi Dr. Martinez,

One date worth knowing: for a lot of patients, FSA money has to be spent by December 31, and many vision plans reset in January. Meta ads need about 2 weeks to learn, so to catch that rush, setup has to start by November 17.

Want the free video first so you can judge for yourself?

Zunaira
Quixify Media | zunaira@quixifymedia.com

P.S. Not relevant? Reply 'no' and I won't email again.","Hi Dr. Martinez,

I'll stop here so I'm not cluttering your inbox.

If the year-end benefit rush becomes a priority, reply 'video' any time and I'll send the free teardown for In Focus Eye Center.

Wishing you a busy December.

Zunaira
Quixify Media | zunaira@quixifymedia.com",,,,,,B
9,Austin Optometry Group (listed as Premier Optics),,aog@austinoptometrygrp.com,"Austin, TX",4,Check (listing and website names differ),"Austin Optometry Group since 1976 (Drs. Aaron Wolf, Annie Ku). Featured frame brands, online shop, scleral and specialty lenses, Nuance Audio frames. Insurances accepted page.","Austin benefit holders book with whoever reminds them first, often a chain","Austin Optometry Group since 1976; scleral lenses, Nuance Audio frames",5-min video on site gaps + 3 ad ideas around featured brands and online shop,Meta ads to FSA holders in Austin + insurance page and booking fix,Year-end benefits in Austin,"Hi there,

Austin Optometry Group has served Austin since 1976, with scleral lenses and even Nuance Audio frames.

The catch is timing. On many plans, FSA money expires Dec 31 and vision benefits reset in January, so Austin patients book with whoever reminds them first, often a chain. Ads need about two weeks to warm up, so the window to start ends in November.

So here's an idea: I'll record you a free 5-minute video showing where your site loses year-end benefit shoppers, plus 3 ""use it before you lose it"" ad ideas built around your featured brands and online shop. It's yours to keep, no call needed.

Worth a look?

Zunaira
Quixify Media | zunaira@quixifymedia.com

P.S. Not relevant? Reply 'no' and I won't email again.","Hi there,

Quick follow-up on the free year-end video for Austin Optometry Group.

If it helps to see how we work first, here's our paid social portfolio: https://drive.google.com/file/d/1IGIYt1fk7qlcFYgHbWXH48fI3DDCGk9Y/view?usp=sharing. It covers Meta campaigns we've run for online stores in the US, UK and Asia.

Still happy to record your 5 minute teardown. Just reply 'yes'.

Zunaira
Quixify Media | zunaira@quixifymedia.com

P.S. Not relevant? Reply 'no' and I won't email again.","Hi there,

One date worth knowing: for a lot of patients, FSA money has to be spent by December 31, and many vision plans reset in January. Meta ads need about 2 weeks to learn, so to catch that rush, setup has to start by November 17.

Want the free video first so you can judge for yourself?

Zunaira
Quixify Media | zunaira@quixifymedia.com

P.S. Not relevant? Reply 'no' and I won't email again.","Hi there,

I'll stop here so I'm not cluttering your inbox.

If the year-end benefit rush becomes a priority, reply 'video' any time and I'll send the free teardown for Austin Optometry Group.

Wishing you a busy December.

Zunaira
Quixify Media | zunaira@quixifymedia.com",,,,,,B
10,Grove Opticians,,info@groveopticians.com,"Boca Raton, FL",4,Yes,"Boca Raton luxury optical, decades in business. Cartier, Maybach, Kirk & Kirk, Anna Karin Karlsson, Matsuda; founder buys frames in Europe yearly. Founder first name Robert only. No insurance/FSA.",Boca Raton FSA dollars may go to a chain that reminds shoppers first.,"Founder's annual Europe buying trip; Kirk & Kirk, Anna Karin Karlsson, Matsuda",5-min video on where the site loses FSA shoppers + 3 ad ideas around the European frame finds,Luxury Meta ads to FSA holders in Boca Raton + FSA/benefits page,FSA season in Boca Raton,"Hi there,

Grove's yearly trip to Europe for Kirk & Kirk, Anna Karin Karlsson and Matsuda frames gives Boca Raton rare options.

Here's the thing about December. On many plans, FSA money runs out Dec 31 and vision benefits reset in January, so Boca Raton shoppers buy from whoever reminds them first, often a chain. Ads need about two weeks to warm up, so start before December.

So here's an idea: I'll record a free 5-minute video on where your site loses year-end FSA shoppers, plus 3 ""use it before you lose it"" ad ideas around your European frame finds. Yours to keep, no call needed.

Want me to make it?

Zunaira
Quixify Media | zunaira@quixifymedia.com

P.S. Not relevant? Reply 'no' and I won't email again.","Hi there,

Quick follow-up on the free year-end video for Grove Opticians.

If it helps to see how we work first, here's our paid social portfolio: https://drive.google.com/file/d/1IGIYt1fk7qlcFYgHbWXH48fI3DDCGk9Y/view?usp=sharing. It covers Meta campaigns we've run for online stores in the US, UK and Asia.

Still happy to record your 5 minute teardown. Just reply 'yes'.

Zunaira
Quixify Media | zunaira@quixifymedia.com

P.S. Not relevant? Reply 'no' and I won't email again.","Hi there,

One date worth knowing: for a lot of patients, FSA money has to be spent by December 31, and many vision plans reset in January. Meta ads need about 2 weeks to learn, so to catch that rush, setup has to start by November 17.

Want the free video first so you can judge for yourself?

Zunaira
Quixify Media | zunaira@quixifymedia.com

P.S. Not relevant? Reply 'no' and I won't email again.","Hi there,

I'll stop here so I'm not cluttering your inbox.

If the year-end benefit rush becomes a priority, reply 'video' any time and I'll send the free teardown for Grove Opticians.

Wishing you a busy December.

Zunaira
Quixify Media | zunaira@quixifymedia.com",,,,,,B
11,Central Square Eye Care,Dr. Geoff White (Optometrist (OD)),centralsquareeyecare@gmail.com,"Boston, MA",4,Yes,"Central Square, Cambridge since 2003; hand-selected frames; on-site finishing lab; optician George Skelton with decades of experience. No insurance/FSA text.","Cambridge patients with expiring FSA money and benefits book with whoever reminds them first, often a chain.",In Central Square since 2003; hand-selected frames; on-site finishing lab,Free 5-min video on the missing FSA/insurance messaging + 3 ad ideas around the on-site lab,Meta ads to Cambridge FSA holders + new FSA/insurance page,Year-end benefits in Central Square,"Hi Dr. White,

You've been in Central Square since 2003, cutting lenses in your own finishing lab.

The catch is timing. On many plans, FSA money expires Dec 31 and vision benefits reset in January. Cambridge patients book with whoever reminds them first, often a chain. Ads need about two weeks to warm up, so the window closes at the end of November.

That's what our Year-End Benefits Sprint is for: ads and site fixes that turn expiring benefits into booked exams.

So here's an idea: I'll record you a free 5-minute video showing where your site misses benefit shoppers (it never mentions FSA), plus 3 ""use it before you lose it"" ad ideas built around your on-site lab. It's yours to keep, no call needed.

Want me to make it?

Zunaira
Quixify Media | zunaira@quixifymedia.com

P.S. Not relevant? Reply 'no' and I won't email again.","Hi Dr. White,

Quick follow-up on the free year-end video for Central Square Eye Care.

If it helps to see how we work first, here's our paid social portfolio: https://drive.google.com/file/d/1IGIYt1fk7qlcFYgHbWXH48fI3DDCGk9Y/view?usp=sharing. It covers Meta campaigns we've run for online stores in the US, UK and Asia.

Still happy to record your 5 minute teardown. Just reply 'yes'.

Zunaira
Quixify Media | zunaira@quixifymedia.com

P.S. Not relevant? Reply 'no' and I won't email again.","Hi Dr. White,

One date worth knowing: for a lot of patients, FSA money has to be spent by December 31, and many vision plans reset in January. Meta ads need about 2 weeks to learn, so to catch that rush, setup has to start by November 17.

Want the free video first so you can judge for yourself?

Zunaira
Quixify Media | zunaira@quixifymedia.com

P.S. Not relevant? Reply 'no' and I won't email again.","Hi Dr. White,

I'll stop here so I'm not cluttering your inbox.

If the year-end benefit rush becomes a priority, reply 'video' any time and I'll send the free teardown for Central Square Eye Care.

Wishing you a busy December.

Zunaira
Quixify Media | zunaira@quixifymedia.com",,,,,,A
12,Wink Eyecare,Dr. Taline Farra (Lead Optometrist (OD)),Wink@winkboston.com,"Boston, MA",4,Yes,"South Boston optometry since 2014, Vision Source member. Fashionable eyewear, sunglasses, contacts, online shop link. Insurance information page. Drs. Taline Farra and Emma Fraser.","South Boston patients with expiring benefits book with whoever reminds them first, often a chain","South Boston since 2014; fashionable frames, sunglasses, online shop",5-min video on site gaps + 3 ad ideas around frames and sunglasses,Meta/Instagram ads to FSA holders in South Boston + insurance page fix,Benefit season at Wink Eyecare,"Hi Dr. Farra,

Wink Eyecare has served South Boston since 2014, with fashionable frames, sunglasses and an online shop.

Here's the gap. On many plans, FSA money expires Dec 31 and vision benefits reset in January, so South Boston patients book with whoever reminds them first, often a chain. Ads need about two weeks to warm up, so the window to start ends in November.

That's what our Year-End Benefits Sprint is for: ads and site fixes that turn expiring benefits into booked exams.

So here's an idea: I'll record you a free 5-minute video showing where your site loses year-end benefit shoppers, plus 3 ""use it before you lose it"" ad ideas built around Wink's frame and sunglass selection. It's yours to keep, no call needed.

Want me to make it?

Zunaira
Quixify Media | zunaira@quixifymedia.com

P.S. Not relevant? Reply 'no' and I won't email again.","Hi Dr. Farra,

Quick follow-up on the free year-end video for Wink Eyecare.

If it helps to see how we work first, here's our paid social portfolio: https://drive.google.com/file/d/1IGIYt1fk7qlcFYgHbWXH48fI3DDCGk9Y/view?usp=sharing. It covers Meta campaigns we've run for online stores in the US, UK and Asia.

Still happy to record your 5 minute teardown. Just reply 'yes'.

Zunaira
Quixify Media | zunaira@quixifymedia.com

P.S. Not relevant? Reply 'no' and I won't email again.","Hi Dr. Farra,

One date worth knowing: for a lot of patients, FSA money has to be spent by December 31, and many vision plans reset in January. Meta ads need about 2 weeks to learn, so to catch that rush, setup has to start by November 17.

Want the free video first so you can judge for yourself?

Zunaira
Quixify Media | zunaira@quixifymedia.com

P.S. Not relevant? Reply 'no' and I won't email again.","Hi Dr. Farra,

I'll stop here so I'm not cluttering your inbox.

If the year-end benefit rush becomes a priority, reply 'video' any time and I'll send the free teardown for Wink Eyecare.

Wishing you a busy December.

Zunaira
Quixify Media | zunaira@quixifymedia.com",,,,,,A
13,Halsted Eye Boutique,,info@chicagoeyedr.com,"Chicago, IL",4,Yes,"Independent Chicago optical since 2007, plus sister shop Eye See Ravenswood (2 locations). Brands: Dita, Lindberg, Tom Ford, Etnia Barcelona, John Varvatos. Online shop/cart. No insurance mention.",Chicago patients with expiring benefits may book with a chain first; site has no insurance mention.,"Since 2007; Dita, Lindberg, Tom Ford; sister shop Eye See Ravenswood",5-min video on where the site loses benefit shoppers across both shops + 3 ad ideas around designer brands,Meta ads to FSA holders near both shops + insurance/FSA page and online booking push,Benefit season at Halsted,"Hi there,

Halsted Eye Boutique has served Chicago since 2007 with Dita, Lindberg and Tom Ford, plus sister shop Eye See Ravenswood.

Here's the gap. On many plans, FSA money runs out Dec 31 and vision benefits reset in January, so Chicago patients book with whoever reminds them first, often a chain. Ads need about two weeks to warm up, so start before December.

That's what our Year-End Benefits Sprint is for: ads and site fixes that turn expiring benefits into booked exams.

So here's an idea: I'll record a free 5-minute video on where your site loses year-end benefit shoppers across both shops, plus 3 ""use it before you lose it"" ad ideas around your designer brands. Yours to keep, no call needed.

Shall I record it?

Zunaira
Quixify Media | zunaira@quixifymedia.com

P.S. Not relevant? Reply 'no' and I won't email again.","Hi there,

Quick follow-up on the free year-end video for Halsted Eye Boutique.

If it helps to see how we work first, here's our paid social portfolio: https://drive.google.com/file/d/1IGIYt1fk7qlcFYgHbWXH48fI3DDCGk9Y/view?usp=sharing. It covers Meta campaigns we've run for online stores in the US, UK and Asia.

Still happy to record your 5 minute teardown. Just reply 'yes'.

Zunaira
Quixify Media | zunaira@quixifymedia.com

P.S. Not relevant? Reply 'no' and I won't email again.","Hi there,

One date worth knowing: for a lot of patients, FSA money has to be spent by December 31, and many vision plans reset in January. Meta ads need about 2 weeks to learn, so to catch that rush, setup has to start by November 17.

Want the free video first so you can judge for yourself?

Zunaira
Quixify Media | zunaira@quixifymedia.com

P.S. Not relevant? Reply 'no' and I won't email again.","Hi there,

I'll stop here so I'm not cluttering your inbox.

If the year-end benefit rush becomes a priority, reply 'video' any time and I'll send the free teardown for Halsted Eye Boutique.

Wishing you a busy December.

Zunaira
Quixify Media | zunaira@quixifymedia.com",,,,,,A
14,Prism Optics,,prism@prismopticalchicago.com,"Chicago, IL",4,Yes,"Old Irving Park optical since 1991, onsite lab (glasses in 3 to 10 days). Frames: Silhouette, Ovvo, OGI, Modo, Eco. Own Prism Vision Plan. Exams by appointment after hours.","Old Irving Park shoppers with expiring FSA money and benefits go to whoever reminds them first, often a chain.",Milwaukee and Addison since 1991; onsite lab edges most glasses,Free 5-min video on site leaks + 3 ad ideas around the onsite lab,Meta ads to nearby FSA holders + Prism Vision Plan and booking page fix,FSA season in Old Irving Park,"Hi there,

Prism Optical has been at Milwaukee and Addison since 1991, edging most glasses in your onsite lab.

Here's the gap. For a lot of Chicago patients, FSA money expires Dec 31 and benefits reset in January on many plans. They book with whoever reminds them first, often a chain. Ads need about two weeks to warm up, so the window closes at the end of November.

So here's an idea: I'll record you a free 5-minute video showing where your site loses year-end benefit shoppers, plus 3 ""use it before you lose it"" ad ideas built around your onsite lab. It's yours to keep, no call needed.

Shall I record it?

Zunaira
Quixify Media | zunaira@quixifymedia.com

P.S. Not relevant? Reply 'no' and I won't email again.","Hi there,

Quick follow-up on the free year-end video for Prism Optics.

If it helps to see how we work first, here's our paid social portfolio: https://drive.google.com/file/d/1IGIYt1fk7qlcFYgHbWXH48fI3DDCGk9Y/view?usp=sharing. It covers Meta campaigns we've run for online stores in the US, UK and Asia.

Still happy to record your 5 minute teardown. Just reply 'yes'.

Zunaira
Quixify Media | zunaira@quixifymedia.com

P.S. Not relevant? Reply 'no' and I won't email again.","Hi there,

One date worth knowing: for a lot of patients, FSA money has to be spent by December 31, and many vision plans reset in January. Meta ads need about 2 weeks to learn, so to catch that rush, setup has to start by November 17.

Want the free video first so you can judge for yourself?

Zunaira
Quixify Media | zunaira@quixifymedia.com

P.S. Not relevant? Reply 'no' and I won't email again.","Hi there,

I'll stop here so I'm not cluttering your inbox.

If the year-end benefit rush becomes a priority, reply 'video' any time and I'll send the free teardown for Prism Optics.

Wishing you a busy December.

Zunaira
Quixify Media | zunaira@quixifymedia.com",,,,,,B
15,Tom Barrett Optical,,tbopt@yahoo.com,"Dallas, TX",4,Yes,"Family-owned Dallas luxury eyewear since 1981. Curated handcrafted frames from top designers, sunglasses, premium lenses, repairs. No insurance mention. Saturday by appointment.","Dallas shoppers spend expiring FSA money with whoever reminds them first, often a chain","Family-owned in Dallas since 1981; edgy, unusual handcrafted frames",5-min video on site gaps + 3 ad ideas around handcrafted designer frames,Meta ads to FSA holders in Dallas + an FSA/payment page (none on site),FSA season at Tom Barrett,"Hi there,

Tom Barrett Optical has been family-owned in Dallas since 1981, and a reviewer calls it the best spot for edgy frames.

The catch is timing. On many plans, FSA money expires Dec 31 and vision benefits reset in January, so Dallas shoppers buy from whoever reminds them first, often a chain. Ads need about two weeks to warm up, so the window to start ends in November.

That's what our Year-End Benefits Sprint is for: ads and site fixes that turn expiring benefits into frame sales.

So here's an idea: I'll record you a free 5-minute video showing where your site loses year-end benefit shoppers, plus 3 ""use it before you lose it"" ad ideas built around your handcrafted designer frames. It's yours to keep, no call needed.

Shall I record it?

Zunaira
Quixify Media | zunaira@quixifymedia.com

P.S. Not relevant? Reply 'no' and I won't email again.","Hi there,

Quick follow-up on the free year-end video for Tom Barrett Optical.

If it helps to see how we work first, here's our paid social portfolio: https://drive.google.com/file/d/1IGIYt1fk7qlcFYgHbWXH48fI3DDCGk9Y/view?usp=sharing. It covers Meta campaigns we've run for online stores in the US, UK and Asia.

Still happy to record your 5 minute teardown. Just reply 'yes'.

Zunaira
Quixify Media | zunaira@quixifymedia.com

P.S. Not relevant? Reply 'no' and I won't email again.","Hi there,

One date worth knowing: for a lot of patients, FSA money has to be spent by December 31, and many vision plans reset in January. Meta ads need about 2 weeks to learn, so to catch that rush, setup has to start by November 17.

Want the free video first so you can judge for yourself?

Zunaira
Quixify Media | zunaira@quixifymedia.com

P.S. Not relevant? Reply 'no' and I won't email again.","Hi there,

I'll stop here so I'm not cluttering your inbox.

If the year-end benefit rush becomes a priority, reply 'video' any time and I'll send the free teardown for Tom Barrett Optical.

Wishing you a busy December.

Zunaira
Quixify Media | zunaira@quixifymedia.com",,,,,,A
16,20/20 Optical,Edward Mamelok (Owner & Licensed Optician),info@20-20optical.com,"Greenwich, CT",4,Yes,"Owner operated since 1991, Greenwich. On-site lab, same day service, exclusive brands, 20/20 Kids with CT's largest kids eyewear selection, sports eyewear. No insurance/FSA mention.",Greenwich families with expiring FSA money may shop with a chain that reminds them first.,"Owner operated since 1991; on-site lab; 20/20 Kids, CT's largest kids eyewear selection",5-min video on where the site loses benefit shoppers + 3 ad ideas around 20/20 Kids and same-day service,Meta ads to Greenwich/Westchester parents with FSA money + FSA/insurance info on site,Year-end FSA season in Greenwich,"Hi Edward,

Since 1991, 20/20 Optical has paired an on-site lab with 20/20 Kids, Connecticut's largest selection of children's eyewear.

The catch is timing. On many plans, FSA money runs out Dec 31 and vision benefits reset in January, so Greenwich families shop with whoever reminds them first, often a chain. Ads need about two weeks to warm up, so start before December.

So here's an idea: I'll record a free 5-minute video on where your site loses year-end benefit shoppers, plus 3 ""use it before you lose it"" ad ideas around 20/20 Kids and same-day service. Yours to keep, no call needed.

Want me to make it?

Zunaira
Quixify Media | zunaira@quixifymedia.com

P.S. Not relevant? Reply 'no' and I won't email again.","Hi Edward,

Quick follow-up on the free year-end video for 20/20 Optical.

If it helps to see how we work first, here's our paid social portfolio: https://drive.google.com/file/d/1IGIYt1fk7qlcFYgHbWXH48fI3DDCGk9Y/view?usp=sharing. It covers Meta campaigns we've run for online stores in the US, UK and Asia.

Still happy to record your 5 minute teardown. Just reply 'yes'.

Zunaira
Quixify Media | zunaira@quixifymedia.com

P.S. Not relevant? Reply 'no' and I won't email again.","Hi Edward,

One date worth knowing: for a lot of patients, FSA money has to be spent by December 31, and many vision plans reset in January. Meta ads need about 2 weeks to learn, so to catch that rush, setup has to start by November 17.

Want the free video first so you can judge for yourself?

Zunaira
Quixify Media | zunaira@quixifymedia.com

P.S. Not relevant? Reply 'no' and I won't email again.","Hi Edward,

I'll stop here so I'm not cluttering your inbox.

If the year-end benefit rush becomes a priority, reply 'video' any time and I'll send the free teardown for 20/20 Optical.

Wishing you a busy December.

Zunaira
Quixify Media | zunaira@quixifymedia.com",,,,,,B
17,Darien Eye Care,,darieneyecarect@gmail.com,"Greenwich, CT",4,Yes,"Darien, CT optometry claiming one of the biggest eyewear brand selections in Darien. Designer eyewear, sports/safety eyewear, dry eye. Insurance page. Dr. Shefali Ahmadi, OD on staff. Owner not stated.","Darien patients with expiring FSA money and benefits book with whoever reminds them first, often a chain.",Claims one of the biggest eyewear brand selections in Darien; sports/safety eyewear,Free 5-min video on site leaks + 3 ad ideas around brand selection,Meta ads to Darien FSA/insurance holders + insurance page fix,Benefit season in Darien,"Hi there,

Darien Eye Care says it has one of the biggest eyewear brand selections in Darien, plus sports eyewear.

Here's the catch. On many plans, FSA money expires Dec 31 and vision benefits reset in January. Darien patients book with whoever reminds them first, often a chain. Ads need about two weeks to warm up, so the window closes at the end of November.

That's what our Year-End Benefits Sprint is for: ads and site fixes that turn expiring benefits into booked exams.

So here's an idea: I'll record you a free 5-minute video showing where your site loses year-end benefit shoppers, plus 3 ""use it before you lose it"" ad ideas built around your brand selection. It's yours to keep, no call needed.

Want me to make it?

Zunaira
Quixify Media | zunaira@quixifymedia.com

P.S. Not relevant? Reply 'no' and I won't email again.","Hi there,

Quick follow-up on the free year-end video for Darien Eye Care.

If it helps to see how we work first, here's our paid social portfolio: https://drive.google.com/file/d/1IGIYt1fk7qlcFYgHbWXH48fI3DDCGk9Y/view?usp=sharing. It covers Meta campaigns we've run for online stores in the US, UK and Asia.

Still happy to record your 5 minute teardown. Just reply 'yes'.

Zunaira
Quixify Media | zunaira@quixifymedia.com

P.S. Not relevant? Reply 'no' and I won't email again.","Hi there,

One date worth knowing: for a lot of patients, FSA money has to be spent by December 31, and many vision plans reset in January. Meta ads need about 2 weeks to learn, so to catch that rush, setup has to start by November 17.

Want the free video first so you can judge for yourself?

Zunaira
Quixify Media | zunaira@quixifymedia.com

P.S. Not relevant? Reply 'no' and I won't email again.","Hi there,

I'll stop here so I'm not cluttering your inbox.

If the year-end benefit rush becomes a priority, reply 'video' any time and I'll send the free teardown for Darien Eye Care.

Wishing you a busy December.

Zunaira
Quixify Media | zunaira@quixifymedia.com",,,,,,A
18,Spectrum Eye Care,Dr. Trang Tran (Lead Optometrist (OD)),spectrumtidwell@yahoo.com,"Houston, TX",4,Yes,"Founded 2000, Houston, two locations (Eldridge, Tidwell). Large selection of fashion and designer frames, full lens options, specialty contacts. Dr. Tran is a glaucoma-certified therapeutic OD.","Houston families with expiring benefits book with whoever reminds them first, often a chain","Two Houston locations (Eldridge, Tidwell); glaucoma specialist; large frame selection",5-min video on site gaps + 3 ad ideas around both locations and designer frames,Location-targeted Meta ads per office + booking page fix,Year-end benefits in Houston,"Hi Dr. Tran,

Spectrum Eye Care runs two Houston offices, Eldridge and Tidwell, pairing glaucoma care with a big designer frame selection.

Here's the gap. On many plans, FSA money expires Dec 31 and vision benefits reset in January, so Houston families book with whoever reminds them first, often a chain. Ads need about two weeks to warm up, so the window to start ends in November.

So here's an idea: I'll record you a free 5-minute video showing where your site loses year-end benefit shoppers, plus 3 ""use it before you lose it"" ad ideas built around both offices. It's yours to keep, no call needed.

Worth a look?

Zunaira
Quixify Media | zunaira@quixifymedia.com

P.S. Not relevant? Reply 'no' and I won't email again.","Hi Dr. Tran,

Quick follow-up on the free year-end video for Spectrum Eye Care.

If it helps to see how we work first, here's our paid social portfolio: https://drive.google.com/file/d/1IGIYt1fk7qlcFYgHbWXH48fI3DDCGk9Y/view?usp=sharing. It covers Meta campaigns we've run for online stores in the US, UK and Asia.

Still happy to record your 5 minute teardown. Just reply 'yes'.

Zunaira
Quixify Media | zunaira@quixifymedia.com

P.S. Not relevant? Reply 'no' and I won't email again.","Hi Dr. Tran,

One date worth knowing: for a lot of patients, FSA money has to be spent by December 31, and many vision plans reset in January. Meta ads need about 2 weeks to learn, so to catch that rush, setup has to start by November 17.

Want the free video first so you can judge for yourself?

Zunaira
Quixify Media | zunaira@quixifymedia.com

P.S. Not relevant? Reply 'no' and I won't email again.","Hi Dr. Tran,

I'll stop here so I'm not cluttering your inbox.

If the year-end benefit rush becomes a priority, reply 'video' any time and I'll send the free teardown for Spectrum Eye Care.

Wishing you a busy December.

Zunaira
Quixify Media | zunaira@quixifymedia.com",,,,,,B
19,Eye Tailor,,sales@eyetailor.com,"Los Angeles, CA",4,Yes,"Eyetailor optical shop at 4310 Melrose Ave, LA, open Mon-Sat. Has Collections page and an FSA & Insurance page. Owner not named. Thin otherwise.",LA shoppers with expiring FSA money may book with a chain that reminds them first.,Has a dedicated FSA & Insurance page; Melrose Ave shop,5-min video on the path to the FSA & Insurance page and drop-off points + 3 ad ideas around their collections,Meta ads to FSA holders near Melrose driving to the FSA & Insurance page,Your FSA page on Melrose,"Hi there,

I noticed Eye Tailor has its own FSA & Insurance page for the shop on Melrose Ave.

Here's the thing about December. On many plans, FSA money runs out Dec 31 and vision benefits reset in January, so Los Angeles shoppers book with whoever reminds them first, often a chain. Ads need about two weeks to warm up, so start before December.

That's what our Year-End Benefits Sprint is for: ads and site fixes that turn expiring benefits into booked exams.

So here's an idea: I'll record a free 5-minute video on how shoppers reach that FSA page and where they drop off, plus 3 ""use it before you lose it"" ad ideas around your collections. Yours to keep, no call needed.

Worth a look?

Zunaira
Quixify Media | zunaira@quixifymedia.com

P.S. Not relevant? Reply 'no' and I won't email again.","Hi there,

Quick follow-up on the free year-end video for Eye Tailor.

If it helps to see how we work first, here's our paid social portfolio: https://drive.google.com/file/d/1IGIYt1fk7qlcFYgHbWXH48fI3DDCGk9Y/view?usp=sharing. It covers Meta campaigns we've run for online stores in the US, UK and Asia.

Still happy to record your 5 minute teardown. Just reply 'yes'.

Zunaira
Quixify Media | zunaira@quixifymedia.com

P.S. Not relevant? Reply 'no' and I won't email again.","Hi there,

One date worth knowing: for a lot of patients, FSA money has to be spent by December 31, and many vision plans reset in January. Meta ads need about 2 weeks to learn, so to catch that rush, setup has to start by November 17.

Want the free video first so you can judge for yourself?

Zunaira
Quixify Media | zunaira@quixifymedia.com

P.S. Not relevant? Reply 'no' and I won't email again.","Hi there,

I'll stop here so I'm not cluttering your inbox.

If the year-end benefit rush becomes a priority, reply 'video' any time and I'll send the free teardown for Eye Tailor.

Wishing you a busy December.

Zunaira
Quixify Media | zunaira@quixifymedia.com",,,,,,A
20,L A Eye Center,,appointments@laeyecenter.com,"Los Angeles, CA",4,Yes,"South LA since 1963; one of the busiest optical centers there, hundreds of frames, safety eyewear, same-day optical; Insurance page; ODs Lilia Gelfand, Jessica Ho.","South LA families with expiring FSA money and benefits book with whoever reminds them first, often a chain.",Caring for South LA since 1963 at Vernon and Vermont; hundreds of frames,Free 5-min video on site leaks + 3 ad ideas around the 1963 heritage,Meta ads to South LA FSA/insurance holders (English + Spanish) + insurance page fix,Benefit season in South LA,"Hi there,

L A Eye Center has cared for South LA since 1963, with hundreds of frames.

The catch is timing. For a lot of South LA families, FSA money expires Dec 31 and benefits reset in January on many plans. They book with whoever reminds them first, often a chain. Ads need about two weeks to warm up, so the window closes at the end of November.

That's what our Year-End Benefits Sprint is for: ads and site fixes that turn expiring benefits into booked exams.

So here's an idea: I'll record you a free 5-minute video showing where your site loses year-end benefit shoppers, plus 3 ""use it before you lose it"" ad ideas built around your 60-plus years here. It's yours to keep, no call needed.

Shall I record it?

Zunaira
Quixify Media | zunaira@quixifymedia.com

P.S. Not relevant? Reply 'no' and I won't email again.","Hi there,

Quick follow-up on the free year-end video for L A Eye Center.

If it helps to see how we work first, here's our paid social portfolio: https://drive.google.com/file/d/1IGIYt1fk7qlcFYgHbWXH48fI3DDCGk9Y/view?usp=sharing. It covers Meta campaigns we've run for online stores in the US, UK and Asia.

Still happy to record your 5 minute teardown. Just reply 'yes'.

Zunaira
Quixify Media | zunaira@quixifymedia.com

P.S. Not relevant? Reply 'no' and I won't email again.","Hi there,

One date worth knowing: for a lot of patients, FSA money has to be spent by December 31, and many vision plans reset in January. Meta ads need about 2 weeks to learn, so to catch that rush, setup has to start by November 17.

Want the free video first so you can judge for yourself?

Zunaira
Quixify Media | zunaira@quixifymedia.com

P.S. Not relevant? Reply 'no' and I won't email again.","Hi there,

I'll stop here so I'm not cluttering your inbox.

If the year-end benefit rush becomes a priority, reply 'video' any time and I'll send the free teardown for L A Eye Center.

Wishing you a busy December.

Zunaira
Quixify Media | zunaira@quixifymedia.com",,,,,,A
21,Eye Culture Optical Boutique,,info@eye-culture.com,"Miami, FL",4,Yes,"Optical boutique in Downtown Doral. Rodenstock DNEye biometric lenses, curated luxury designer eyewear, personal frame styling. Two co-founders (unnamed). No insurance mention.","Doral patients spend expiring benefits with whoever reminds them first, often a chain",Downtown Doral; Rodenstock DNEye biometric lenses; science + design co-founders,5-min video on site gaps + 3 ad ideas around biometric lenses and curated frames,Meta/Instagram ads to FSA holders around Doral + FSA/insurance page (none on site),Benefit season in Doral,"Hi there,

Eye Culture pairs a Rodenstock DNEye scanner with curated luxury frames, built by founders from vision science and eyewear design.

The catch is timing. On many plans, FSA money expires Dec 31 and vision benefits reset in January, so Doral patients book with whoever reminds them first, often a chain. Ads need about two weeks to warm up, so the window to start ends in November.

That's what our Year-End Benefits Sprint is for: ads and site fixes that turn expiring benefits into booked exams.

So here's an idea: I'll record you a free 5-minute video showing where your site loses year-end benefit shoppers, plus 3 ""use it before you lose it"" ad ideas built around your biometric lens fitting. It's yours to keep, no call needed.

Want me to make it?

Zunaira
Quixify Media | zunaira@quixifymedia.com

P.S. Not relevant? Reply 'no' and I won't email again.","Hi there,

Quick follow-up on the free year-end video for Eye Culture Optical Boutique.

If it helps to see how we work first, here's our paid social portfolio: https://drive.google.com/file/d/1IGIYt1fk7qlcFYgHbWXH48fI3DDCGk9Y/view?usp=sharing. It covers Meta campaigns we've run for online stores in the US, UK and Asia.

Still happy to record your 5 minute teardown. Just reply 'yes'.

Zunaira
Quixify Media | zunaira@quixifymedia.com

P.S. Not relevant? Reply 'no' and I won't email again.","Hi there,

One date worth knowing: for a lot of patients, FSA money has to be spent by December 31, and many vision plans reset in January. Meta ads need about 2 weeks to learn, so to catch that rush, setup has to start by November 17.

Want the free video first so you can judge for yourself?

Zunaira
Quixify Media | zunaira@quixifymedia.com

P.S. Not relevant? Reply 'no' and I won't email again.","Hi there,

I'll stop here so I'm not cluttering your inbox.

If the year-end benefit rush becomes a priority, reply 'video' any time and I'll send the free teardown for Eye Culture Optical Boutique.

Wishing you a busy December.

Zunaira
Quixify Media | zunaira@quixifymedia.com",,,,,,A
22,Pro-Vision Care Center,"Dr. Amalfi Blanco (Founder, CEO & Optometrist (OD))",info@provisioncarecenter.com,"Miami, FL",4,Yes,"Pro-Vision Advanced Eye Care & Aesthetics, Miami: OD-founded, large frame selection, specialty contacts, plus skincare aesthetics. Bilingual English/Spanish. Gift cards.",Miami patients with expiring benefits may book with a chain that reminds them first.,Eye care + aesthetics in one practice; review praising large frame selection,5-min video on where the site loses benefit shoppers + 3 bilingual ad ideas around the frame selection,Bilingual English/Spanish Meta ads to Miami FSA holders + insurance/FSA page,Benefit season at Pro-Vision,"Hi Dr. Blanco,

Pro-Vision brings eye care and aesthetics under one roof, and a review I read singled out your large frame selection.

The tricky part is December. On many plans, FSA money runs out Dec 31 and vision benefits reset in January, so Miami patients book with whoever reminds them first, often a chain. Ads need about two weeks to warm up, so start before December.

That's what our Year-End Benefits Sprint is for: ads and site fixes that turn expiring benefits into booked exams.

So here's an idea: I'll record a free 5-minute video on where your site loses year-end benefit shoppers, plus 3 ""use it before you lose it"" ad ideas around your frame selection, in English and Spanish. Yours to keep, no call needed.

Shall I record it?

Zunaira
Quixify Media | zunaira@quixifymedia.com

P.S. Not relevant? Reply 'no' and I won't email again.","Hi Dr. Blanco,

Quick follow-up on the free year-end video for Pro-Vision Care Center.

If it helps to see how we work first, here's our paid social portfolio: https://drive.google.com/file/d/1IGIYt1fk7qlcFYgHbWXH48fI3DDCGk9Y/view?usp=sharing. It covers Meta campaigns we've run for online stores in the US, UK and Asia.

Still happy to record your 5 minute teardown. Just reply 'yes'.

Zunaira
Quixify Media | zunaira@quixifymedia.com

P.S. Not relevant? Reply 'no' and I won't email again.","Hi Dr. Blanco,

One date worth knowing: for a lot of patients, FSA money has to be spent by December 31, and many vision plans reset in January. Meta ads need about 2 weeks to learn, so to catch that rush, setup has to start by November 17.

Want the free video first so you can judge for yourself?

Zunaira
Quixify Media | zunaira@quixifymedia.com

P.S. Not relevant? Reply 'no' and I won't email again.","Hi Dr. Blanco,

I'll stop here so I'm not cluttering your inbox.

If the year-end benefit rush becomes a priority, reply 'video' any time and I'll send the free teardown for Pro-Vision Care Center.

Wishing you a busy December.

Zunaira
Quixify Media | zunaira@quixifymedia.com",,,,,,A
23,Sunset Eyes Optical,Mark Hunter (Owner),sunseteyeoptical@gmail.com,"Miami, FL",4,Yes,"Miami optical, 25+ years; owner from family of Miami optical shop owners. In-store lab, luxury brands, optometrist exams, free exam with eyewear purchase offer. Bilingual site.","Miami patients with expiring FSA money and benefits book with whoever reminds them first, often a chain.",Owner grew up in a family of Miami-Dade optical shop owners; in-store lab,Free 5-min video on site leaks + 3 ad ideas around the exam-with-eyewear offer,Bilingual Meta ads to Miami FSA holders + offer landing page fix,Benefit season at Sunset Eyes,"Hi Mark,

You grew up in your family's Miami-Dade optical shops, and Sunset Eyes makes glasses in its own lab.

Here's the gap. On many plans, FSA money expires Dec 31 and vision benefits reset in January. Miami patients book with whoever reminds them first, often a chain. Ads need about two weeks to warm up, so the window closes at the end of November.

That's what our Year-End Benefits Sprint is for: ads and site fixes that turn expiring benefits into booked exams.

So here's an idea: I'll record you a free 5-minute video showing where your site loses year-end benefit shoppers, plus 3 ""use it before you lose it"" ad ideas built around your exam-with-eyewear offer. It's yours to keep, no call needed.

Want me to make it?

Zunaira
Quixify Media | zunaira@quixifymedia.com

P.S. Not relevant? Reply 'no' and I won't email again.","Hi Mark,

Quick follow-up on the free year-end video for Sunset Eyes Optical.

If it helps to see how we work first, here's our paid social portfolio: https://drive.google.com/file/d/1IGIYt1fk7qlcFYgHbWXH48fI3DDCGk9Y/view?usp=sharing. It covers Meta campaigns we've run for online stores in the US, UK and Asia.

Still happy to record your 5 minute teardown. Just reply 'yes'.

Zunaira
Quixify Media | zunaira@quixifymedia.com

P.S. Not relevant? Reply 'no' and I won't email again.","Hi Mark,

One date worth knowing: for a lot of patients, FSA money has to be spent by December 31, and many vision plans reset in January. Meta ads need about 2 weeks to learn, so to catch that rush, setup has to start by November 17.

Want the free video first so you can judge for yourself?

Zunaira
Quixify Media | zunaira@quixifymedia.com

P.S. Not relevant? Reply 'no' and I won't email again.","Hi Mark,

I'll stop here so I'm not cluttering your inbox.

If the year-end benefit rush becomes a priority, reply 'video' any time and I'll send the free teardown for Sunset Eyes Optical.

Wishing you a busy December.

Zunaira
Quixify Media | zunaira@quixifymedia.com",,,,,,A
24,Eye Works Optometry,,staff@the-eyeworks.com,"Napa, CA",4,Yes,"The Eye Works Optometry, Napa, 45+ yrs. Fashionable frames with Our Brands page, pediatric optometry, OCT imaging, contacts, online booking. No insurance mention in text.","Napa families with expiring benefits book with whoever reminds them first, often a chain","45+ years in Napa; pediatric optometry, OCT imaging, fashionable frames",5-min video on site gaps + 3 ad ideas around online booking and family care,Meta ads to Napa parents/FSA holders + insurance/FSA info (none on site),FSA season in Napa,"Hi there,

The Eye Works has served Napa for 45+ years, from pediatric exams and OCT imaging to fashionable frames.

Here's the gap. On many plans, FSA money expires Dec 31 and vision benefits reset in January, so Napa families book with whoever reminds them first, often a chain. Ads need about two weeks to warm up, so the window to start ends in November.

So here's an idea: I'll record you a free 5-minute video showing where your site loses year-end benefit shoppers, plus 3 ""use it before you lose it"" ad ideas built around family eye care. It's yours to keep, no call needed.

Shall I record it?

Zunaira
Quixify Media | zunaira@quixifymedia.com

P.S. Not relevant? Reply 'no' and I won't email again.","Hi there,

Quick follow-up on the free year-end video for Eye Works Optometry.

If it helps to see how we work first, here's our paid social portfolio: https://drive.google.com/file/d/1IGIYt1fk7qlcFYgHbWXH48fI3DDCGk9Y/view?usp=sharing. It covers Meta campaigns we've run for online stores in the US, UK and Asia.

Still happy to record your 5 minute teardown. Just reply 'yes'.

Zunaira
Quixify Media | zunaira@quixifymedia.com

P.S. Not relevant? Reply 'no' and I won't email again.","Hi there,

One date worth knowing: for a lot of patients, FSA money has to be spent by December 31, and many vision plans reset in January. Meta ads need about 2 weeks to learn, so to catch that rush, setup has to start by November 17.

Want the free video first so you can judge for yourself?

Zunaira
Quixify Media | zunaira@quixifymedia.com

P.S. Not relevant? Reply 'no' and I won't email again.","Hi there,

I'll stop here so I'm not cluttering your inbox.

If the year-end benefit rush becomes a priority, reply 'video' any time and I'll send the free teardown for Eye Works Optometry.

Wishing you a busy December.

Zunaira
Quixify Media | zunaira@quixifymedia.com",,,,,,B
25,Rika Optique,Rita Barrera (Owner & Certified Optician),info@rikaoptique.com,"Napa, CA",4,Yes,"Optical boutique founded by Rita Barrera (Napa native, ~30 yrs, bilingual); theo and independent designer frames, bi-monthly trunk shows, sports eyewear for students. No insurance mention.",Napa shoppers with expiring FSA money may buy from a chain that reminds them first.,"Napa native, ~30 years in optics; theo and independent designers; bi-monthly trunk shows",5-min video on where the site loses benefit shoppers + 3 ad ideas around the trunk shows,Meta ads to Napa FSA holders tied to a December trunk show + FSA info on site,Trunk shows and FSA season,"Hi Rita,

A Napa native with almost 30 years in optics, you built Rika Optique around theo, independent designers and bi-monthly trunk shows.

Here's the gap. On many plans, FSA money runs out Dec 31 and vision benefits reset in January, so Napa shoppers buy from whoever reminds them first, often a chain. Ads need about two weeks to warm up, so start before December.

So here's an idea: I'll record a free 5-minute video on where your site loses year-end benefit shoppers, plus 3 ""use it before you lose it"" ad ideas around your trunk shows. Yours to keep, no call needed.

Want me to make it?

Zunaira
Quixify Media | zunaira@quixifymedia.com

P.S. Not relevant? Reply 'no' and I won't email again.","Hi Rita,

Quick follow-up on the free year-end video for Rika Optique.

If it helps to see how we work first, here's our paid social portfolio: https://drive.google.com/file/d/1IGIYt1fk7qlcFYgHbWXH48fI3DDCGk9Y/view?usp=sharing. It covers Meta campaigns we've run for online stores in the US, UK and Asia.

Still happy to record your 5 minute teardown. Just reply 'yes'.

Zunaira
Quixify Media | zunaira@quixifymedia.com

P.S. Not relevant? Reply 'no' and I won't email again.","Hi Rita,

One date worth knowing: for a lot of patients, FSA money has to be spent by December 31, and many vision plans reset in January. Meta ads need about 2 weeks to learn, so to catch that rush, setup has to start by November 17.

Want the free video first so you can judge for yourself?

Zunaira
Quixify Media | zunaira@quixifymedia.com

P.S. Not relevant? Reply 'no' and I won't email again.","Hi Rita,

I'll stop here so I'm not cluttering your inbox.

If the year-end benefit rush becomes a priority, reply 'video' any time and I'll send the free teardown for Rika Optique.

Wishing you a busy December.

Zunaira
Quixify Media | zunaira@quixifymedia.com",,,,,,B
26,Van Der Heyden Vision Source,Dr. Terry R. Van Der Heyden (Owner & Optometrist (OD)),info@visionsource-naples.com,"Naples, FL",4,Yes,"Naples optometry practice since 1974, member of Vision Source. Lenses and frames, contact lenses, emergency exams. Insurance information page.","Naples patients with expiring FSA money and benefits book with whoever reminds them first, often a chain.",Serving Naples since 1974; Vision Source member,Free 5-min video on site leaks + 3 ad ideas around the 1974 heritage,Meta ads to Naples FSA/insurance holders + insurance information page fix,Benefit season in Naples,"Hi Dr. Van Der Heyden,

Your practice has served Naples since 1974, as part of the Vision Source network.

The catch is timing. For a lot of Naples patients, FSA money expires Dec 31 and benefits reset in January on many plans. They book with whoever reminds them first, often a chain. Ads need about two weeks to warm up, so the window closes at the end of November.

That's what our Year-End Benefits Sprint is for: ads and site fixes that turn expiring benefits into booked exams.

So here's an idea: I'll record you a free 5-minute video showing where your site loses year-end benefit shoppers, plus 3 ""use it before you lose it"" ad ideas built around your 50 years in Naples. It's yours to keep, no call needed.

Worth a look?

Zunaira
Quixify Media | zunaira@quixifymedia.com

P.S. Not relevant? Reply 'no' and I won't email again.","Hi Dr. Van Der Heyden,

Quick follow-up on the free year-end video for Van Der Heyden Vision Source.

If it helps to see how we work first, here's our paid social portfolio: https://drive.google.com/file/d/1IGIYt1fk7qlcFYgHbWXH48fI3DDCGk9Y/view?usp=sharing. It covers Meta campaigns we've run for online stores in the US, UK and Asia.

Still happy to record your 5 minute teardown. Just reply 'yes'.

Zunaira
Quixify Media | zunaira@quixifymedia.com

P.S. Not relevant? Reply 'no' and I won't email again.","Hi Dr. Van Der Heyden,

One date worth knowing: for a lot of patients, FSA money has to be spent by December 31, and many vision plans reset in January. Meta ads need about 2 weeks to learn, so to catch that rush, setup has to start by November 17.

Want the free video first so you can judge for yourself?

Zunaira
Quixify Media | zunaira@quixifymedia.com

P.S. Not relevant? Reply 'no' and I won't email again.","Hi Dr. Van Der Heyden,

I'll stop here so I'm not cluttering your inbox.

If the year-end benefit rush becomes a priority, reply 'video' any time and I'll send the free teardown for Van Der Heyden Vision Source.

Wishing you a busy December.

Zunaira
Quixify Media | zunaira@quixifymedia.com",,,,,,A
27,In-Sight Optical,,info@insightoptical.us,"New York, NY",4,"No (site is in Colorado Springs, outside target cities)","In-Sight Optical, locally owned since 1984, Colorado Springs (719 number, not NY). Standard and designer frames, repairs, warranties, insurance page. Reviews name optician Dave.","Colorado Springs shoppers spend expiring benefits with whoever reminds them first, often a chain",Locally owned in Colorado Springs since 1984; Dave's loaner-frame review,5-min video on site gaps + 3 ad ideas around designer frames and insurance page,Meta ads to FSA holders in Colorado Springs + insurance page fix,Benefit season at In-Sight Optical,"Hi there,

In-Sight Optical has been locally owned since 1984, and one review says Dave put their lenses in loaner frames for free.

The catch is timing. On many plans, FSA money expires Dec 31 and vision benefits reset in January, so Colorado Springs shoppers buy from whoever reminds them first, often a chain. Ads need about two weeks to warm up, so the window to start ends in November.

So here's an idea: I'll record you a free 5-minute video showing where your site loses year-end benefit shoppers, plus 3 ""use it before you lose it"" ad ideas built around your designer frames. It's yours to keep, no call needed.

Worth a look?

Zunaira
Quixify Media | zunaira@quixifymedia.com

P.S. Not relevant? Reply 'no' and I won't email again.","Hi there,

Quick follow-up on the free year-end video for In-Sight Optical.

If it helps to see how we work first, here's our paid social portfolio: https://drive.google.com/file/d/1IGIYt1fk7qlcFYgHbWXH48fI3DDCGk9Y/view?usp=sharing. It covers Meta campaigns we've run for online stores in the US, UK and Asia.

Still happy to record your 5 minute teardown. Just reply 'yes'.

Zunaira
Quixify Media | zunaira@quixifymedia.com

P.S. Not relevant? Reply 'no' and I won't email again.","Hi there,

One date worth knowing: for a lot of patients, FSA money has to be spent by December 31, and many vision plans reset in January. Meta ads need about 2 weeks to learn, so to catch that rush, setup has to start by November 17.

Want the free video first so you can judge for yourself?

Zunaira
Quixify Media | zunaira@quixifymedia.com

P.S. Not relevant? Reply 'no' and I won't email again.","Hi there,

I'll stop here so I'm not cluttering your inbox.

If the year-end benefit rush becomes a priority, reply 'video' any time and I'll send the free teardown for In-Sight Optical.

Wishing you a busy December.

Zunaira
Quixify Media | zunaira@quixifymedia.com",skip,,,,,B
28,Upper West Optical (listed as Pildes Optical),,info@upperwestoptical.com,"New York, NY",4,Yes,"Upper West Optical (Pildes), NYC: independently owned optical, 35+ years; designer frames, sunglasses, contact lens fittings, DMV vision tests. Has Instagram.",New York patients with expiring benefits may book with a chain that reminds them first.,"Independently owned 35+ years; designer frames, contact lens fittings, DMV vision tests",5-min video on where the site loses benefit shoppers + 3 ad ideas around designer frames and exams,Meta/Instagram ads to Upper West Side FSA holders + insurance/FSA page,Benefit season at Upper West Optical,"Hi there,

Upper West Optical has been independently owned for over 35 years, from designer frames to contact lens fittings and DMV vision tests.

The catch is timing. On many plans, FSA money runs out Dec 31 and vision benefits reset in January, so New York patients book with whoever reminds them first, often a chain. Ads need about two weeks to warm up, so start before December.

So here's an idea: I'll record a free 5-minute video on where your site loses year-end benefit shoppers, plus 3 ""use it before you lose it"" ad ideas around your designer frames and exams. Yours to keep, no call needed.

Worth a look?

Zunaira
Quixify Media | zunaira@quixifymedia.com

P.S. Not relevant? Reply 'no' and I won't email again.","Hi there,

Quick follow-up on the free year-end video for Upper West Optical.

If it helps to see how we work first, here's our paid social portfolio: https://drive.google.com/file/d/1IGIYt1fk7qlcFYgHbWXH48fI3DDCGk9Y/view?usp=sharing. It covers Meta campaigns we've run for online stores in the US, UK and Asia.

Still happy to record your 5 minute teardown. Just reply 'yes'.

Zunaira
Quixify Media | zunaira@quixifymedia.com

P.S. Not relevant? Reply 'no' and I won't email again.","Hi there,

One date worth knowing: for a lot of patients, FSA money has to be spent by December 31, and many vision plans reset in January. Meta ads need about 2 weeks to learn, so to catch that rush, setup has to start by November 17.

Want the free video first so you can judge for yourself?

Zunaira
Quixify Media | zunaira@quixifymedia.com

P.S. Not relevant? Reply 'no' and I won't email again.","Hi there,

I'll stop here so I'm not cluttering your inbox.

If the year-end benefit rush becomes a priority, reply 'video' any time and I'll send the free teardown for Upper West Optical.

Wishing you a busy December.

Zunaira
Quixify Media | zunaira@quixifymedia.com",,,,,,B
29,Silver Lining Opticians,,info@silverliningopticians.com,"New York, NY",4,Yes,"Independent eyewear shop in SoHo since 2007; Masunaga, Eyevan 7285, l.a. Eyeworks, own brand; vintage expertise. No exams; out-of-network but accepts FSA/HSA. Online shop.","Out-of-network, so expiring FSA dollars are the year-end lever, and they go to whoever reminds shoppers first.","SoHo since 2007; Masunaga, Eyevan 7285, l.a. Eyeworks",Free 5-min video on where the site loses FSA shoppers + 3 ad ideas around their frame lines,Meta ads to Manhattan FSA/HSA holders + FSA messaging on the online shop,FSA season in SoHo,"Hi there,

Silver Lining has been in SoHo since 2007, carrying Masunaga, Eyevan 7285 and l.a. Eyeworks.

Here's the gap. You're out-of-network but accept FSA and HSA, and on many plans FSA money has to be spent by Dec 31. It goes to whoever reminds shoppers first, often a chain. Ads need about two weeks to warm up, so the window closes at the end of November.

That's what our Year-End Benefits Sprint is for: ads and site fixes that turn expiring FSA dollars into frame sales.

So here's an idea: I'll record you a free 5-minute video showing where your site loses year-end FSA shoppers, plus 3 ""use it before you lose it"" ad ideas built around your frame lines. It's yours to keep, no call needed.

Shall I record it?

Zunaira
Quixify Media | zunaira@quixifymedia.com

P.S. Not relevant? Reply 'no' and I won't email again.","Hi there,

Quick follow-up on the free year-end video for Silver Lining Opticians.

If it helps to see how we work first, here's our paid social portfolio: https://drive.google.com/file/d/1IGIYt1fk7qlcFYgHbWXH48fI3DDCGk9Y/view?usp=sharing. It covers Meta campaigns we've run for online stores in the US, UK and Asia.

Still happy to record your 5 minute teardown. Just reply 'yes'.

Zunaira
Quixify Media | zunaira@quixifymedia.com

P.S. Not relevant? Reply 'no' and I won't email again.","Hi there,

One date worth knowing: for a lot of patients, FSA money has to be spent by December 31, and many vision plans reset in January. Meta ads need about 2 weeks to learn, so to catch that rush, setup has to start by November 17.

Want the free video first so you can judge for yourself?

Zunaira
Quixify Media | zunaira@quixifymedia.com

P.S. Not relevant? Reply 'no' and I won't email again.","Hi there,

I'll stop here so I'm not cluttering your inbox.

If the year-end benefit rush becomes a priority, reply 'video' any time and I'll send the free teardown for Silver Lining Opticians.

Wishing you a busy December.

Zunaira
Quixify Media | zunaira@quixifymedia.com",,,,,,A
30,Successful Vision,,info@svbshop.com,"New York, NY",4,Yes,"Successful Vision: fashion eyewear and sunglasses, unique frames, Insurances page, on-site optometrist Reyna Betances OD. 1-year AR coating and frame warranty. 914 phone. Owner unnamed.","Local patients spend expiring benefits with whoever reminds them first, often a chain",One-year frame and AR warranty; unique shapes and colors,5-min video on site gaps + 3 ad ideas around fun frames and on-site exams,Meta/Instagram ads to nearby FSA holders + insurance page and booking fix,FSA season at Successful Vision,"Hi there,

Successful Vision backs frames and AR coatings with a one-year warranty, and one reviewer raves about your unique shapes and colors.

Here's the gap. On many plans, FSA money expires Dec 31 and vision benefits reset in January, so nearby patients book with whoever reminds them first, often a chain. Ads need about two weeks to warm up, so the window to start ends in November.

That's what our Year-End Benefits Sprint is for: ads and site fixes that turn expiring benefits into booked exams.

So here's an idea: I'll record you a free 5-minute video showing where your site loses year-end benefit shoppers, plus 3 ""use it before you lose it"" ad ideas built around your fun, unusual frames. It's yours to keep, no call needed.

Want me to make it?

Zunaira
Quixify Media | zunaira@quixifymedia.com

P.S. Not relevant? Reply 'no' and I won't email again.","Hi there,

Quick follow-up on the free year-end video for Successful Vision.

If it helps to see how we work first, here's our paid social portfolio: https://drive.google.com/file/d/1IGIYt1fk7qlcFYgHbWXH48fI3DDCGk9Y/view?usp=sharing. It covers Meta campaigns we've run for online stores in the US, UK and Asia.

Still happy to record your 5 minute teardown. Just reply 'yes'.

Zunaira
Quixify Media | zunaira@quixifymedia.com

P.S. Not relevant? Reply 'no' and I won't email again.","Hi there,

One date worth knowing: for a lot of patients, FSA money has to be spent by December 31, and many vision plans reset in January. Meta ads need about 2 weeks to learn, so to catch that rush, setup has to start by November 17.

Want the free video first so you can judge for yourself?

Zunaira
Quixify Media | zunaira@quixifymedia.com

P.S. Not relevant? Reply 'no' and I won't email again.","Hi there,

I'll stop here so I'm not cluttering your inbox.

If the year-end benefit rush becomes a priority, reply 'video' any time and I'll send the free teardown for Successful Vision.

Wishing you a busy December.

Zunaira
Quixify Media | zunaira@quixifymedia.com",,,,,,A
31,Eye City Optometry,Dr. Oanh Kha (Optometrist (OD)),info@eyecitymv.com,"Palo Alto, CA",4,Yes,"Mountain View optometry with 2000+ frames incl Ray-Ban, Gucci and unique world brands. In-network VSP, EyeMed, Aetna, Cigna. Dr. Kha 16+ yrs, myopia control (CRT, MiSight). Online contact ordering.",Mountain View families with expiring benefits may book with a chain that reminds them first.,"2,000+ frames; in-network VSP/EyeMed; CRT and MiSight myopia control","5-min video on where the site loses benefit shoppers + 3 ad ideas around 2,000 frames and in-network plans",Meta ads to VSP/EyeMed members near Mountain View + insurance page and online booking fix,Benefit season at Eye City,"Hi Dr. Kha,

Over 2,000 frames, in-network with VSP and EyeMed, plus CRT and MiSight myopia control: Eye City covers a lot.

The tricky part is December. On many plans, FSA money runs out Dec 31 and vision benefits reset in January, so Mountain View families book with whoever reminds them first, often a chain. Ads need about two weeks to warm up, so start before December.

So here's an idea: I'll record a free 5-minute video on where your site loses year-end benefit shoppers, plus 3 ""use it before you lose it"" ad ideas around your 2,000 frames and in-network plans. Yours to keep, no call needed.

Shall I record it?

Zunaira
Quixify Media | zunaira@quixifymedia.com

P.S. Not relevant? Reply 'no' and I won't email again.","Hi Dr. Kha,

Quick follow-up on the free year-end video for Eye City Optometry.

If it helps to see how we work first, here's our paid social portfolio: https://drive.google.com/file/d/1IGIYt1fk7qlcFYgHbWXH48fI3DDCGk9Y/view?usp=sharing. It covers Meta campaigns we've run for online stores in the US, UK and Asia.

Still happy to record your 5 minute teardown. Just reply 'yes'.

Zunaira
Quixify Media | zunaira@quixifymedia.com

P.S. Not relevant? Reply 'no' and I won't email again.","Hi Dr. Kha,

One date worth knowing: for a lot of patients, FSA money has to be spent by December 31, and many vision plans reset in January. Meta ads need about 2 weeks to learn, so to catch that rush, setup has to start by November 17.

Want the free video first so you can judge for yourself?

Zunaira
Quixify Media | zunaira@quixifymedia.com

P.S. Not relevant? Reply 'no' and I won't email again.","Hi Dr. Kha,

I'll stop here so I'm not cluttering your inbox.

If the year-end benefit rush becomes a priority, reply 'video' any time and I'll send the free teardown for Eye City Optometry.

Wishing you a busy December.

Zunaira
Quixify Media | zunaira@quixifymedia.com",,,,,,B
32,Eye Sight Solutions Optometry,Dr. Yura Kim (Optometrist (OD)),eyesightoptometry@gmail.com,"Palo Alto, CA",4,Yes,"Doctor-owned optometry in Mountain View; curated designer frames, dry eye therapy, myopia control, specialty contacts. Has an insurance page. Second OD: Megan Tai. Owner not explicitly named.","Mountain View patients with expiring FSA money and benefits book with whoever reminds them first, often a chain.","Doctor-owned Mountain View practice; myopia control, dry eye, curated designer frames",Free 5-min video on site leaks + 3 ad ideas around designer frames,Meta ads to FSA holders in Mountain View/Palo Alto/Sunnyvale + insurance page fix,Benefit season in Mountain View,"Hi Dr. Kim,

Eye Sight Solutions pairs myopia control and dry eye care with curated designer frames in Mountain View.

The catch is timing. On many plans, FSA money expires Dec 31 and vision benefits reset in January. Mountain View patients book with whoever reminds them first, often a chain. Ads need about two weeks to warm up, so the window closes at the end of November.

So here's an idea: I'll record you a free 5-minute video showing where your site loses year-end benefit shoppers, plus 3 ""use it before you lose it"" ad ideas built around your designer frames. It's yours to keep, no call needed.

Want me to make it?

Zunaira
Quixify Media | zunaira@quixifymedia.com

P.S. Not relevant? Reply 'no' and I won't email again.","Hi Dr. Kim,

Quick follow-up on the free year-end video for Eye Sight Solutions Optometry.

If it helps to see how we work first, here's our paid social portfolio: https://drive.google.com/file/d/1IGIYt1fk7qlcFYgHbWXH48fI3DDCGk9Y/view?usp=sharing. It covers Meta campaigns we've run for online stores in the US, UK and Asia.

Still happy to record your 5 minute teardown. Just reply 'yes'.

Zunaira
Quixify Media | zunaira@quixifymedia.com

P.S. Not relevant? Reply 'no' and I won't email again.","Hi Dr. Kim,

One date worth knowing: for a lot of patients, FSA money has to be spent by December 31, and many vision plans reset in January. Meta ads need about 2 weeks to learn, so to catch that rush, setup has to start by November 17.

Want the free video first so you can judge for yourself?

Zunaira
Quixify Media | zunaira@quixifymedia.com

P.S. Not relevant? Reply 'no' and I won't email again.","Hi Dr. Kim,

I'll stop here so I'm not cluttering your inbox.

If the year-end benefit rush becomes a priority, reply 'video' any time and I'll send the free teardown for Eye Sight Solutions Optometry.

Wishing you a busy December.

Zunaira
Quixify Media | zunaira@quixifymedia.com",,,,,,B
33,Lux Eyewear,,info@luxpaloalto.com,"Palo Alto, CA",4,Yes,"Palo Alto luxury eyewear stylists; curated independent brands not found in mainstream retail, designer frames and sunglasses, eye exams on site. 1 location. No insurance/FSA mention.","Palo Alto patients spend expiring benefits with whoever reminds them first, often a chain",Eyewear stylists; independent brands not in mainstream retail,5-min video on site gaps + 3 ad ideas around independent frames and on-site exams,Meta/Instagram ads to Palo Alto FSA holders + FSA/insurance page (none on site),Year-end benefits at Lux,"Hi there,

Lux calls its team eyewear stylists, not opticians, and stocks independent brands mainstream retail rarely carries.

The catch is timing. On many plans, FSA money expires Dec 31 and vision benefits reset in January, so Palo Alto patients book with whoever reminds them first, often a chain. Ads need about two weeks to warm up, so the window to start ends in November.

That's what our Year-End Benefits Sprint is for: ads and site fixes that turn expiring benefits into booked exams.

So here's an idea: I'll record you a free 5-minute video showing where your site loses year-end benefit shoppers, plus 3 ""use it before you lose it"" ad ideas built around your independent frames and on-site exams. It's yours to keep, no call needed.

Shall I record it?

Zunaira
Quixify Media | zunaira@quixifymedia.com

P.S. Not relevant? Reply 'no' and I won't email again.","Hi there,

Quick follow-up on the free year-end video for Lux Eyewear.

If it helps to see how we work first, here's our paid social portfolio: https://drive.google.com/file/d/1IGIYt1fk7qlcFYgHbWXH48fI3DDCGk9Y/view?usp=sharing. It covers Meta campaigns we've run for online stores in the US, UK and Asia.

Still happy to record your 5 minute teardown. Just reply 'yes'.

Zunaira
Quixify Media | zunaira@quixifymedia.com

P.S. Not relevant? Reply 'no' and I won't email again.","Hi there,

One date worth knowing: for a lot of patients, FSA money has to be spent by December 31, and many vision plans reset in January. Meta ads need about 2 weeks to learn, so to catch that rush, setup has to start by November 17.

Want the free video first so you can judge for yourself?

Zunaira
Quixify Media | zunaira@quixifymedia.com

P.S. Not relevant? Reply 'no' and I won't email again.","Hi there,

I'll stop here so I'm not cluttering your inbox.

If the year-end benefit rush becomes a priority, reply 'video' any time and I'll send the free teardown for Lux Eyewear.

Wishing you a busy December.

Zunaira
Quixify Media | zunaira@quixifymedia.com",,,,,,A
34,Peninsula Optical,,malina@peninsulaoptical.com,"Palo Alto, CA",4,Yes,"Palo Alto optical shop carrying Cartier, DITA, Oliver Peoples, Tom Ford. Has brands and gallery pages. No insurance or FSA mention. Single location.",Palo Alto shoppers with expiring FSA money may buy from a chain first; site has no FSA info.,"Brand lineup: Cartier, DITA, Oliver Peoples, Tom Ford",5-min video on missing FSA/insurance info + 3 ad ideas around Cartier and Tom Ford frames,Luxury Meta ads to Palo Alto FSA holders + FSA/benefits page,FSA season in Palo Alto,"Hi there,

Peninsula Optical carries Cartier, DITA, Oliver Peoples and Tom Ford in Palo Alto.

Here's the thing about December. On many plans, FSA money runs out Dec 31 and vision benefits reset in January, so Palo Alto shoppers buy from whoever reminds them first, often a chain. Ads need about two weeks to warm up, so start before December.

So here's an idea: I'll record a free 5-minute video on where your site loses year-end benefit shoppers (I didn't see FSA info), plus 3 ""use it before you lose it"" ad ideas around your Cartier and Tom Ford frames. Yours to keep, no call needed.

Want me to make it?

Zunaira
Quixify Media | zunaira@quixifymedia.com

P.S. Not relevant? Reply 'no' and I won't email again.","Hi there,

Quick follow-up on the free year-end video for Peninsula Optical.

If it helps to see how we work first, here's our paid social portfolio: https://drive.google.com/file/d/1IGIYt1fk7qlcFYgHbWXH48fI3DDCGk9Y/view?usp=sharing. It covers Meta campaigns we've run for online stores in the US, UK and Asia.

Still happy to record your 5 minute teardown. Just reply 'yes'.

Zunaira
Quixify Media | zunaira@quixifymedia.com

P.S. Not relevant? Reply 'no' and I won't email again.","Hi there,

One date worth knowing: for a lot of patients, FSA money has to be spent by December 31, and many vision plans reset in January. Meta ads need about 2 weeks to learn, so to catch that rush, setup has to start by November 17.

Want the free video first so you can judge for yourself?

Zunaira
Quixify Media | zunaira@quixifymedia.com

P.S. Not relevant? Reply 'no' and I won't email again.","Hi there,

I'll stop here so I'm not cluttering your inbox.

If the year-end benefit rush becomes a priority, reply 'video' any time and I'll send the free teardown for Peninsula Optical.

Wishing you a busy December.

Zunaira
Quixify Media | zunaira@quixifymedia.com",,,,,,B
35,Hillcrest Optical,Lisa (Owner & Optician),lisa@hillcrestoptical.com,"San Diego, CA",4,Yes,"Independently owned optical boutique in Banker's Hill, 60+ yrs (began as San Diego Optical). Independent designer frames, vintage collection, gift certificates. Owner Lisa in optical since 1990. No insurance mention.","San Diego shoppers with expiring FSA money spend it with whoever reminds them first, often a chain.","60+ years, began as San Diego Optical; Lisa in optical since 1990; independent and vintage frames",Free 5-min video on where the site loses FSA shoppers + 3 ad ideas around vintage frames,Meta ads to nearby FSA holders + FSA/gift certificate messaging on site,FSA season in Banker's Hill,"Hi Lisa,

Hillcrest Optical began as San Diego Optical over 60 years ago, and you've been in optical since 1990.

Here's the gap. For a lot of San Diego shoppers, FSA money has to be spent by Dec 31 on many plans, and it goes to whoever reminds them first, often a chain. Ads need about two weeks to warm up, so the window closes at the end of November.

So here's an idea: I'll record you a free 5-minute video showing where your site loses year-end FSA shoppers, plus 3 ""use it before you lose it"" ad ideas built around your vintage frames. It's yours to keep, no call needed.

Shall I record it?

Zunaira
Quixify Media | zunaira@quixifymedia.com

P.S. Not relevant? Reply 'no' and I won't email again.","Hi Lisa,

Quick follow-up on the free year-end video for Hillcrest Optical.

If it helps to see how we work first, here's our paid social portfolio: https://drive.google.com/file/d/1IGIYt1fk7qlcFYgHbWXH48fI3DDCGk9Y/view?usp=sharing. It covers Meta campaigns we've run for online stores in the US, UK and Asia.

Still happy to record your 5 minute teardown. Just reply 'yes'.

Zunaira
Quixify Media | zunaira@quixifymedia.com

P.S. Not relevant? Reply 'no' and I won't email again.","Hi Lisa,

One date worth knowing: for a lot of patients, FSA money has to be spent by December 31, and many vision plans reset in January. Meta ads need about 2 weeks to learn, so to catch that rush, setup has to start by November 17.

Want the free video first so you can judge for yourself?

Zunaira
Quixify Media | zunaira@quixifymedia.com

P.S. Not relevant? Reply 'no' and I won't email again.","Hi Lisa,

I'll stop here so I'm not cluttering your inbox.

If the year-end benefit rush becomes a priority, reply 'video' any time and I'll send the free teardown for Hillcrest Optical.

Wishing you a busy December.

Zunaira
Quixify Media | zunaira@quixifymedia.com",,,,,,B
36,New Optix Optometry,,newoptixoptometry@gmail.com,"San Diego, CA",4,Yes,"New Optix Optometry, San Marcos office moved to 1155 Grand Ave. Optical Boutique, sunglasses, Insurances, myopia management/Ortho-K, dry eye. Drs. Michael Tran and Mini Ta lead team; ownership not stated.","San Marcos families with expiring benefits book with whoever reminds them first, often a chain","New San Marcos office at 1155 Grand Ave; myopia management, ortho-K, optical boutique",5-min video on site gaps + 3 ad ideas around the move and optical boutique,Meta ads announcing the new location to FSA holders + insurance page fix,FSA season in San Marcos,"Hi there,

Congrats on the new San Marcos office at 1155 Grand Ave, with myopia management, ortho-K and an optical boutique.

Here's the gap. On many plans, FSA money expires Dec 31 and vision benefits reset in January, so San Marcos families book with whoever reminds them first, often a chain. Ads need about two weeks to warm up, so the window to start ends in November.

So here's an idea: I'll record you a free 5-minute video showing where your site loses year-end benefit shoppers, plus 3 ""use it before you lose it"" ad ideas built around the new location. It's yours to keep, no call needed.

Worth a look?

Zunaira
Quixify Media | zunaira@quixifymedia.com

P.S. Not relevant? Reply 'no' and I won't email again.","Hi there,

Quick follow-up on the free year-end video for New Optix Optometry.

If it helps to see how we work first, here's our paid social portfolio: https://drive.google.com/file/d/1IGIYt1fk7qlcFYgHbWXH48fI3DDCGk9Y/view?usp=sharing. It covers Meta campaigns we've run for online stores in the US, UK and Asia.

Still happy to record your 5 minute teardown. Just reply 'yes'.

Zunaira
Quixify Media | zunaira@quixifymedia.com

P.S. Not relevant? Reply 'no' and I won't email again.","Hi there,

One date worth knowing: for a lot of patients, FSA money has to be spent by December 31, and many vision plans reset in January. Meta ads need about 2 weeks to learn, so to catch that rush, setup has to start by November 17.

Want the free video first so you can judge for yourself?

Zunaira
Quixify Media | zunaira@quixifymedia.com

P.S. Not relevant? Reply 'no' and I won't email again.","Hi there,

I'll stop here so I'm not cluttering your inbox.

If the year-end benefit rush becomes a priority, reply 'video' any time and I'll send the free teardown for New Optix Optometry.

Wishing you a busy December.

Zunaira
Quixify Media | zunaira@quixifymedia.com",,,,,,B
37,The Unoptical,,theunoptical@aol.com,"San Diego, CA",4,Yes,"Opticians since 2010 with San Diego, Encinitas and Rancho Santa Fe shops. Luxury to budget big package, online eyewear shop. Lead optician since 1989 but name not given.",San Diego-area shoppers with expiring benefits may buy from a chain that reminds them first.,'Bartenders of the optical world' line; since 2010; luxury to big package; 3 shops,5-min video on where the site loses benefit shoppers + 3 ad ideas around the big package,"Meta ads to FSA holders near San Diego, Encinitas, Rancho Santa Fe featuring the big package + FSA info on site","Big package, year-end benefits","Hi there,

I liked your line about opticians being ""the bartenders of the optical world,"" serving every budget since 2010.

Here's the gap. On many plans, FSA money runs out Dec 31 and vision benefits reset in January, so San Diego shoppers buy from whoever reminds them first, often a chain. Ads need about two weeks to warm up, so start before December.

That's what our Year-End Benefits Sprint is for: ads and site fixes that turn expiring benefits into booked exams.

So here's an idea: I'll record a free 5-minute video on where your site loses year-end benefit shoppers, plus 3 ""use it before you lose it"" ad ideas around the big package. Yours to keep, no call needed.

Worth a look?

Zunaira
Quixify Media | zunaira@quixifymedia.com

P.S. Not relevant? Reply 'no' and I won't email again.","Hi there,

Quick follow-up on the free year-end video for The Unoptical.

If it helps to see how we work first, here's our paid social portfolio: https://drive.google.com/file/d/1IGIYt1fk7qlcFYgHbWXH48fI3DDCGk9Y/view?usp=sharing. It covers Meta campaigns we've run for online stores in the US, UK and Asia.

Still happy to record your 5 minute teardown. Just reply 'yes'.

Zunaira
Quixify Media | zunaira@quixifymedia.com

P.S. Not relevant? Reply 'no' and I won't email again.","Hi there,

One date worth knowing: for a lot of patients, FSA money has to be spent by December 31, and many vision plans reset in January. Meta ads need about 2 weeks to learn, so to catch that rush, setup has to start by November 17.

Want the free video first so you can judge for yourself?

Zunaira
Quixify Media | zunaira@quixifymedia.com

P.S. Not relevant? Reply 'no' and I won't email again.","Hi there,

I'll stop here so I'm not cluttering your inbox.

If the year-end benefit rush becomes a priority, reply 'video' any time and I'll send the free teardown for The Unoptical.

Wishing you a busy December.

Zunaira
Quixify Media | zunaira@quixifymedia.com",,,,,,A
38,Eyes on Fifth (listed as Turn Up Vision Inc),Phil Harris (Founder & Optician),eyesonfifth@yahoo.com,"San Diego, CA",4,Yes,"Eyes on Fifth, Gaslamp Quarter, open 7 days. Third-generation optician owner, curated eclectic eyewear, custom frames incl SPEXWAX vinyl record frames. Online cart, virtual try-on. No insurance mention.","San Diego shoppers with expiring FSA money spend it with whoever reminds them first, often a chain.",Third-generation optician; open 7 days in the Gaslamp; SPEXWAX vinyl record frames,Free 5-min video on where the site loses FSA shoppers + 3 ad ideas around SPEXWAX frames,Meta ads to downtown San Diego FSA holders + FSA messaging on the online store,FSA season in the Gaslamp,"Hi Phil,

A third-generation optician in the Gaslamp, open seven days, with frames made from old vinyl records.

The catch is timing. For a lot of San Diego shoppers, FSA money has to be spent by Dec 31 on many plans, and it goes to whoever reminds them first, often a chain. Ads need about two weeks to warm up, so the window closes at the end of November.

So here's an idea: I'll record you a free 5-minute video showing where your site loses year-end FSA shoppers, plus 3 ""use it before you lose it"" ad ideas built around your SPEXWAX vinyl frames. It's yours to keep, no call needed.

Worth a look?

Zunaira
Quixify Media | zunaira@quixifymedia.com

P.S. Not relevant? Reply 'no' and I won't email again.","Hi Phil,

Quick follow-up on the free year-end video for Eyes on Fifth.

If it helps to see how we work first, here's our paid social portfolio: https://drive.google.com/file/d/1IGIYt1fk7qlcFYgHbWXH48fI3DDCGk9Y/view?usp=sharing. It covers Meta campaigns we've run for online stores in the US, UK and Asia.

Still happy to record your 5 minute teardown. Just reply 'yes'.

Zunaira
Quixify Media | zunaira@quixifymedia.com

P.S. Not relevant? Reply 'no' and I won't email again.","Hi Phil,

One date worth knowing: for a lot of patients, FSA money has to be spent by December 31, and many vision plans reset in January. Meta ads need about 2 weeks to learn, so to catch that rush, setup has to start by November 17.

Want the free video first so you can judge for yourself?

Zunaira
Quixify Media | zunaira@quixifymedia.com

P.S. Not relevant? Reply 'no' and I won't email again.","Hi Phil,

I'll stop here so I'm not cluttering your inbox.

If the year-end benefit rush becomes a priority, reply 'video' any time and I'll send the free teardown for Eyes on Fifth.

Wishing you a busy December.

Zunaira
Quixify Media | zunaira@quixifymedia.com",,,,,,B
39,Urban Optiks Optometry,,info@uoosd.com,"San Diego, CA",4,Yes,"Hillcrest San Diego luxury boutique 16+ years; independent handcrafted frames (theo, Say-oH), sustainable and custom frames; award winning; online shop; insurance questions page.","San Diego patients spend expiring benefits with whoever reminds them first, often a chain","16+ years in Hillcrest; theo, Say-oH, sustainable and custom frames",5-min video on site gaps + 3 ad ideas around independent and sustainable frames,Meta/Instagram ads to Hillcrest-area FSA holders + insurance questions page fix,Benefit season in Hillcrest,"Hi there,

Urban Optiks has spent 16+ years in Hillcrest carrying handcrafted independent frames like theo and Say-oH.

The catch is timing. On many plans, FSA money expires Dec 31 and vision benefits reset in January, so San Diego patients book with whoever reminds them first, often a chain. Ads need about two weeks to warm up, so the window to start ends in November.

So here's an idea: I'll record you a free 5-minute video showing where your site loses year-end benefit shoppers, plus 3 ""use it before you lose it"" ad ideas built around your independent and sustainable frames. It's yours to keep, no call needed.

Shall I record it?

Zunaira
Quixify Media | zunaira@quixifymedia.com

P.S. Not relevant? Reply 'no' and I won't email again.","Hi there,

Quick follow-up on the free year-end video for Urban Optiks Optometry.

If it helps to see how we work first, here's our paid social portfolio: https://drive.google.com/file/d/1IGIYt1fk7qlcFYgHbWXH48fI3DDCGk9Y/view?usp=sharing. It covers Meta campaigns we've run for online stores in the US, UK and Asia.

Still happy to record your 5 minute teardown. Just reply 'yes'.

Zunaira
Quixify Media | zunaira@quixifymedia.com

P.S. Not relevant? Reply 'no' and I won't email again.","Hi there,

One date worth knowing: for a lot of patients, FSA money has to be spent by December 31, and many vision plans reset in January. Meta ads need about 2 weeks to learn, so to catch that rush, setup has to start by November 17.

Want the free video first so you can judge for yourself?

Zunaira
Quixify Media | zunaira@quixifymedia.com

P.S. Not relevant? Reply 'no' and I won't email again.","Hi there,

I'll stop here so I'm not cluttering your inbox.

If the year-end benefit rush becomes a priority, reply 'video' any time and I'll send the free teardown for Urban Optiks Optometry.

Wishing you a busy December.

Zunaira
Quixify Media | zunaira@quixifymedia.com",,,,,,B
40,AccuVision Optometry,Dr. Amy Thich (Optometrist (OD)),accuvisionsf@gmail.com,"San Francisco, CA",4,Yes,"SF optometry with 1,000+ frames incl. Ray Ban, Gucci, Prada, sunglasses and budget frames. Insurance plans page. Evening and weekend appointments.",SF patients with expiring benefits may book with a chain that reminds them first.,"1,000+ frames from Ray Ban/Gucci/Prada to budget; evening and weekend appointments",5-min video incl. the {PRACTICENAME} placeholder in the homepage title + 3 ad ideas around evening/weekend slots,Meta ads to SF FSA/insurance holders + homepage title fix and insurance plans page push,Year-end benefits at AccuVision,"Hi Dr. Thich,

AccuVision offers 1,000+ frames, from Ray Ban and Gucci to budget picks, plus evening and weekend appointments.

The catch is timing. On many plans, FSA money runs out Dec 31 and vision benefits reset in January, so San Francisco patients book with whoever reminds them first, often a chain. Ads need about two weeks to warm up, so start before December.

That's what our Year-End Benefits Sprint is for: ads and site fixes that turn expiring benefits into booked exams.

So here's an idea: I'll record a free 5-minute video on where your site loses year-end benefit shoppers (your homepage title shows a {PRACTICENAME} placeholder), plus 3 ""use it before you lose it"" ad ideas around your evening and weekend slots. Yours to keep, no call needed.

Shall I record it?

Zunaira
Quixify Media | zunaira@quixifymedia.com

P.S. Not relevant? Reply 'no' and I won't email again.","Hi Dr. Thich,

Quick follow-up on the free year-end video for AccuVision Optometry.

If it helps to see how we work first, here's our paid social portfolio: https://drive.google.com/file/d/1IGIYt1fk7qlcFYgHbWXH48fI3DDCGk9Y/view?usp=sharing. It covers Meta campaigns we've run for online stores in the US, UK and Asia.

Still happy to record your 5 minute teardown. Just reply 'yes'.

Zunaira
Quixify Media | zunaira@quixifymedia.com

P.S. Not relevant? Reply 'no' and I won't email again.","Hi Dr. Thich,

One date worth knowing: for a lot of patients, FSA money has to be spent by December 31, and many vision plans reset in January. Meta ads need about 2 weeks to learn, so to catch that rush, setup has to start by November 17.

Want the free video first so you can judge for yourself?

Zunaira
Quixify Media | zunaira@quixifymedia.com

P.S. Not relevant? Reply 'no' and I won't email again.","Hi Dr. Thich,

I'll stop here so I'm not cluttering your inbox.

If the year-end benefit rush becomes a priority, reply 'video' any time and I'll send the free teardown for AccuVision Optometry.

Wishing you a busy December.

Zunaira
Quixify Media | zunaira@quixifymedia.com",,,,,,A
41,Visionarium Optometry,Dr. Chester Quan (Optometrist (OD)),visionarium@sbcglobal.net,"San Francisco, CA",4,Yes,"SF optometry, Dr. Quan serving 30+ years. Luxury frame brands, ran BOGO 30% off frames Nov 24-26. Kids exams, myopia control, dry eye, OCT-A. No insurance mention.","SF patients with expiring FSA money and benefits book with whoever reminds them first, often a chain.",Dr. Quan serving SF 30+ years; OCT-A; myopia control; luxury frames,Free 5-min video on the missing FSA/insurance messaging + 3 ad ideas around luxury frames,Meta ads to SF FSA holders and parents + FSA/insurance page,Benefit season at Visionarium,"Hi Dr. Quan,

You've served San Francisco for over 30 years, with OCT-A imaging, kids' myopia control and luxury frames.

Here's the gap. On many plans, FSA money expires Dec 31 and vision benefits reset in January. San Francisco patients book with whoever reminds them first, often a chain. Ads need about two weeks to warm up, so the window closes at the end of November.

That's what our Year-End Benefits Sprint is for: ads and site fixes that turn expiring benefits into booked exams.

So here's an idea: I'll record you a free 5-minute video showing where your site misses benefit shoppers (it never mentions FSA), plus 3 ""use it before you lose it"" ad ideas built around your luxury frames. It's yours to keep, no call needed.

Want me to make it?

Zunaira
Quixify Media | zunaira@quixifymedia.com

P.S. Not relevant? Reply 'no' and I won't email again.","Hi Dr. Quan,

Quick follow-up on the free year-end video for Visionarium Optometry.

If it helps to see how we work first, here's our paid social portfolio: https://drive.google.com/file/d/1IGIYt1fk7qlcFYgHbWXH48fI3DDCGk9Y/view?usp=sharing. It covers Meta campaigns we've run for online stores in the US, UK and Asia.

Still happy to record your 5 minute teardown. Just reply 'yes'.

Zunaira
Quixify Media | zunaira@quixifymedia.com

P.S. Not relevant? Reply 'no' and I won't email again.","Hi Dr. Quan,

One date worth knowing: for a lot of patients, FSA money has to be spent by December 31, and many vision plans reset in January. Meta ads need about 2 weeks to learn, so to catch that rush, setup has to start by November 17.

Want the free video first so you can judge for yourself?

Zunaira
Quixify Media | zunaira@quixifymedia.com

P.S. Not relevant? Reply 'no' and I won't email again.","Hi Dr. Quan,

I'll stop here so I'm not cluttering your inbox.

If the year-end benefit rush becomes a priority, reply 'video' any time and I'll send the free teardown for Visionarium Optometry.

Wishing you a busy December.

Zunaira
Quixify Media | zunaira@quixifymedia.com",,,,,,A
42,Paris Optique,,customerservice@parisoptique.com,"Scottsdale, AZ",4,Yes,"Family owned luxury optical in Scottsdale since 1986; Lindberg, Cartier (custom diamond frames), Carrera, Missoni, handmade eyewear, online shop. No insurance/FSA mention.","Scottsdale shoppers spend expiring FSA money with whoever reminds them first, often a chain","Family owned in Scottsdale since 1986; Lindberg, Cartier, handmade eyewear",5-min video on site gaps + 3 ad ideas around Lindberg and Cartier,Meta ads to Scottsdale FSA holders + FSA/payment info (none on site),FSA season at Paris Optique,"Hi there,

Paris Optique has been family owned in Scottsdale since 1986, carrying Lindberg, Cartier and handmade eyewear.

Here's the gap. On many plans, FSA money expires Dec 31 and vision benefits reset in January, so Scottsdale shoppers buy from whoever reminds them first, often a chain. Ads need about two weeks to warm up, so the window to start ends in November.

So here's an idea: I'll record you a free 5-minute video showing where your site loses year-end benefit shoppers, plus 3 ""use it before you lose it"" ad ideas built around your Lindberg and Cartier collections. It's yours to keep, no call needed.

Want me to make it?

Zunaira
Quixify Media | zunaira@quixifymedia.com

P.S. Not relevant? Reply 'no' and I won't email again.","Hi there,

Quick follow-up on the free year-end video for Paris Optique.

If it helps to see how we work first, here's our paid social portfolio: https://drive.google.com/file/d/1IGIYt1fk7qlcFYgHbWXH48fI3DDCGk9Y/view?usp=sharing. It covers Meta campaigns we've run for online stores in the US, UK and Asia.

Still happy to record your 5 minute teardown. Just reply 'yes'.

Zunaira
Quixify Media | zunaira@quixifymedia.com

P.S. Not relevant? Reply 'no' and I won't email again.","Hi there,

One date worth knowing: for a lot of patients, FSA money has to be spent by December 31, and many vision plans reset in January. Meta ads need about 2 weeks to learn, so to catch that rush, setup has to start by November 17.

Want the free video first so you can judge for yourself?

Zunaira
Quixify Media | zunaira@quixifymedia.com

P.S. Not relevant? Reply 'no' and I won't email again.","Hi there,

I'll stop here so I'm not cluttering your inbox.

If the year-end benefit rush becomes a priority, reply 'video' any time and I'll send the free teardown for Paris Optique.

Wishing you a busy December.

Zunaira
Quixify Media | zunaira@quixifymedia.com",,,,,,B
43,Colaizzo Opticians,,info@colaizzooptical.com,"Seattle, WA",4,Yes,"Luxury independent boutique in Queen Anne since 1989. Mykita, Lindberg, independent designers; in-house lab, Zeiss and Shamir lenses, custom tints. No owner named or insurance mention.",Seattle shoppers with expiring FSA money may buy from a chain first; site has no FSA info.,"Queen Anne since 1989; Mykita, LINDBERG; in-house lab, custom tints",5-min video on missing FSA/insurance info + 3 ad ideas around Mykita and LINDBERG frames,Luxury Meta ads to Queen Anne/Seattle FSA holders + FSA/benefits page,FSA season in Queen Anne,"Hi there,

A Queen Anne original since 1989, Colaizzo pairs Mykita, LINDBERG and independent designers with an in-house lab.

The tricky part is December. On many plans, FSA money runs out Dec 31 and vision benefits reset in January, so Seattle shoppers buy from whoever reminds them first, often a chain. Ads need about two weeks to warm up, so start before December.

That's what our Year-End Benefits Sprint is for: ads and site fixes that turn expiring benefits into booked exams.

So here's an idea: I'll record a free 5-minute video on where your site loses year-end benefit shoppers (I didn't see FSA info), plus 3 ""use it before you lose it"" ad ideas around your Mykita and LINDBERG frames. Yours to keep, no call needed.

Want me to make it?

Zunaira
Quixify Media | zunaira@quixifymedia.com

P.S. Not relevant? Reply 'no' and I won't email again.","Hi there,

Quick follow-up on the free year-end video for Colaizzo Opticians.

If it helps to see how we work first, here's our paid social portfolio: https://drive.google.com/file/d/1IGIYt1fk7qlcFYgHbWXH48fI3DDCGk9Y/view?usp=sharing. It covers Meta campaigns we've run for online stores in the US, UK and Asia.

Still happy to record your 5 minute teardown. Just reply 'yes'.

Zunaira
Quixify Media | zunaira@quixifymedia.com

P.S. Not relevant? Reply 'no' and I won't email again.","Hi there,

One date worth knowing: for a lot of patients, FSA money has to be spent by December 31, and many vision plans reset in January. Meta ads need about 2 weeks to learn, so to catch that rush, setup has to start by November 17.

Want the free video first so you can judge for yourself?

Zunaira
Quixify Media | zunaira@quixifymedia.com

P.S. Not relevant? Reply 'no' and I won't email again.","Hi there,

I'll stop here so I'm not cluttering your inbox.

If the year-end benefit rush becomes a priority, reply 'video' any time and I'll send the free teardown for Colaizzo Opticians.

Wishing you a busy December.

Zunaira
Quixify Media | zunaira@quixifymedia.com",,,,,,A
44,Queen Anne Vision Clinic,,q.a.vision.clinic@gmail.com,"Seattle, WA",4,Yes,"Queen Anne, Seattle optometry with extensive frame selection and gallery, custom contacts, dry eye, myopia management. In-network insurance list. Call, text or email.","Queen Anne patients with expiring FSA money and benefits book with whoever reminds them first, often a chain.",Extensive frame selection with gallery; custom contacts; myopia management,Free 5-min video on site leaks + 3 ad ideas around the frame gallery,Meta ads to Queen Anne FSA/insurance holders + insurance and booking page fix,Benefit season in Queen Anne,"Hi there,

Queen Anne Vision Clinic's frame selection is big enough to get its own gallery, plus custom contacts.

Here's the catch. For a lot of Seattle patients, FSA money expires Dec 31 and benefits reset in January on many plans. They book with whoever reminds them first, often a chain. Ads need about two weeks to warm up, so the window closes at the end of November.

So here's an idea: I'll record you a free 5-minute video showing where your site loses year-end benefit shoppers, plus 3 ""use it before you lose it"" ad ideas built around your frame gallery. It's yours to keep, no call needed.

Shall I record it?

Zunaira
Quixify Media | zunaira@quixifymedia.com

P.S. Not relevant? Reply 'no' and I won't email again.","Hi there,

Quick follow-up on the free year-end video for Queen Anne Vision Clinic.

If it helps to see how we work first, here's our paid social portfolio: https://drive.google.com/file/d/1IGIYt1fk7qlcFYgHbWXH48fI3DDCGk9Y/view?usp=sharing. It covers Meta campaigns we've run for online stores in the US, UK and Asia.

Still happy to record your 5 minute teardown. Just reply 'yes'.

Zunaira
Quixify Media | zunaira@quixifymedia.com

P.S. Not relevant? Reply 'no' and I won't email again.","Hi there,

One date worth knowing: for a lot of patients, FSA money has to be spent by December 31, and many vision plans reset in January. Meta ads need about 2 weeks to learn, so to catch that rush, setup has to start by November 17.

Want the free video first so you can judge for yourself?

Zunaira
Quixify Media | zunaira@quixifymedia.com

P.S. Not relevant? Reply 'no' and I won't email again.","Hi there,

I'll stop here so I'm not cluttering your inbox.

If the year-end benefit rush becomes a priority, reply 'video' any time and I'll send the free teardown for Queen Anne Vision Clinic.

Wishing you a busy December.

Zunaira
Quixify Media | zunaira@quixifymedia.com",,,,,,B
45,Best Eyes Optical,,besteyesoptical@gmail.com,"Atlanta, GA",3,Yes,"Best Eyes Optical in Plaza Fiesta, Atlanta. Bilingual English/Spanish site. Thin info: services, products, appointments.","Atlanta families with expiring benefits book with whoever reminds them first, often a chain","Plaza Fiesta, Atlanta; bilingual English/Spanish site",5-min video on site gaps + 3 bilingual ad ideas for Plaza Fiesta shoppers,Bilingual Meta ads near Plaza Fiesta + fuller services/insurance pages,Benefit season at Plaza Fiesta,"Hi there,

Best Eyes Optical serves Plaza Fiesta shoppers in Atlanta, with a site in both English and Spanish.

The catch is timing. On many plans, FSA money expires Dec 31 and vision benefits reset in January, so Atlanta families book with whoever reminds them first, often a chain. Ads need about two weeks to warm up, so the window to start ends in November.

So here's an idea: I'll record you a free 5-minute video showing where your site loses year-end benefit shoppers, plus 3 ""use it before you lose it"" ad ideas built around bilingual ads for Plaza Fiesta shoppers. It's yours to keep, no call needed.

Worth a look?

Zunaira
Quixify Media | zunaira@quixifymedia.com

P.S. Not relevant? Reply 'no' and I won't email again.","Hi there,

Quick follow-up on the free year-end video for Best Eyes Optical.

If it helps to see how we work first, here's our paid social portfolio: https://drive.google.com/file/d/1IGIYt1fk7qlcFYgHbWXH48fI3DDCGk9Y/view?usp=sharing. It covers Meta campaigns we've run for online stores in the US, UK and Asia.

Still happy to record your 5 minute teardown. Just reply 'yes'.

Zunaira
Quixify Media | zunaira@quixifymedia.com

P.S. Not relevant? Reply 'no' and I won't email again.","Hi there,

One date worth knowing: for a lot of patients, FSA money has to be spent by December 31, and many vision plans reset in January. Meta ads need about 2 weeks to learn, so to catch that rush, setup has to start by November 17.

Want the free video first so you can judge for yourself?

Zunaira
Quixify Media | zunaira@quixifymedia.com

P.S. Not relevant? Reply 'no' and I won't email again.","Hi there,

I'll stop here so I'm not cluttering your inbox.

If the year-end benefit rush becomes a priority, reply 'video' any time and I'll send the free teardown for Best Eyes Optical.

Wishing you a busy December.

Zunaira
Quixify Media | zunaira@quixifymedia.com",,,,,,B
46,Today's Vision Gateway,Dr. Mark Chavana (Optometrist (OD)),gateway@todaysvision.com,"Austin, TX",3,Check (may be a Today's Vision franchise),"Today's Vision Gateway on Research Blvd, Austin; email domain suggests Today's Vision network. European and American designer frames. Accepts VSP, EyeMed, Superior, Spectera, CareCredit.",Austin patients with expiring benefits may book with a chain that reminds them first.,"Research Blvd location; difficult-to-fit glasses/contacts; VSP, EyeMed, Superior, Spectera",5-min video on where the site loses benefit shoppers + 3 ad ideas around in-network plans and designer frames,Meta ads to VSP/EyeMed members near Research Blvd + insurance page and online scheduling fix,Benefit season on Research Blvd,"Hi Dr. Chavana,

Your Research Blvd office specializes in difficult-to-fit glasses and contacts and takes VSP, EyeMed, Superior and Spectera.

Here's the gap. On many plans, FSA money runs out Dec 31 and vision benefits reset in January, so Austin patients book with whoever reminds them first, often a chain. Ads need about two weeks to warm up, so start before December.

That's what our Year-End Benefits Sprint is for: ads and site fixes that turn expiring benefits into booked exams.

So here's an idea: I'll record a free 5-minute video on where your site loses year-end benefit shoppers, plus 3 ""use it before you lose it"" ad ideas around your in-network plans and designer frames. Yours to keep, no call needed.

Worth a look?

Zunaira
Quixify Media | zunaira@quixifymedia.com

P.S. Not relevant? Reply 'no' and I won't email again.","Hi Dr. Chavana,

Quick follow-up on the free year-end video for Today's Vision Gateway.

If it helps to see how we work first, here's our paid social portfolio: https://drive.google.com/file/d/1IGIYt1fk7qlcFYgHbWXH48fI3DDCGk9Y/view?usp=sharing. It covers Meta campaigns we've run for online stores in the US, UK and Asia.

Still happy to record your 5 minute teardown. Just reply 'yes'.

Zunaira
Quixify Media | zunaira@quixifymedia.com

P.S. Not relevant? Reply 'no' and I won't email again.","Hi Dr. Chavana,

One date worth knowing: for a lot of patients, FSA money has to be spent by December 31, and many vision plans reset in January. Meta ads need about 2 weeks to learn, so to catch that rush, setup has to start by November 17.

Want the free video first so you can judge for yourself?

Zunaira
Quixify Media | zunaira@quixifymedia.com

P.S. Not relevant? Reply 'no' and I won't email again.","Hi Dr. Chavana,

I'll stop here so I'm not cluttering your inbox.

If the year-end benefit rush becomes a priority, reply 'video' any time and I'll send the free teardown for Today's Vision Gateway.

Wishing you a busy December.

Zunaira
Quixify Media | zunaira@quixifymedia.com",,,,,,A
47,Harvard Square Eye Care,,office@hseyecare.com,"Boston, MA",3,Yes,"Harvard Square Eye Care: OD practice with curated designer frames, offices in Cambridge, N. Cambridge, Davis Sq, Martha's Vineyard. Myopia control, dry eye. Owner unnamed.","Cambridge patients with expiring FSA money and benefits book with whoever reminds them first, often a chain.","Curated designer frames; offices in Cambridge, North Cambridge and Martha's Vineyard",Free 5-min video on site leaks + 3 ad ideas around designer frames,Location-targeted Meta ads to FSA holders near each office + benefits page fix,Benefit season in Harvard Square,"Hi there,

Harvard Square Eye Care pairs curated designer frames with offices in Cambridge and on Martha's Vineyard.

The catch is timing. For a lot of Cambridge patients, FSA money expires Dec 31 and benefits reset in January on many plans. They book with whoever reminds them first, often a chain. Ads need about two weeks to warm up, so the window closes at the end of November.

That's what our Year-End Benefits Sprint is for: ads and site fixes that turn expiring benefits into booked exams.

So here's an idea: I'll record you a free 5-minute video showing where your site loses year-end benefit shoppers, plus 3 ""use it before you lose it"" ad ideas built around your designer frames. It's yours to keep, no call needed.

Want me to make it?

Zunaira
Quixify Media | zunaira@quixifymedia.com

P.S. Not relevant? Reply 'no' and I won't email again.","Hi there,

Quick follow-up on the free year-end video for Harvard Square Eye Care.

If it helps to see how we work first, here's our paid social portfolio: https://drive.google.com/file/d/1IGIYt1fk7qlcFYgHbWXH48fI3DDCGk9Y/view?usp=sharing. It covers Meta campaigns we've run for online stores in the US, UK and Asia.

Still happy to record your 5 minute teardown. Just reply 'yes'.

Zunaira
Quixify Media | zunaira@quixifymedia.com

P.S. Not relevant? Reply 'no' and I won't email again.","Hi there,

One date worth knowing: for a lot of patients, FSA money has to be spent by December 31, and many vision plans reset in January. Meta ads need about 2 weeks to learn, so to catch that rush, setup has to start by November 17.

Want the free video first so you can judge for yourself?

Zunaira
Quixify Media | zunaira@quixifymedia.com

P.S. Not relevant? Reply 'no' and I won't email again.","Hi there,

I'll stop here so I'm not cluttering your inbox.

If the year-end benefit rush becomes a priority, reply 'video' any time and I'll send the free teardown for Harvard Square Eye Care.

Wishing you a busy December.

Zunaira
Quixify Media | zunaira@quixifymedia.com",,,,,,A
48,Insight Optical,,insightopt@gmail.com,"Houston, TX",3,Check (listed website belongs to another shop),"Houston optical with kids' and adults' frames, ophthalmologist referrals, long-time loyal customers, adjustments. Owner listed but unnamed. No insurance mention.","Houston families with expiring benefits book with whoever reminds them first, often a chain",Houston; kids' and adults' frames; long-time loyal customers,5-min video on site gaps + 3 ad ideas around kids' frames and regulars,Meta ads to Houston parents/FSA holders + insurance info (none on site),Year-end benefits at Insight Optical,"Hi there,

Insight Optical fits frames for kids and adults in Houston, with long-time customers coming back for adjustments.

Here's the gap. On many plans, FSA money expires Dec 31 and vision benefits reset in January, so Houston families book with whoever reminds them first, often a chain. Ads need about two weeks to warm up, so the window to start ends in November.

So here's an idea: I'll record you a free 5-minute video showing where your site loses year-end benefit shoppers, plus 3 ""use it before you lose it"" ad ideas built around your kids' frames and loyal regulars. It's yours to keep, no call needed.

Shall I record it?

Zunaira
Quixify Media | zunaira@quixifymedia.com

P.S. Not relevant? Reply 'no' and I won't email again.","Hi there,

Quick follow-up on the free year-end video for Insight Optical.

If it helps to see how we work first, here's our paid social portfolio: https://drive.google.com/file/d/1IGIYt1fk7qlcFYgHbWXH48fI3DDCGk9Y/view?usp=sharing. It covers Meta campaigns we've run for online stores in the US, UK and Asia.

Still happy to record your 5 minute teardown. Just reply 'yes'.

Zunaira
Quixify Media | zunaira@quixifymedia.com

P.S. Not relevant? Reply 'no' and I won't email again.","Hi there,

One date worth knowing: for a lot of patients, FSA money has to be spent by December 31, and many vision plans reset in January. Meta ads need about 2 weeks to learn, so to catch that rush, setup has to start by November 17.

Want the free video first so you can judge for yourself?

Zunaira
Quixify Media | zunaira@quixifymedia.com

P.S. Not relevant? Reply 'no' and I won't email again.","Hi there,

I'll stop here so I'm not cluttering your inbox.

If the year-end benefit rush becomes a priority, reply 'video' any time and I'll send the free teardown for Insight Optical.

Wishing you a busy December.

Zunaira
Quixify Media | zunaira@quixifymedia.com",,,,,,B
49,Elio's Optical Vision Center,Ariel Croitorescu (CEO),miami@eliosoptical.com,"Miami, FL",3,Yes,"Elio's Optical: 50 yrs, 3 locations (Miami, Deerfield, Doral), eyeglass frame manufacturer, exclusive luxury brands; roots in Venezuela's Optica Caroni chain.",South Florida patients with expiring benefits may book with a chain that reminds them first.,50 years; 3 locations; frame manufacturer; Óptica Caroní roots,5-min video on where the site loses benefit shoppers across 3 locations + 3 ad ideas around exclusive brands,"Location-targeted Meta ads to FSA holders near Miami, Deerfield, Doral + benefits page",Year-end benefits at Elio's,"Hi Ariel,

Celebrating 50 years, Elio's runs three locations and makes its own frames, with roots in Venezuela's Óptica Caroní.

The catch is timing. On many plans, FSA money runs out Dec 31 and vision benefits reset in January, so Miami patients book with whoever reminds them first, often a chain. Ads need about two weeks to warm up, so start before December.

So here's an idea: I'll record a free 5-minute video on where your site loses year-end benefit shoppers across all three locations, plus 3 ""use it before you lose it"" ad ideas around your exclusive brands. Yours to keep, no call needed.

Shall I record it?

Zunaira
Quixify Media | zunaira@quixifymedia.com

P.S. Not relevant? Reply 'no' and I won't email again.","Hi Ariel,

Quick follow-up on the free year-end video for Elio's Optical Vision Center.

If it helps to see how we work first, here's our paid social portfolio: https://drive.google.com/file/d/1IGIYt1fk7qlcFYgHbWXH48fI3DDCGk9Y/view?usp=sharing. It covers Meta campaigns we've run for online stores in the US, UK and Asia.

Still happy to record your 5 minute teardown. Just reply 'yes'.

Zunaira
Quixify Media | zunaira@quixifymedia.com

P.S. Not relevant? Reply 'no' and I won't email again.","Hi Ariel,

One date worth knowing: for a lot of patients, FSA money has to be spent by December 31, and many vision plans reset in January. Meta ads need about 2 weeks to learn, so to catch that rush, setup has to start by November 17.

Want the free video first so you can judge for yourself?

Zunaira
Quixify Media | zunaira@quixifymedia.com

P.S. Not relevant? Reply 'no' and I won't email again.","Hi Ariel,

I'll stop here so I'm not cluttering your inbox.

If the year-end benefit rush becomes a priority, reply 'video' any time and I'll send the free teardown for Elio's Optical Vision Center.

Wishing you a busy December.

Zunaira
Quixify Media | zunaira@quixifymedia.com",,,,,,B
50,Lopez Optical,,info@lopezoptical.com,"Miami, FL",3,Yes,"Miami optical with eye exams, prescription lenses, contacts, frame collections. Reviews cite 20+ years of family patronage. No brand or insurance details.","Miami patients with expiring FSA money and benefits book with whoever reminds them first, often a chain.",Review citing 20+ years of family patronage,Free 5-min video on missing FSA/insurance messaging + 3 ad ideas around exams and frames,Meta ads to Miami FSA/insurance holders + new benefits page,Benefit season at Lopez Optical,"Hi there,

One review on your site says a family has trusted Lopez Optical for over 20 years.

Here's the gap. On many plans, FSA money expires Dec 31 and vision benefits reset in January. Miami patients book with whoever reminds them first, often a chain. Ads need about two weeks to warm up, so the window closes at the end of November.

That's what our Year-End Benefits Sprint is for: ads and site fixes that turn expiring benefits into booked exams.

So here's an idea: I'll record you a free 5-minute video showing where your site misses benefit shoppers (it never mentions FSA), plus 3 ""use it before you lose it"" ad ideas built around your exams and frames. It's yours to keep, no call needed.

Shall I record it?

Zunaira
Quixify Media | zunaira@quixifymedia.com

P.S. Not relevant? Reply 'no' and I won't email again.","Hi there,

Quick follow-up on the free year-end video for Lopez Optical.

If it helps to see how we work first, here's our paid social portfolio: https://drive.google.com/file/d/1IGIYt1fk7qlcFYgHbWXH48fI3DDCGk9Y/view?usp=sharing. It covers Meta campaigns we've run for online stores in the US, UK and Asia.

Still happy to record your 5 minute teardown. Just reply 'yes'.

Zunaira
Quixify Media | zunaira@quixifymedia.com

P.S. Not relevant? Reply 'no' and I won't email again.","Hi there,

One date worth knowing: for a lot of patients, FSA money has to be spent by December 31, and many vision plans reset in January. Meta ads need about 2 weeks to learn, so to catch that rush, setup has to start by November 17.

Want the free video first so you can judge for yourself?

Zunaira
Quixify Media | zunaira@quixifymedia.com

P.S. Not relevant? Reply 'no' and I won't email again.","Hi there,

I'll stop here so I'm not cluttering your inbox.

If the year-end benefit rush becomes a priority, reply 'video' any time and I'll send the free teardown for Lopez Optical.

Wishing you a busy December.

Zunaira
Quixify Media | zunaira@quixifymedia.com",,,,,,A
51,Huey & Hsiao Optometry,Dr. Larry Huey (Co-owner & Optometrist (OD)),travisod@aol.com,"Napa, CA",3,Yes,"Travis Family Optometry, Fairfield CA (Huey & Hsiao Optometric Corp, with Dr. Chih-Don Hsiao); glasses, sunglasses, protective eyewear, contacts. No insurance mention.","Fairfield families with expiring benefits book with whoever reminds them first, often a chain","Travis Family Optometry, Fairfield, with Dr. Hsiao; protective eyewear; not-pushy review",5-min video on site gaps + 3 ad ideas around family exams and protective eyewear,Meta ads to Fairfield FSA holders + insurance/FSA page (none on site),FSA season in Fairfield,"Hi Dr. Huey,

You and Dr. Hsiao run Travis Family Optometry in Fairfield, and one patient praised the team for never being pushy.

The catch is timing. On many plans, FSA money expires Dec 31 and vision benefits reset in January, so Fairfield families book with whoever reminds them first, often a chain. Ads need about two weeks to warm up, so the window to start ends in November.

That's what our Year-End Benefits Sprint is for: ads and site fixes that turn expiring benefits into booked exams.

So here's an idea: I'll record you a free 5-minute video showing where your site loses year-end benefit shoppers, plus 3 ""use it before you lose it"" ad ideas built around family exams. It's yours to keep, no call needed.

Want me to make it?

Zunaira
Quixify Media | zunaira@quixifymedia.com

P.S. Not relevant? Reply 'no' and I won't email again.","Hi Dr. Huey,

Quick follow-up on the free year-end video for Huey & Hsiao Optometry.

If it helps to see how we work first, here's our paid social portfolio: https://drive.google.com/file/d/1IGIYt1fk7qlcFYgHbWXH48fI3DDCGk9Y/view?usp=sharing. It covers Meta campaigns we've run for online stores in the US, UK and Asia.

Still happy to record your 5 minute teardown. Just reply 'yes'.

Zunaira
Quixify Media | zunaira@quixifymedia.com

P.S. Not relevant? Reply 'no' and I won't email again.","Hi Dr. Huey,

One date worth knowing: for a lot of patients, FSA money has to be spent by December 31, and many vision plans reset in January. Meta ads need about 2 weeks to learn, so to catch that rush, setup has to start by November 17.

Want the free video first so you can judge for yourself?

Zunaira
Quixify Media | zunaira@quixifymedia.com

P.S. Not relevant? Reply 'no' and I won't email again.","Hi Dr. Huey,

I'll stop here so I'm not cluttering your inbox.

If the year-end benefit rush becomes a priority, reply 'video' any time and I'll send the free teardown for Huey & Hsiao Optometry.

Wishing you a busy December.

Zunaira
Quixify Media | zunaira@quixifymedia.com",,,,,,A
52,Oculus 20/20,,oculus2020@aol.com,"New York, NY",3,Yes,"Oculus 20/20, NYC: appointment-only optometry with frame collections, myopia management, iCare EIDON imaging. Thin site; owner not named.",NYC patients with expiring benefits may book with a chain that reminds them first.,Appointment-only; myopia management; iCare EIDON imaging; frame collections,5-min video on where the site loses shoppers before booking + 3 ad ideas around frame collections and myopia management,Meta ads to NYC FSA holders driving booked appointments + FSA/insurance page,FSA season at Oculus 20/20,"Hi there,

Oculus 20/20 sees patients by appointment only, with myopia management and iCare EIDON imaging alongside your frame collections.

The tricky part is December. On many plans, FSA money runs out Dec 31 and vision benefits reset in January, so New York patients book with whoever reminds them first, often a chain. Ads need about two weeks to warm up, so start before December.

That's what our Year-End Benefits Sprint is for: ads and site fixes that turn expiring benefits into booked exams.

So here's an idea: I'll record a free 5-minute video on where your site loses year-end benefit shoppers before they book, plus 3 ""use it before you lose it"" ad ideas around your frames and myopia management. Yours to keep, no call needed.

Want me to make it?

Zunaira
Quixify Media | zunaira@quixifymedia.com

P.S. Not relevant? Reply 'no' and I won't email again.","Hi there,

Quick follow-up on the free year-end video for Oculus 20/20.

If it helps to see how we work first, here's our paid social portfolio: https://drive.google.com/file/d/1IGIYt1fk7qlcFYgHbWXH48fI3DDCGk9Y/view?usp=sharing. It covers Meta campaigns we've run for online stores in the US, UK and Asia.

Still happy to record your 5 minute teardown. Just reply 'yes'.

Zunaira
Quixify Media | zunaira@quixifymedia.com

P.S. Not relevant? Reply 'no' and I won't email again.","Hi there,

One date worth knowing: for a lot of patients, FSA money has to be spent by December 31, and many vision plans reset in January. Meta ads need about 2 weeks to learn, so to catch that rush, setup has to start by November 17.

Want the free video first so you can judge for yourself?

Zunaira
Quixify Media | zunaira@quixifymedia.com

P.S. Not relevant? Reply 'no' and I won't email again.","Hi there,

I'll stop here so I'm not cluttering your inbox.

If the year-end benefit rush becomes a priority, reply 'video' any time and I'll send the free teardown for Oculus 20/20.

Wishing you a busy December.

Zunaira
Quixify Media | zunaira@quixifymedia.com",,,,,,A
53,Plaza Optical Center,,plazaoptical225@gmail.com,"New York, NY",3,Yes,"Plaza Optical Center (718 number). Eyewear, contact lenses, exams; accepts union plans, Medicaid and private insurance; ZocDoc booking; 10% off online bookings.","New York patients with expiring FSA money and benefits book with whoever reminds them first, often a chain.","Accepts union plans, Medicaid, private insurance; 10% off online bookings",Free 5-min video on site leaks + 3 ad ideas around union plan coverage,Meta ads to nearby union-plan and FSA holders + booking flow fix,Benefit season at Plaza Optical,"Hi there,

Plaza Optical Center takes union plans, Medicaid and private insurance, and gives 10% off online bookings.

Here's the catch. For a lot of New York patients, FSA money expires Dec 31 and benefits reset in January on many plans. They book with whoever reminds them first, often a chain. Ads need about two weeks to warm up, so the window closes at the end of November.

So here's an idea: I'll record you a free 5-minute video showing where your site loses year-end benefit shoppers, plus 3 ""use it before you lose it"" ad ideas built around your union plan coverage. It's yours to keep, no call needed.

Want me to make it?

Zunaira
Quixify Media | zunaira@quixifymedia.com

P.S. Not relevant? Reply 'no' and I won't email again.","Hi there,

Quick follow-up on the free year-end video for Plaza Optical Center.

If it helps to see how we work first, here's our paid social portfolio: https://drive.google.com/file/d/1IGIYt1fk7qlcFYgHbWXH48fI3DDCGk9Y/view?usp=sharing. It covers Meta campaigns we've run for online stores in the US, UK and Asia.

Still happy to record your 5 minute teardown. Just reply 'yes'.

Zunaira
Quixify Media | zunaira@quixifymedia.com

P.S. Not relevant? Reply 'no' and I won't email again.","Hi there,

One date worth knowing: for a lot of patients, FSA money has to be spent by December 31, and many vision plans reset in January. Meta ads need about 2 weeks to learn, so to catch that rush, setup has to start by November 17.

Want the free video first so you can judge for yourself?

Zunaira
Quixify Media | zunaira@quixifymedia.com

P.S. Not relevant? Reply 'no' and I won't email again.","Hi there,

I'll stop here so I'm not cluttering your inbox.

If the year-end benefit rush becomes a priority, reply 'video' any time and I'll send the free teardown for Plaza Optical Center.

Wishing you a busy December.

Zunaira
Quixify Media | zunaira@quixifymedia.com",,,,,,B
54,Weil Eye Care,Dr. Leslie Weil (Founder & Ophthalmologist (MD)),receptionist@weileyecare.com,"Palo Alto, CA",3,Yes,"Ophthalmologist-founded practice in San Carlos since 2003; optical boutique with designer frames, plus cataract, Botox and fillers. Accepts PPO, some HMO, Medicare.","San Carlos patients spend expiring benefits with whoever reminds them first, often a chain","Founded in San Carlos 2003; optical boutique with designer frames; cataract, Botox",5-min video on site gaps + 3 ad ideas around the optical boutique and PPO coverage,Meta ads to San Carlos FSA/PPO holders + optical boutique page fix,Benefit season in San Carlos,"Hi Dr. Weil,

You founded Weil Eye Care in San Carlos in 2003, with a designer frame boutique alongside cataract care.

Here's the gap. On many plans, FSA money expires Dec 31 and vision benefits reset in January, so San Carlos patients book with whoever reminds them first, often a chain. Ads need about two weeks to warm up, so the window to start ends in November.

That's what our Year-End Benefits Sprint is for: ads and site fixes that turn expiring benefits into booked exams.

So here's an idea: I'll record you a free 5-minute video showing where your site loses year-end benefit shoppers, plus 3 ""use it before you lose it"" ad ideas built around your optical boutique. It's yours to keep, no call needed.

Shall I record it?

Zunaira
Quixify Media | zunaira@quixifymedia.com

P.S. Not relevant? Reply 'no' and I won't email again.","Hi Dr. Weil,

Quick follow-up on the free year-end video for Weil Eye Care.

If it helps to see how we work first, here's our paid social portfolio: https://drive.google.com/file/d/1IGIYt1fk7qlcFYgHbWXH48fI3DDCGk9Y/view?usp=sharing. It covers Meta campaigns we've run for online stores in the US, UK and Asia.

Still happy to record your 5 minute teardown. Just reply 'yes'.

Zunaira
Quixify Media | zunaira@quixifymedia.com

P.S. Not relevant? Reply 'no' and I won't email again.","Hi Dr. Weil,

One date worth knowing: for a lot of patients, FSA money has to be spent by December 31, and many vision plans reset in January. Meta ads need about 2 weeks to learn, so to catch that rush, setup has to start by November 17.

Want the free video first so you can judge for yourself?

Zunaira
Quixify Media | zunaira@quixifymedia.com

P.S. Not relevant? Reply 'no' and I won't email again.","Hi Dr. Weil,

I'll stop here so I'm not cluttering your inbox.

If the year-end benefit rush becomes a priority, reply 'video' any time and I'll send the free teardown for Weil Eye Care.

Wishing you a busy December.

Zunaira
Quixify Media | zunaira@quixifymedia.com",,,,,,A
55,Woodside Optometry,Dr. Liat Solomovici (Owner & Optometrist (OD)),woodsideopt@gmail.com,"Palo Alto, CA",3,Yes,"Woodside Optometry, Redwood City; UC Berkeley-trained OD. Accepts VSP and EyeMed. Has promotions page. Thin info on frames. 1 location.",Redwood City patients with expiring benefits may book with a chain that reminds them first.,UC Berkeley biochemistry + optometry; Woodside Rd practice,5-min video on where the site loses benefit shoppers + 3 ad ideas around VSP/EyeMed and the promotions page,Meta ads to VSP/EyeMed members near Redwood City + promotions page turned into a benefits offer,Benefit season in Redwood City,"Hi Dr. Solomovici,

You trained at UC Berkeley in biochemistry and then optometry, and now run Woodside Optometry on Woodside Rd.

Here's the thing about December. On many plans, FSA money runs out Dec 31 and vision benefits reset in January, so Redwood City patients book with whoever reminds them first, often a chain. Ads need about two weeks to warm up, so start before December.

That's what our Year-End Benefits Sprint is for: ads and site fixes that turn expiring benefits into booked exams.

So here's an idea: I'll record a free 5-minute video on where your site loses year-end benefit shoppers, plus 3 ""use it before you lose it"" ad ideas around your VSP and EyeMed coverage and your promotions page. Yours to keep, no call needed.

Worth a look?

Zunaira
Quixify Media | zunaira@quixifymedia.com

P.S. Not relevant? Reply 'no' and I won't email again.","Hi Dr. Solomovici,

Quick follow-up on the free year-end video for Woodside Optometry.

If it helps to see how we work first, here's our paid social portfolio: https://drive.google.com/file/d/1IGIYt1fk7qlcFYgHbWXH48fI3DDCGk9Y/view?usp=sharing. It covers Meta campaigns we've run for online stores in the US, UK and Asia.

Still happy to record your 5 minute teardown. Just reply 'yes'.

Zunaira
Quixify Media | zunaira@quixifymedia.com

P.S. Not relevant? Reply 'no' and I won't email again.","Hi Dr. Solomovici,

One date worth knowing: for a lot of patients, FSA money has to be spent by December 31, and many vision plans reset in January. Meta ads need about 2 weeks to learn, so to catch that rush, setup has to start by November 17.

Want the free video first so you can judge for yourself?

Zunaira
Quixify Media | zunaira@quixifymedia.com

P.S. Not relevant? Reply 'no' and I won't email again.","Hi Dr. Solomovici,

I'll stop here so I'm not cluttering your inbox.

If the year-end benefit rush becomes a priority, reply 'video' any time and I'll send the free teardown for Woodside Optometry.

Wishing you a busy December.

Zunaira
Quixify Media | zunaira@quixifymedia.com",,,,,,A
56,Clairemont Optometry,Dr. Bruce Nguyen (Lead Optometrist (OD)),orthok@myopiatreatment.com,"San Diego, CA",3,Yes,"Clairemont Optometry, San Diego. Specialty contact lens practice: myopia management, Ortho-K, dry eye, keratoconus. Reviews mention wide frame range and major insurance accepted.","San Diego patients with expiring FSA money and benefits book with whoever reminds them first, often a chain.","Specialty in Ortho-K, myopia management, keratoconus",Free 5-min video on site leaks + 3 ad ideas around Ortho-K for kids,Meta ads to Clairemont parents and FSA holders + insurance page fix,Benefit season in Clairemont,"Hi Dr. Nguyen,

Clairemont Optometry has built a specialty around Ortho-K, myopia management and keratoconus lenses.

The catch is timing. On many plans, FSA money expires Dec 31 and vision benefits reset in January. San Diego patients book with whoever reminds them first, often a chain. Ads need about two weeks to warm up, so the window closes at the end of November.

So here's an idea: I'll record you a free 5-minute video showing where your site loses year-end benefit shoppers, plus 3 ""use it before you lose it"" ad ideas built around Ortho-K for kids. It's yours to keep, no call needed.

Worth a look?

Zunaira
Quixify Media | zunaira@quixifymedia.com

P.S. Not relevant? Reply 'no' and I won't email again.","Hi Dr. Nguyen,

Quick follow-up on the free year-end video for Clairemont Optometry.

If it helps to see how we work first, here's our paid social portfolio: https://drive.google.com/file/d/1IGIYt1fk7qlcFYgHbWXH48fI3DDCGk9Y/view?usp=sharing. It covers Meta campaigns we've run for online stores in the US, UK and Asia.

Still happy to record your 5 minute teardown. Just reply 'yes'.

Zunaira
Quixify Media | zunaira@quixifymedia.com

P.S. Not relevant? Reply 'no' and I won't email again.","Hi Dr. Nguyen,

One date worth knowing: for a lot of patients, FSA money has to be spent by December 31, and many vision plans reset in January. Meta ads need about 2 weeks to learn, so to catch that rush, setup has to start by November 17.

Want the free video first so you can judge for yourself?

Zunaira
Quixify Media | zunaira@quixifymedia.com

P.S. Not relevant? Reply 'no' and I won't email again.","Hi Dr. Nguyen,

I'll stop here so I'm not cluttering your inbox.

If the year-end benefit rush becomes a priority, reply 'video' any time and I'll send the free teardown for Clairemont Optometry.

Wishing you a busy December.

Zunaira
Quixify Media | zunaira@quixifymedia.com",,,,,,B
57,Optical Underground,,info@opticalunderground.com,"San Francisco, CA",3,Yes,"Hayes Valley, SF shop selling past-season eyewear from creative brands, authentically sourced and discreetly priced. New site launching soon. Thin info.","San Francisco shoppers spend expiring benefits with whoever reminds them first, often a chain",Hayes Valley; past-season eyewear from creative brands; new site coming,5-min video on what the new site needs + 3 ad ideas around past-season designer pricing,Meta/Instagram ads to SF FSA holders + launch-ready site with FSA info,FSA season in Hayes Valley,"Hi there,

Optical Underground sells past-season eyewear from creative brands in Hayes Valley, discreetly priced, with a new site coming.

The catch is timing. On many plans, FSA money expires Dec 31 and vision benefits reset in January, so San Francisco shoppers buy from whoever reminds them first, often a chain. Ads need about two weeks to warm up, so the window to start ends in November.

So here's an idea: I'll record you a free 5-minute video showing what your new site needs to catch year-end benefit shoppers, plus 3 ""use it before you lose it"" ad ideas built around past-season designer pricing. It's yours to keep, no call needed.

Worth a look?

Zunaira
Quixify Media | zunaira@quixifymedia.com

P.S. Not relevant? Reply 'no' and I won't email again.","Hi there,

Quick follow-up on the free year-end video for Optical Underground.

If it helps to see how we work first, here's our paid social portfolio: https://drive.google.com/file/d/1IGIYt1fk7qlcFYgHbWXH48fI3DDCGk9Y/view?usp=sharing. It covers Meta campaigns we've run for online stores in the US, UK and Asia.

Still happy to record your 5 minute teardown. Just reply 'yes'.

Zunaira
Quixify Media | zunaira@quixifymedia.com

P.S. Not relevant? Reply 'no' and I won't email again.","Hi there,

One date worth knowing: for a lot of patients, FSA money has to be spent by December 31, and many vision plans reset in January. Meta ads need about 2 weeks to learn, so to catch that rush, setup has to start by November 17.

Want the free video first so you can judge for yourself?

Zunaira
Quixify Media | zunaira@quixifymedia.com

P.S. Not relevant? Reply 'no' and I won't email again.","Hi there,

I'll stop here so I'm not cluttering your inbox.

If the year-end benefit rush becomes a priority, reply 'video' any time and I'll send the free teardown for Optical Underground.

Wishing you a busy December.

Zunaira
Quixify Media | zunaira@quixifymedia.com",,,,,,B
58,Retrospecs & Co,Jay (Founder),sf@retrospecs.com,"San Francisco, CA",3,"No (restores antique frames, no patients)","Restored antique eyewear (1890s-1980s) and Cuthbert & Chen collection (titanium, buffalo horn), founded by Jay and Marya. 46 craftsmen, sells via dealerships. No insurance/FSA mention.",FSA/benefit eyewear spend in SF may go to a chain that reminds buyers first.,Founding road trip; all frames sold the week between Christmas and New Year's,5-min video on where the site loses year-end shoppers + 3 ad ideas around restored frames and Cuthbert & Chen,Meta ads to SF FSA holders for Rx-fitted restored frames + clearer buy/visit path on site,Retrospecs and the year-end rush,"Hi Jay,

I enjoyed your founding story: restored gold-filled frames, all sold in Aspen and Vail between Christmas and New Year's.

That week still matters. On many plans, FSA money runs out Dec 31 and vision benefits reset in January, so San Francisco buyers spend with whoever reminds them first, often a chain. Ads need about two weeks to warm up, so start before December.

That's what our Year-End Benefits Sprint is for: ads and site fixes that turn expiring benefits into booked exams.

So here's an idea: I'll record a free 5-minute video on where your site loses year-end shoppers who want something unique, plus 3 ""use it before you lose it"" ad ideas around your restored frames and Cuthbert & Chen. Yours to keep, no call needed.

Shall I record it?

Zunaira
Quixify Media | zunaira@quixifymedia.com

P.S. Not relevant? Reply 'no' and I won't email again.","Hi Jay,

Quick follow-up on the free year-end video for Retrospecs & Co.

If it helps to see how we work first, here's our paid social portfolio: https://drive.google.com/file/d/1IGIYt1fk7qlcFYgHbWXH48fI3DDCGk9Y/view?usp=sharing. It covers Meta campaigns we've run for online stores in the US, UK and Asia.

Still happy to record your 5 minute teardown. Just reply 'yes'.

Zunaira
Quixify Media | zunaira@quixifymedia.com

P.S. Not relevant? Reply 'no' and I won't email again.","Hi Jay,

One date worth knowing: for a lot of patients, FSA money has to be spent by December 31, and many vision plans reset in January. Meta ads need about 2 weeks to learn, so to catch that rush, setup has to start by November 17.

Want the free video first so you can judge for yourself?

Zunaira
Quixify Media | zunaira@quixifymedia.com

P.S. Not relevant? Reply 'no' and I won't email again.","Hi Jay,

I'll stop here so I'm not cluttering your inbox.

If the year-end benefit rush becomes a priority, reply 'video' any time and I'll send the free teardown for Retrospecs & Co.

Wishing you a busy December.

Zunaira
Quixify Media | zunaira@quixifymedia.com",skip,,,,,A
59,Veo Optics,,mission@veooptics.com,"San Francisco, CA",3,Yes,"Designer eyewear in San Francisco and LA; emails for Mission, Marina, Petaluma (multiple locations). Styling, eye exams, Jamestown Eyewear, dedicated FSA & HSA page.","SF patients with expiring FSA money and benefits book with whoever reminds them first, often a chain.","Dedicated FSA & HSA page; styling; Jamestown Eyewear; Mission, Marina, Petaluma",Free 5-min video on site leaks + 3 ad ideas around the styling service,Meta ads to FSA holders near each location driving to the FSA page,FSA season at Veo Optics,"Hi there,

Veo Optics already has a dedicated FSA and HSA page, plus styling and Jamestown Eyewear.

Here's the gap. For a lot of San Francisco patients, FSA money expires Dec 31 and benefits reset in January on many plans. They book with whoever reminds them first, often a chain. Ads need about two weeks to warm up, so the window closes at the end of November.

So here's an idea: I'll record you a free 5-minute video showing where your site loses year-end benefit shoppers, plus 3 ""use it before you lose it"" ad ideas built around your styling service. It's yours to keep, no call needed.

Shall I record it?

Zunaira
Quixify Media | zunaira@quixifymedia.com

P.S. Not relevant? Reply 'no' and I won't email again.","Hi there,

Quick follow-up on the free year-end video for Veo Optics.

If it helps to see how we work first, here's our paid social portfolio: https://drive.google.com/file/d/1IGIYt1fk7qlcFYgHbWXH48fI3DDCGk9Y/view?usp=sharing. It covers Meta campaigns we've run for online stores in the US, UK and Asia.

Still happy to record your 5 minute teardown. Just reply 'yes'.

Zunaira
Quixify Media | zunaira@quixifymedia.com

P.S. Not relevant? Reply 'no' and I won't email again.","Hi there,

One date worth knowing: for a lot of patients, FSA money has to be spent by December 31, and many vision plans reset in January. Meta ads need about 2 weeks to learn, so to catch that rush, setup has to start by November 17.

Want the free video first so you can judge for yourself?

Zunaira
Quixify Media | zunaira@quixifymedia.com

P.S. Not relevant? Reply 'no' and I won't email again.","Hi there,

I'll stop here so I'm not cluttering your inbox.

If the year-end benefit rush becomes a priority, reply 'video' any time and I'll send the free teardown for Veo Optics.

Wishing you a busy December.

Zunaira
Quixify Media | zunaira@quixifymedia.com",,,,,,B
60,Optimum Vision and Eye Care,Dr. Manisha B. Geiger (Optometrist (OD)),office@optimumvisionaz.com,"Scottsdale, AZ",3,Yes,"Scottsdale optometry focused on neuro-optometry, vision therapy, pediatrics, sports vision; OD since 1996. Eyeglasses for adults and kids. Insurance info page.","Scottsdale families with expiring benefits book with whoever reminds them first, often a chain","Scottsdale; neuro-optometry, vision therapy, adult and kids' eyewear",5-min video on site gaps + 3 ad ideas around kids' frames and vision therapy,Meta ads to Scottsdale parents/FSA holders + insurance page fix,Year-end benefits in Scottsdale,"Hi Dr. Geiger,

Optimum Vision pairs neuro-optometry and vision therapy with eyeglasses for both adults and kids.

Here's the gap. On many plans, FSA money expires Dec 31 and vision benefits reset in January, so Scottsdale families book with whoever reminds them first, often a chain. Ads need about two weeks to warm up, so the window to start ends in November.

So here's an idea: I'll record you a free 5-minute video showing where your site loses year-end benefit shoppers, plus 3 ""use it before you lose it"" ad ideas built around kids' frames and your vision therapy patients. It's yours to keep, no call needed.

Shall I record it?

Zunaira
Quixify Media | zunaira@quixifymedia.com

P.S. Not relevant? Reply 'no' and I won't email again.","Hi Dr. Geiger,

Quick follow-up on the free year-end video for Optimum Vision and Eye Care.

If it helps to see how we work first, here's our paid social portfolio: https://drive.google.com/file/d/1IGIYt1fk7qlcFYgHbWXH48fI3DDCGk9Y/view?usp=sharing. It covers Meta campaigns we've run for online stores in the US, UK and Asia.

Still happy to record your 5 minute teardown. Just reply 'yes'.

Zunaira
Quixify Media | zunaira@quixifymedia.com

P.S. Not relevant? Reply 'no' and I won't email again.","Hi Dr. Geiger,

One date worth knowing: for a lot of patients, FSA money has to be spent by December 31, and many vision plans reset in January. Meta ads need about 2 weeks to learn, so to catch that rush, setup has to start by November 17.

Want the free video first so you can judge for yourself?

Zunaira
Quixify Media | zunaira@quixifymedia.com

P.S. Not relevant? Reply 'no' and I won't email again.","Hi Dr. Geiger,

I'll stop here so I'm not cluttering your inbox.

If the year-end benefit rush becomes a priority, reply 'video' any time and I'll send the free teardown for Optimum Vision and Eye Care.

Wishing you a busy December.

Zunaira
Quixify Media | zunaira@quixifymedia.com",,,,,,B
61,"Market Optical (listed as Ruggeiro, Cynthia P, OD)",,uv@marketoptical.com,"Seattle, WA",3,Yes,"Independently owned luxury boutique from Pike Place Market; 4 boutiques (Pike Place, Bellevue, U Village, Meridian ID); independent handcrafted designers; in-house lab 20+ yrs; Zeiss, Shamir.",Seattle/Bellevue shoppers with expiring FSA money may buy from a chain first; site has no FSA info.,Pike Place roots; 4 boutiques; independently owned; independent designers,5-min video on missing FSA/insurance info + 3 ad ideas around independent designer frames,Per-boutique Meta ads to FSA holders + FSA/benefits page,FSA season at Market Optical,"Hi there,

Market Optical grew from Pike Place Market roots into four independently owned boutiques across Seattle, Bellevue and Meridian.

Here's the gap. On many plans, FSA money runs out Dec 31 and vision benefits reset in January, so Seattle and Bellevue shoppers buy from whoever reminds them first, often a chain. Ads need about two weeks to warm up, so start before December.

That's what our Year-End Benefits Sprint is for: ads and site fixes that turn expiring benefits into booked exams.

So here's an idea: I'll record a free 5-minute video on where your site loses year-end benefit shoppers (I didn't see FSA info), plus 3 ""use it before you lose it"" ad ideas around your independent designer frames. Yours to keep, no call needed.

Want me to make it?

Zunaira
Quixify Media | zunaira@quixifymedia.com

P.S. Not relevant? Reply 'no' and I won't email again.","Hi there,

Quick follow-up on the free year-end video for Market Optical.

If it helps to see how we work first, here's our paid social portfolio: https://drive.google.com/file/d/1IGIYt1fk7qlcFYgHbWXH48fI3DDCGk9Y/view?usp=sharing. It covers Meta campaigns we've run for online stores in the US, UK and Asia.

Still happy to record your 5 minute teardown. Just reply 'yes'.

Zunaira
Quixify Media | zunaira@quixifymedia.com

P.S. Not relevant? Reply 'no' and I won't email again.","Hi there,

One date worth knowing: for a lot of patients, FSA money has to be spent by December 31, and many vision plans reset in January. Meta ads need about 2 weeks to learn, so to catch that rush, setup has to start by November 17.

Want the free video first so you can judge for yourself?

Zunaira
Quixify Media | zunaira@quixifymedia.com

P.S. Not relevant? Reply 'no' and I won't email again.","Hi there,

I'll stop here so I'm not cluttering your inbox.

If the year-end benefit rush becomes a priority, reply 'video' any time and I'll send the free teardown for Market Optical.

Wishing you a busy December.

Zunaira
Quixify Media | zunaira@quixifymedia.com",,,,,,A
