Company,Owner,Owner Title,Email,Owner LinkedIn,Company LinkedIn,Phone,Website,Location,Fit Score,Notes,Source
20/20 EyeCare - Carbondale,Dr. Mark Zilm,Owner (second generation),,,,+19709633937,https://2020eyecare.com,"Aspen, CO",5,"20/20 Eyecare, founded 50+ yrs ago by Dr. William Zilm, now run by son Dr. Mark Zilm; Glenwood Springs and Carbondale CO; luxury frames, sports eyewear; Insurance page.",yellowpages
Blink Boutique Eyecare & Eyewear P,Dr. Kimberly Pham,Co-Founder & Optometrist (OD),info@blinkgeorgetown.com,,,+17372258644,https://www.blinkgeorgetown.com,"Austin, TX",5,"Georgetown TX boutique eyecare + eyewear, female co-founded ('Female Power Pair', Women In Optometry); featured brands, insurances page, glaucoma specialist. Dr. Alyssa Garza also OD.",yellowpages
Boca Family Eye Care,Dr. Jonathan Nebb,Co-founder & Optometrist (OD),drnebb@bocafamilyeye.com,,https://www.linkedin.com/company/boca-family-eye-care,+15614790521,http://www.bocafamilyeye.com,"Boca Raton, FL",5,Founded by Drs. Jonathan and Rachel Nebb; 2 Boca locations; 'Boca's largest selection of designer eyewear'; posts 'use your vision benefits before they run out'. Pediatric exams.,yellowpages
"VisionCare Unlimited: Vivienne Rosenbusch, OD",Dr. Vivienne Rosenbusch,Optometrist (OD),visioncare1@bellsouth.net,,,+15612415665,https://visioncareunlimited.com,"Boca Raton, FL",5,"Boca Raton optometrist since 1993. High-end designer to affordable frames, emergency exams. Out of network for most plans but submits to insurance for reimbursement.",yellowpages
Vision Concept,Dr. Phuong Doan,Optometrist (OD),hello@visionconcepthtx.com,,,+12814074886,https://www.visionconcepthtx.com,"Houston, TX",5,"Houston (77065) optometry with optical boutique and designer frames, pediatric and specialty exams, contacts. Insurance and payment page. Single doctor listed.",yellowpages
Vanderbilt Optical,Dr. Jason Eugenides,Owner & Optometrist (OD),vboptical@gmail.com,,,+12396431724,https://www.vanderbiltoptical.com,"Naples, FL",5,"Naples optical with designer eyewear and frames, eye exams for kids and adults, in-house retina camera (no drops), contacts. Accepts most vision insurance.",yellowpages
Standard Optometry,Dr. Lisa Lo,Owner & Optometrist (OD),info@standardopt.com,,,+16509171342,http://www.standardopt.com,"Palo Alto, CA",5,"Formerly Standard Optical (run by her father Mike Lo, 17+ yrs); 4000+ designer frames and sunglasses; ortho-K; Insurance page; glasses often ready in 2 days. Palo Alto, 1 location.",yellowpages
Cumberland Pointe Eye Care,Dr. Thomas Arey,Co-owner & Optometrist (OD),,,,+16784838767,http://www.atlantaeyecare.com,"Atlanta, GA",5,"Atlanta Eye Care owned by Drs. Arey, Alexander, Walker; 2 Alpharetta locations, Windward opened 2003; top designer frames, Rx sunglasses, sports eyewear; insurance page.",yellowpages
McCormick Vision Source,Dr. Michael N. McCormick,Owner & Optometrist (OD),,,,+15122582020,http://www.mccormickvision.com,"Austin, TX",5,"McCormick Vision Source, Austin, serving since 1989, new location at The Stratum. Designer frames, insurance page, dry eye care. Also Dr. Julia Emery and Dr. Jerny Scotty.",yellowpages
DeClark Craig M,Dr. Craig M. DeClark,Owner & Optometrist (OD),,,,+17738696157,http://www.declark.com,"Chicago, IL",5,"Craig M. DeClark OD PC, Chicago. Eyewear gallery with designer frames and sunglasses, sports vision, employee safety eyewear program, specialty contacts. Has vision insurance page.",yellowpages
Dr. Meryl Brownstein,Dr. Meryl Brownstein,Owner & Optometrist (OD),,,,+12036612255,http://www.drmbeyes.com,"Greenwich, CT",5,"Cos Cob private practice 25 years. Fashion eyewear/sunglasses: Valentino, Prada, Tiffany, Ray Ban. Insurance plus itemized receipts for flexible spending account.",yellowpages
Westside Eye Care,Dr. Thao Nguyen,"Optometrist (OD), practice lead",,,,+12815317020,http://www.westsideeyecarehouston.com,"Houston, TX",5,"Private practice, Houston Energy Corridor; Gucci, Dolce & Gabbana, Prada, Carrera, Ray-Ban; insurance filing and FSA/HSA invoices; CareCredit; open 6 days, late hours.",yellowpages
Vision Boutique,Dr. Jason Tu,Owner & Optometrist (OD),,,,+18583504980,http://www.visionboutique.com,"San Diego, CA",5,"Vision Boutique Optometry, Carmel Valley, San Diego. Curated fine eyewear brands, insurance partners page. Dr. Tu's family came from Vietnam in 1979. Patients 10+ years. Also Dr. Kevin Reeder.",yellowpages
Acuity Vision Boutique,Dr. Lyndi Fandino Schmidt,Lead Doctor,,,,+14156732020,https://acuityvision.com,"San Francisco, CA",5,"SF 'Optometry Boutique'; frames, lenses, sunglasses, brands pages; Insurance & Payment page; kids and contact lens exams; reviews praise 'Lyndi and her team'. Email obfuscated.",yellowpages
Hiura & Hiura OD's,Dr. Ronald Hiura,Co-owner & Optometrist (OD),,,,+14157762352,http://www.drhiura.com,"San Francisco, CA",5,"Third-generation family-owned SF optometry since 1949 (Drs. Ronald and Chris Hiura). Claims one of the biggest frame selections in SF, sunglasses, featured brands, insurance accepted.",yellowpages
"Calabrese, Theodore J, OD",Dr. Theodore J. Calabrese,Lead Optometrist (OD),,,,+16312836226,https://southamptonoptics.com,"Southampton, NY",5,"Southampton Optiks, founded 1975, Hamptons family eye care. In-office lab for same-day glasses, Tom Ford, Versace, Oakley. Myopia management, Lions Club ties. Has insurance page.",yellowpages
Highland Eye Boutique,Dr. Kristie Bennett,Owner & Optometrist (OD),see@highlandeyedoctor.com,,,+14043430887,http://www.atlantaeyedoctor.net,"Atlanta, GA",4,"Highland Eye Boutique, Virginia-Highland Atlanta, opened 2010; distinctive exclusive eyeglasses and sunglasses; neighborhood feel, bulldogs Porter and Grits. No insurance text.",yellowpages
In Focus Eye Center,Dr. Mario Martinez,Owner & Optometrist (OD),mario@infocuseyes.com,,,+14045890822,http://www.infocuseyes.com,"Atlanta, GA",4,"In Focus Eye Center, Atlanta, opened 2009 (co-founder Steve is office manager/ABO optician). Claims #1 eye doctor in Atlanta on Yelp. Also Dr. Lindsey Eisenberg, OD.",yellowpages
Central Square Eye Care,Dr. Geoff White,Optometrist (OD),centralsquareeyecare@gmail.com,,,+16174972015,http://www.centralsquareeyecare.net,"Boston, MA",4,"Central Square, Cambridge since 2003; hand-selected frames; on-site finishing lab; optician George Skelton with decades of experience. No insurance/FSA text.",yellowpages
Wink Eyecare,Dr. Taline Farra,Lead Optometrist (OD),Wink@winkboston.com,,,+16172699465,http://www.winkboston.com,"Boston, MA",4,"South Boston optometry since 2014, Vision Source member. Fashionable eyewear, sunglasses, contacts, online shop link. Insurance information page. Drs. Taline Farra and Emma Fraser.",yellowpages
20/20 Optical Inc,Edward Mamelok,Owner & Licensed Optician,info@20-20optical.com,,,+12036982255,http://www.20-20optical.com,"Greenwich, CT",4,"Owner operated since 1991, Greenwich. On-site lab, same day service, exclusive brands, 20/20 Kids with CT's largest kids eyewear selection, sports eyewear. No insurance/FSA mention.",yellowpages
Spectrum Eye Care,Dr. Trang Tran,Lead Optometrist (OD),spectrumtidwell@yahoo.com,,,+17136908439,http://www.spectrumeyes.com,"Houston, TX",4,"Founded 2000, Houston, two locations (Eldridge, Tidwell). Large selection of fashion and designer frames, full lens options, specialty contacts. Dr. Tran is a glaucoma-certified therapeutic OD.",yellowpages
Sunset Eyes Optical,Mark Hunter,Owner,sunseteyeoptical@gmail.com,,,+13054124840,http://www.sunsetoptical.net,"Miami, FL",4,"Miami optical, 25+ years; owner from family of Miami optical shop owners. In-store lab, luxury brands, optometrist exams, free exam with eyewear purchase offer. Bilingual site.",yellowpages
Pro-Vision Care Center,Dr. Amalfi Blanco,"Founder, CEO & Optometrist (OD)",info@provisioncarecenter.com,,,+13052646991,https://www.provisioncarecenter.com,"Miami, FL",4,"Pro-Vision Advanced Eye Care & Aesthetics, Miami: OD-founded, large frame selection, specialty contacts, plus skincare aesthetics. Bilingual English/Spanish. Gift cards.",yellowpages
Anzalone Linda OD,Dr. Linda Anzalone,Optometrist (OD),,,,+17074290301,http://solanoeyecare.net,"Napa, CA",4,"Solano Eye Care, Fairfield. Optical boutique with hundreds of frames, on-site lab, CRT, myopia control, insurance. Best Optometrist nominee 2009. Listing is in Dr. Anzalone's name; ownership not stated.",yellowpages
Rika Optique,Rita Barrera,Owner & Certified Optician,info@rikaoptique.com,,,+17073431620,http://rikaoptique.com,"Napa, CA",4,"Optical boutique founded by Rita Barrera (Napa native, ~30 yrs, bilingual); theo and independent designer frames, bi-monthly trunk shows, sports eyewear for students. No insurance mention.",yellowpages
Terry R Van Der Heyden OD-Vision Source,Dr. Terry R. Van Der Heyden,Owner & Optometrist (OD),info@visionsource-naples.com,,,+12392615915,https://visionsource-naples.com/vision-care-products/contacts,"Naples, FL",4,"Naples optometry practice since 1974, member of Vision Source. Lenses and frames, contact lenses, emergency exams. Insurance information page.",yellowpages
Eye Sight Solutions Optometry,Dr. Yura Kim,Optometrist (OD),eyesightoptometry@gmail.com,,,+16509483260,http://www.eyesightsolutions.net,"Palo Alto, CA",4,"Doctor-owned optometry in Mountain View; curated designer frames, dry eye therapy, myopia control, specialty contacts. Has an insurance page. Second OD: Megan Tai. Owner not explicitly named.",yellowpages
Eye City Optometry,Dr. Oanh Kha,Optometrist (OD),info@eyecitymv.com,,,+16509612020,http://www.eyecityoptometry.com,"Palo Alto, CA",4,"Mountain View optometry with 2000+ frames incl Ray-Ban, Gucci and unique world brands. In-network VSP, EyeMed, Aetna, Cigna. Dr. Kha 16+ yrs, myopia control (CRT, MiSight). Online contact ordering.",yellowpages
Hillcrest Optical,Lisa,Owner & Optician,lisa@hillcrestoptical.com,,,+16192983586,http://www.hillcrestoptical.com,"San Diego, CA",4,"Independently owned optical boutique in Banker's Hill, 60+ yrs (began as San Diego Optical). Independent designer frames, vintage collection, gift certificates. Owner Lisa in optical since 1990. No insurance mention.",yellowpages
Turn Up Vision Inc,Phil Harris,Founder & Optician,eyesonfifth@yahoo.com,,,+16192313937,https://www.eyesonfifth.com,"San Diego, CA",4,"Eyes on Fifth, Gaslamp Quarter, open 7 days. Third-generation optician owner, curated eclectic eyewear, custom frames incl SPEXWAX vinyl record frames. Online cart, virtual try-on. No insurance mention.",yellowpages
AccuVision Optometry,Dr. Amy Thich,Optometrist (OD),accuvisionsf@gmail.com,,,+14154090888,http://accuvisionsf.com,"San Francisco, CA",4,"SF optometry with 1,000+ frames incl. Ray Ban, Gucci, Prada, sunglasses and budget frames. Insurance plans page. Evening and weekend appointments.",yellowpages
Visionarium Optometry,Dr. Chester Quan,Optometrist (OD),visionarium@sbcglobal.net,,,+14157535338,http://visionarium-sf.com,"San Francisco, CA",4,"SF optometry, Dr. Quan serving 30+ years. Luxury frame brands, ran BOGO 30% off frames Nov 24-26. Kids exams, myopia control, dry eye, OCT-A. No insurance mention.",yellowpages
Eyeclectic Vision Source,,,,https://www.linkedin.com/in/eyeclectic,http://www.linkedin.com/in/eyeclectic,+14048352975,https://eyeclecticvisionsource.com,"Atlanta, GA",4,"Independent Atlanta optometry since 2013 at Howell Mill Plaza. Boutique optical with 1,000+ frames from a dozen independents: Dita, Lindberg, Oliver Peoples, Tom Ford. Insurance page.",yellowpages
Premier Optics,,,aog@austinoptometrygrp.com,,,+15124540698,http://austinoptometrygrp.com,"Austin, TX",4,"Austin Optometry Group since 1976 (Drs. Aaron Wolf, Annie Ku). Featured frame brands, online shop, scleral and specialty lenses, Nuance Audio frames. Insurances accepted page.",yellowpages
Grove Opticians,,,info@groveopticians.com,,,+15613945551,http://www.groveopticians.com,"Boca Raton, FL",4,"Boca Raton luxury optical, decades in business. Cartier, Maybach, Kirk & Kirk, Anna Karin Karlsson, Matsuda; founder buys frames in Europe yearly. Founder first name Robert only. No insurance/FSA.",yellowpages
Halsted Eye Boutique,,,info@chicagoeyedr.com,,,+17735491111,https://www.chicagoeyedr.com,"Chicago, IL",4,"Independent Chicago optical since 2007, plus sister shop Eye See Ravenswood (2 locations). Brands: Dita, Lindberg, Tom Ford, Etnia Barcelona, John Varvatos. Online shop/cart. No insurance mention.",yellowpages
Prism Optics Inc,,,prism@prismopticalchicago.com,,,+17732056447,http://prismopticalchicago.com,"Chicago, IL",4,"Old Irving Park optical since 1991, onsite lab (glasses in 3 to 10 days). Frames: Silhouette, Ovvo, OGI, Modo, Eco. Own Prism Vision Plan. Exams by appointment after hours.",yellowpages
Tom Barrett Optical Inc,,,tbopt@yahoo.com,,,+12143680170,http://www.tombarrettoptical.com,"Dallas, TX",4,"Family-owned Dallas luxury eyewear since 1981. Curated handcrafted frames from top designers, sunglasses, premium lenses, repairs. No insurance mention. Saturday by appointment.",yellowpages
Darien Eye Care,,,darieneyecarect@gmail.com,,,+12033095155,http://www.darieneyecare.com,"Greenwich, CT",4,"Darien, CT optometry claiming one of the biggest eyewear brand selections in Darien. Designer eyewear, sports/safety eyewear, dry eye. Insurance page. Dr. Shefali Ahmadi, OD on staff. Owner not stated.",yellowpages
L A Eye Center & Clinic,,,appointments@laeyecenter.com,,,+13232321234,https://www.laeyecenter.com,"Los Angeles, CA",4,"South LA since 1963; one of the busiest optical centers there, hundreds of frames, safety eyewear, same-day optical; Insurance page; ODs Lilia Gelfand, Jessica Ho.",yellowpages
Eye Tailor,,,sales@eyetailor.com,,,+13236642020,http://www.eyetailor.com/contacts-us,"Los Angeles, CA",4,"Eyetailor optical shop at 4310 Melrose Ave, LA, open Mon-Sat. Has Collections page and an FSA & Insurance page. Owner not named. Thin otherwise.",yellowpages
Eye Culture Optical Boutique,,,info@eye-culture.com,,,+17865429672,https://www.eye-culture.com,"Miami, FL",4,"Optical boutique in Downtown Doral. Rodenstock DNEye biometric lenses, curated luxury designer eyewear, personal frame styling. Two co-founders (unnamed). No insurance mention.",yellowpages
Eye Works Optometry,,,staff@the-eyeworks.com,,,+17072542020,http://www.the-eyeworks.com,"Napa, CA",4,"The Eye Works Optometry, Napa, 45+ yrs. Fashionable frames with Our Brands page, pediatric optometry, OCT imaging, contacts, online booking. No insurance mention in text.",yellowpages
Pildes Optical,,,info@upperwestoptical.com,,,+12128772980,http://pildesopticalnyc.com,"New York, NY",4,"Upper West Optical (Pildes), NYC: independently owned optical, 35+ years; designer frames, sunglasses, contact lens fittings, DMV vision tests. Has Instagram.",yellowpages
Insight Optical,,,info@insightoptical.us,,,+17185963740,http://insightoptical.us,"New York, NY",4,"In-Sight Optical, locally owned since 1984, Colorado Springs (719 number, not NY). Standard and designer frames, repairs, warranties, insurance page. Reviews name optician Dave.",yellowpages
Silver Lining Opticians,,,info@silverliningopticians.com,,,+12123753500,https://www.silverliningopticians.com,"New York, NY",4,"Independent eyewear shop in SoHo since 2007; Masunaga, Eyevan 7285, l.a. Eyeworks, own brand; vintage expertise. No exams; out-of-network but accepts FSA/HSA. Online shop.",yellowpages
Successful Vision,,,info@svbshop.com,,,+16468692879,https://svbshop.com,"New York, NY",4,"Successful Vision: fashion eyewear and sunglasses, unique frames, Insurances page, on-site optometrist Reyna Betances OD. 1-year AR coating and frame warranty. 914 phone. Owner unnamed.",yellowpages
Lux Eyewear,,,info@luxpaloalto.com,,,+16503243937,https://www.luxpaloalto.com,"Palo Alto, CA",4,"Palo Alto luxury eyewear stylists; curated independent brands not found in mainstream retail, designer frames and sunglasses, eye exams on site. 1 location. No insurance/FSA mention.",yellowpages
Peninsula Optical Co Inc,,,malina@peninsulaoptical.com,,,+16503268415,https://www.peninsulaoptical.com,"Palo Alto, CA",4,"Palo Alto optical shop carrying Cartier, DITA, Oliver Peoples, Tom Ford. Has brands and gallery pages. No insurance or FSA mention. Single location.",yellowpages
Urban Optiks Optometry,,,info@uoosd.com,,,+16196832020,https://www.uoosd.com,"San Diego, CA",4,"Hillcrest San Diego luxury boutique 16+ years; independent handcrafted frames (theo, Say-oH), sustainable and custom frames; award winning; online shop; insurance questions page.",yellowpages
New Optix Optometry,,,newoptixoptometry@gmail.com,,,+18587374161,http://newoptixoptometry.com,"San Diego, CA",4,"New Optix Optometry, San Marcos office moved to 1155 Grand Ave. Optical Boutique, sunglasses, Insurances, myopia management/Ortho-K, dry eye. Drs. Michael Tran and Mini Ta lead team; ownership not stated.",yellowpages
The Unoptical,,,theunoptical@aol.com,,,+16199555369,http://www.theunoptical.com,"San Diego, CA",4,"Opticians since 2010 with San Diego, Encinitas and Rancho Santa Fe shops. Luxury to budget big package, online eyewear shop. Lead optician since 1989 but name not given.",yellowpages
Paris Optique,,,customerservice@parisoptique.com,,,+14809451855,https://parisoptique.com,"Scottsdale, AZ",4,"Family owned luxury optical in Scottsdale since 1986; Lindberg, Cartier (custom diamond frames), Carrera, Missoni, handmade eyewear, online shop. No insurance/FSA mention.",yellowpages
Queen Anne Vision Clinic,,,q.a.vision.clinic@gmail.com,,,+12062819100,http://queenannevisionclinic.com,"Seattle, WA",4,"Queen Anne, Seattle optometry with extensive frame selection and gallery, custom contacts, dry eye, myopia management. In-network insurance list. Call, text or email.",yellowpages
Colaizzo Opticians,,,info@colaizzooptical.com,,,+12062857212,http://colaizzooptical.com,"Seattle, WA",4,"Luxury independent boutique in Queen Anne since 1989. Mykita, Lindberg, independent designers; in-house lab, Zeiss and Shamir lenses, custom tints. No owner named or insurance mention.",yellowpages
"Cecil, Amy C OD, FCOVD",Dr. Amy C. Cecil,"Owner & Optometrist (OD, FCOVD)",,,,+19709275107,http://basaltoptometry.com,"Aspen, CO",4,"Basalt optometry practice and vision therapist. Glasses and frames, sunglasses, contact lenses, family eye exams, monthly patient newsletter. No insurance mention.",yellowpages
Uptown Eye Boutique,Dr. Brian Schultz,Optometrist (OD),,,,+17705581850,http://www.uptowneyeboutique.com,"Atlanta, GA",4,"Johns Creek GA boutique: 'most exclusive collection of eyewear and sunglasses', VSP and EyeMed provider, Even Realities smart glasses, scleral lenses, pediatric exams.",yellowpages
"McFerren, Leah OD",Dr. Leah J. McFerren,Owner & Optometrist (OD),,,,+14047683500,http://www.drleahmcferren.com,"Atlanta, GA",4,"Leah J. McFerren OD PC, College Park GA. 50% off frames with lenses, lens packages, virtual try-on, online frames-only shop, glasses/contact order forms. Mentions insurance.",yellowpages
Southern Eye Specialists PC OD,Dr. Rohit Sharma,Lead Optometrist (OD),,,,+14043443556,http://www.southerneyespecialists.com,"Atlanta, GA",4,"Eye Center of Atlanta / Southern Eye Specialists led by Dr. Sharma; curated designer frames, sunglasses, contacts; vision insurance pages; family care ages 1 to 100.",yellowpages
Westlake Optical,Samuel E. Johnson,Owner & Master Optician (O.O.),,,,+15123284733,http://www.westlakeoptical.com,"Austin, TX",4,"Actually in Lincoln County, New Mexico (575). Sam and Michelle Johnson, Ophthalmic Opticians, 2018 Optician of the Year; Shop page; affordable packages if not on your insurance.",yellowpages
Sacks Optical Boutique,Robert Sacks,Owner (M.D.),,,,+13102751676,http://sacksoptical.com,"Beverly Hills, CA",4,"Family owned independent optical since 2009, began inside a medical office building in LA. Curates independent brands: Cutler & Gross, Great Frog, Lindberg. Sunglasses. No insurance/FSA mention.",yellowpages
Shomali & Richmond Optometrists,Dr. Barry Shomali,Principal Optometrist (OD),,,,+16174263236,http://www.drshomali.com,"Boston, MA",4,"Dr. Shomali Optometric Eye Care on Tremont St, Downtown Boston; eyeglasses, sunglasses, contact lens store; Insurance Plans page.",yellowpages
Eyes Over Copley,Dr. Patricia Fox,Optometrist (OD),,,https://www.linkedin.com/company/eyes-over-copley,+16178590630,https://www.eyesovercopley.com,"Boston, MA",4,"Boston (Copley) solo OD practice: exams, contacts, LASIK co-management, award winning frame selection, designer frames, Maui Jim, sunglasses. Tue to Fri hours.",yellowpages
B & B Shelle Optical,Dr. Julie Becker,Owner & Optometrist (OD),,,,+13128775938,https://www.shelleoptical.com,"Chicago, IL",4,"Shelle Optical, Chicago, family business since 1982 founded by Phil Becker, now led by daughter Dr. Julie Becker. 2 locations. Low vision, multifocals, dry eye, eyewear selection.",yellowpages
Village Eyecare-South Loop,Dr. Satti Sarai,Owner & Optometrist (OD),,,https://www.linkedin.com/company/village-eyecare,+13126634250,http://www.villageeyecare.net,"Chicago, IL",4,"Chicago optometry 50+ yrs; Tom Ford, designer sunglasses, 'Village Eyewear'; Insurance page; large keratoconus clinic, ortho-K; 7 ODs; several Chicago locations.",yellowpages
Thrive Eye & Optical,Dr. James Chin,Owner & Optometrist (OD),,,,+12147305502,https://www.thriveeye.com/contact-us.html,"Dallas, TX",4,"Thrive Eye + Optical at The Hill Shopping Center, North Dallas. Own Thrive Eyewear, frame styling focus, Insurance & Payment Accepted page, online booking. Reviews praise frame selection.",yellowpages
Blink Vision Center,Dr. Lindsey Alexander,Lead Doctor,,,,+12143981144,https://myblinkvision.com/for-patients,"Dallas, TX",4,"Blink Vision Center, Dallas and Terrell locations; vision, medical and optical services; accepts vision insurance, mentions Flexible Spending Accounts, payment plans.",yellowpages
Greenwich Eye Care,Dr. Inna Lazar,Owner & Optometrist (OD),,,https://www.linkedin.com/company/greenwich-eye-care-corp,+12036985049,https://www.drinnalazar.com,"Greenwich, CT",4,"PRO EYECARE, Dr. Inna Lazar's practice in Greenwich and Darien, CT (2 locations). Designer eyewear, concierge services, Rx sunglasses, Stellest myopia control glasses for kids.",yellowpages
Rick Crolla Rick-New Canaan Eye,Dr. Rick Crolla,Owner & Optometrist (OD),,,,+12039669480,http://newcanaaneye.com,"Greenwich, CT",4,"New Canaan Eye Associates, downtown New Canaan since 1984 (founded by father-in-law Dr. Ed Sawicky). Eyewear with frame stylist Sandy. No insurance/FSA mention.",yellowpages
Unique Optical,Dr. Inna Gaston,Optometrist (OD),,,,+17135222007,https://www.unique-optical.com,"Houston, TX",4,"Unique Eye Care and Optical, Houston: optical boutique with Tom Ford, Lindberg, Oliver Peoples; IPL dry eye, MiSight myopia, kids exams. Spanish and Russian spoken.",yellowpages
Clear Vision Optometry Inc,Dr. Leyen Lim,Owner & Optometrist (OD),,,,+13236636871,http://www.opticalsolution.net,"Los Angeles, CA",4,"Optical Solution Optometry, LA, 10+ yrs. Dr. Lim (PCO 2002) runs the practice, specialty in hard-to-fit contacts (keratoconus, multifocal). Eyewear, specials and insurance pages. Evening/Sat hours.",yellowpages
Eye Desire Eyecare and Optical Boutique,Dr. David M. Roth,Founder & Optometrist (OD),,,,+13056731211,http://www.eyedesire.com/home,"Miami, FL",4,"Family run by 3 generations of optometrists since the 1960s; Eye Desire opened 2002 in Miami Beach, Dr. Ashley Roth joined 2014. Optical boutique, specialty contacts, insurance page.",yellowpages
Okura Darlene T OD,Dr. Darlene T. Okura,Owner & Optometrist (OD),,,,+17076431003,https://www.eyecarevallejo.com,"Napa, CA",4,"Vallejo optometry in business since 1993. Designer frames incl. Costa, Vera Wang, Ferragamo, Calvin Klein, Marchon, Flexon. Specialty contacts. Military and senior discounts.",yellowpages
"Kevin Dr., Martin Optometrist",Dr. Kevin Martin,Optometrist (OD),,,,+17079383937,http://www.sonomaoptometrycenter.com,"Napa, CA",4,"Sonoma Optometry Center with Dr. Kevin and Dr. Laura Martin. Optical and sunglass boutique: Ray-Ban, Oakley, Maui Jim, Prada. Packages from $129. 2024 People's Choice best eyeglass store.",yellowpages
Eye Care of Southwest Florida,Dr. Jill Sagona,Optometrist (OD),,,,+12396316451,http://www.eyecareofswfl.com,"Naples, FL",4,"Naples optometry, Dr. Sagona (Nova Southeastern OD 2003). Curated designer frame brands page, payment and insurance page, pediatric and specialty contacts, emergency visits.",yellowpages
Uber Eyes Optometry,Dr. Xiao Xiao,Optometrist (OD),,,,+16503213382,http://www.ubereyes.com,"Palo Alto, CA",4,"Midtown Palo Alto since 2009, solo OD (UC Berkeley). Carries collections only from independent vendors. Google Glass preferred provider. No insurance/FSA mention.",yellowpages
Kurtbay Optometry,Dr. Yunus C. Kurtbay,Owner & Optometrist (OD),,,,+14157595448,http://www.drkurtbayoptometry.com,"San Francisco, CA",4,"Family practice in SF; son Dr. Timur Kurtbay OD also practices. Frame stylists, featured brands, designer French frames, Payment & Insurance page. Turkish spoken. Online shop not mentioned.",yellowpages
Family Eyecare Of Scottsdale,Dr. Armanae Mancha,Owner & Optometrist (OD),,,,+14804193900,http://www.visionsource-familyeyecarescottsdale.com,"Scottsdale, AZ",4,"Family Eyecare of Scottsdale since 1975 (Vision Source site); Dr. Mancha acquired it in 2020; 3 ODs; Lenses and Frames, Brands We Offer; dry eye IPL. No insurance/FSA text.",yellowpages
Ballard Optical,Dr. Harshani Amaraweera,Lead Optometrist (OD),,,,+12067842090,http://www.ballardoptical.com,"Seattle, WA",4,"Ballard Optical, Market St Seattle, founded late 1970s, 40+ years. Accepts most vision and medical plans, glasses and contacts. Dr. Amaraweera heads the team (ownership not stated).",yellowpages
Globe Optical,Dr. Man-Yin Lau,Optometrist (OD),,,,+12066227002,http://www.globeoptical.qwestoffice.net,"Seattle, WA",4,"Downtown Seattle: hundreds of frames, sunglasses, kids and sport/safety goggles; VSP preferred provider plus Regence, Premera, Aetna, Medicare, Medicaid; discounts for non-insured.",yellowpages
"Adachi, Peter K OD",Dr. Peter K Adachi,Owner & Optometrist (OD),,,,+12066222993,http://dradachi.com,"Seattle, WA",4,"Downtown Seattle optometry, 20+ yrs; Seattle native, UW grad; Frame Brands and Lenses and Frames pages; Insurance Information page; contact lens care.",yellowpages
Main Street Optics,Dr. Robert Ruggiero,Co-Founder & Optometrist (OD),,,,+16312877898,https://www.mainstreetoptics.com,"Southampton, NY",4,"Founded 2004 by Dr. Ruggiero and optician Kevin Palmer; Barton Perreira, Oliver Peoples, Retrospecs vintage, Lindberg, Tom Davies bespoke. Southampton NY. Email obfuscated.",yellowpages
East Hampton Optical,Mark Roeloffs,Co-founder & Optician (FNAO),,,,+16313292020,http://www.easthamptonoptical.com,"Southampton, NY",4,"Roeloffs' East Hampton Optical, family owned, roots to 1926; practice co-founded 1989 by Mark and Dr. Kurt Roeloffs, led by Mark 20+ years. Dr. Adriana Sviedrys OD. Glasses, contacts.",yellowpages
Austin Vision Center,,,,,,+15124772282,http://austinvisioncenter.com,"Austin, TX",4,"Locally owned since 1987; huge selection of fine eyewear from Europe, Japan and US; sunglasses and frames; LASIK co-management. Owner not named.",yellowpages
Eyewear & Eyecare,,,,,,+15127662020,https://www.fineeyewear.net,"Austin, TX",4,"Fine Eyewear & Eye Care, boutique optical in downtown Austin and Cedar Park (2 locations). One of largest unique eyeglass selections in metro, Rx and polarized sunglasses. Dr. Minnick OD.",yellowpages
Jansen Optical - William Cannon Drive,,,,,,+15124418924,https://www.jansenoptical.com,"Austin, TX",4,"Jansen Optical, Austin, 2 locations (William Cannon Dr, Congress). Designer frames, contacts, insurance page, family eye care. 4 ODs listed; owner unnamed.",yellowpages
Innovative Eyecare,,,,,,+15123280015,https://www.innovativeeyecare.com,"Austin, TX",4,"West Oak Hill Austin: site banner 'Use your vision benefits before Dec 31, FSA/HSA' with countdown; designer frames, sunglasses; VSP, EyeMed, Davis, Spectera; online contact store.",yellowpages
Dartmouth Street Vision Center,,,,,,+16172668188,https://www.dartmouthvision.com,"Boston, MA",4,"Independent Boston eye care practice with frame dispensary: Ray-Ban, Original Penguin, Gucci, Vera Wang, Paradox, Paradigm. Online contact lens ordering, patient portal. No insurance mention.",yellowpages
Eversee Boutique Eyecare,,,,,https://www.linkedin.com/company/eversee-boutique-eyecare,+18473869045,https://www.everseeeye.com/about.html,"Chicago, IL",4,"Family-owned boutique eyecare in Winnetka, opened fall 2022. Luxury and independent designer eyewear, neuro-optometry, sports vision. Insurances accepted page. Dr. Banner is an OD.",yellowpages
Optical Boutique,,,,,,+19722248016,http://opticalboutiquedesoto.com,"Dallas, TX",4,"Optical Boutique & EyeCare, DeSoto: optometry plus boutique with wide frame variety, contacts incl. hybrid and GP, keratoconus. Insurance page. Walk-ins welcome, select Saturdays.",yellowpages
Goo Goo Eyes,,,,,,+12142655955,https://googooeyes.com,"Dallas, TX",4,"Goo Goo Eyes, University Park Dallas since 2005. Luxury Rx and sunglasses: Chanel, Lindberg, Oliver Peoples, Tom Ford. Best Eyewear, Best of Dallas 2020. President unnamed. No insurance mention.",yellowpages
Dallas Youth Optical,,,,,,+12143612313,http://dallasyouthoptical.com,"Dallas, TX",4,"Children's eyewear specialist 75+ years, claims more kids frame options than any optical in Texas, kids safety frames. Owner is a Master Optician (unnamed; reviews mention Mr. Bill).",yellowpages
Occhiali,,,,,,+12143682777,http://www.occhialimodernoptics.com,"Dallas, TX",4,"Occhiali Modern Optics, Preston Center Dallas: curated luxury and handcrafted eyewear (Dita, Jacques Marie Mage, Movitra), designer sunglasses. No insurance/FSA mention.",yellowpages
Eye Elegance,,,,,,+17136224411,http://www.eyeelegance.com,"Houston, TX",4,"Luxury optical boutique, 2 Houston locations (Post Oak, Montrose). Cartier, Lindberg, Lindberg Precious, Tom Davies. Opticians on staff, sale promos. No owner or insurance mention.",yellowpages
Copperfield Vision,,,,,,+12815502020,http://www.copperfieldvision.com,"Houston, TX",4,"Family optometry on Hwy 6 N, Houston, with frame dispensary: Maui Jim, Ray Ban, Kate Spade, Vera Wang, Flexon, Nike and more. Promotions page. No owner named.",yellowpages
Alexander Daas Opticians,,,,,,+13234664396,https://alexanderdaas.com/la,"Los Angeles, CA",4,"Alexander Daas: luxury optical boutiques (multiple locations), Lindberg, Tom Ford, Chrome Hearts. Accepts VSP, EyeMed; FSA flex dollars page; online shop; eye exams. Owner not named.",yellowpages
Family Eye Associates Optometric Group,,,,,,+17074262020,http://www.familyeyeassociates.net,"Napa, CA",4,"Family Eye Associates, Solano County. VSP doctors; designer frames incl. Gucci, Prada, Oakley, Ray Ban, Kate Spade, Burberry. Insurance check page, promotions, LASIK. Owner unnamed.",yellowpages
Naples Optical Too,,,,,,+12393538794,http://www.naplesoptical.com,"Naples, FL",4,"Two Naples locations (Downtown and near the Vineyards). Authorized Oakley and Maui Jim dealer, Rx wrap sunglasses, high-end frames, independent ODs. Owner/licensed optician listed but name unclear.",yellowpages
Character Eyez,,,,,,+12397935367,http://www.charactereyez.com,"Naples, FL",4,"Naples since 2007. Designer, performance and vintage eyewear: ic! berlin, Silhouette, Tom Ford, Porsche Design, Maui Jim, Kaenon, Rudy Project. Licensed opticians, walk-in repairs. Mentions insurance.",yellowpages
Spectacles of Naples,,,,,,+12395669300,http://www.spectaclesofnaples.com,"Naples, FL",4,"Naples designer eyewear boutique: Maybach, Cartier, Theo; digital lenses; independent OD Dr. Lauren Walsh does exams. Has Shop page. Staff Rick and Fatima praised.",yellowpages
"Witten, Elaine M",,,,,,+12392617071,https://visionsource-drsderyandeads.com,"Naples, FL",4,"Drs. Dery, Eads, Barton & Witten, Naples, since 1971, Vision Source member. Frames page with featured brands, ortho-k, dry eye. Insurance accepted, maximize your benefits.",yellowpages
Surreal Eyewear Inc,,,,,,+12124140900,http://surrealeyewear.com,"New York, NY",4,"NYC eyewear boutique with unique and custom brands from around the world, called a museum of eyewear. Book frame selection with team or with Oleg. Lens specialist. No insurance mention.",yellowpages
Hmy Vision,,,,,,+12129824469,http://www.hmyvision.com,"New York, NY",4,"HMY Vision, NYC: 2 locations (Upper East Side, Gramercy Park), 12+ years; designer eyeglasses and sunglasses, free exam with glasses purchase, insurances page.",yellowpages
Los Altos Optometric Group,,,,,,+16509483700,http://www.losaltoseyes.com,"Palo Alto, CA",4,"OD practice in Los Altos with Optical Boutique and designer eyeglasses; Drs. Aaron Neufeld and Matthew Tran. Myopia control, specialty contacts, insurance page. Reviews praise frame selection.",yellowpages
Point Loma Optometry,,,,,,+16195239990,https://www.pointlomaoptometry.net,"San Diego, CA",4,"Point Loma Optometry at Liberty Station, San Diego; affordable and high-end designer frames; Zeiss i.Terminal; VSP provider; accepts HSA and Flex Spending.",yellowpages
Insight Optical Center,,,,,,+16192913937,http://insightoptical.com,"San Diego, CA",4,"Insight Optical Center: San Diego eyeglasses store since 1985. Over 1,000 frames, about 1 hour single vision glasses, Rx sunglasses, free adjustments, special Rx. Owner not named.",yellowpages
Dr Chinn's Vision Care,,,,,,+16192800664,https://www.drchinnsvisioncare.com,"San Diego, CA",4,"Dr. Chinn's Vision Care Optometry, San Diego: family practice with Stephen Chinn, OD and Jenn Chinn, OD. Designer eyewear brands, specialty contacts, dry eye treatment. Owner not stated.",yellowpages
Elan Optical,,,,,,+14156268301,https://www.elanoptical.com,"San Francisco, CA",4,"Independent SF optical since 1986; large designer frame and sunglass selection (Cartier, Dita), in-house lab, ABO-certified opticians, Essilor Visioffice. Has insurance info page.",yellowpages
Eyes In Disguise Optometry,,,,,,+14154745321,http://www.eyesindisguise.com,"San Francisco, CA",4,"Cow Hollow, SF optometry blending eye care with luxury handmade and bespoke eyewear; Maui Jim dealer. iProfiler and OCT exams. Insurance and Payments page. Dr. Michelle Blas mentioned. No online shop seen.",yellowpages
Sassy Glasses Optical Boutique,,,,,,+16025220564,http://www.sassyglasses.com,"Scottsdale, AZ",4,"Family owned and operated Scottsdale optical boutique; 1,000+ curated frames ('art for your face'); has Brands and Store pages. No owner name or insurance info.",yellowpages
Visions Optique,,,,,,+14805152727,http://www.visionsoptique.com,"Scottsdale, AZ",4,"Locally owned in North Scottsdale since 2007, 800+ frames, 19+ brands (Gucci, Tom Ford, Oliver Peoples), on-site lab, VSP/EyeMed, Dec 31 FSA/HSA promo. Dr. Matt Campouris OD.",yellowpages
AZ Eye Health,,,,,,+14805850001,http://azeyehealth.com,"Scottsdale, AZ",4,"AZ Eye Health, Scottsdale since 2004. Optometry with frames and lenses, Brands & Insurances page, dry eye treatment, contact lens exams. No owner named.",yellowpages
"Bluff, John, OD",,,,,,+12063243937,http://houreyesseattle.com,"Seattle, WA",4,"Hour Eyes Optical, Capitol Hill, Seattle. Designer frames, brands page, insurance accepted, pediatric exams, myopia management, online contact lens ordering. Dr. Sylvie Pham and Dr. John J. Bluff.",yellowpages
Southfork Optical Center,,,,,,+16317281525,https://www.southforkoptical.com,"Southampton, NY",4,"Southfork Optical Center, Hampton Bays, since 1983. Optical boutique with large selection of designer frames and sunglasses, plus eye exams and contacts. No owner named.",yellowpages
Manorville Eye Care Center,,,,,,+16319093774,https://www.manorvilleeyecarecenter.com,"Southampton, NY",4,"Locally owned Manorville eye care center, 30+ years; designer eyewear (Ray-Ban, Oliver Peoples) and sunglasses, hard-to-fit contacts, insurance page, self-pay discounts.",yellowpages
Legacy Optical,,,,https://www.linkedin.com/in/alyssa-flanagan,,+16317283132,https://www.legacyoptical.com,"Southampton, NY",4,"Hampton Bays family-run optical and optometry. Frames, sunglasses, prescription sunglasses, contacts, dry eye, glaucoma care. Insurance and payments page.",yellowpages
Today's Vision Gateway,Dr. Mark Chavana,Optometrist (OD),gateway@todaysvision.com,,,+15123492020,https://www.todaysvisiongateway.com,"Austin, TX",3,"Today's Vision Gateway on Research Blvd, Austin; email domain suggests Today's Vision network. European and American designer frames. Accepts VSP, EyeMed, Superior, Spectera, CareCredit.",yellowpages
Elio's Optical Vision Center,Ariel Croitorescu,CEO,miami@eliosoptical.com,,,+13056494011,https://eliosoptical.com,"Miami, FL",3,"Elio's Optical: 50 yrs, 3 locations (Miami, Deerfield, Doral), eyeglass frame manufacturer, exclusive luxury brands; roots in Venezuela's Optica Caroni chain.",yellowpages
Huey & Hsiao Optometric Corp,Dr. Larry Huey,Co-owner & Optometrist (OD),travisod@aol.com,,,+17074379600,http://travisfamilyoptometry.com,"Napa, CA",3,"Travis Family Optometry, Fairfield CA (Huey & Hsiao Optometric Corp, with Dr. Chih-Don Hsiao); glasses, sunglasses, protective eyewear, contacts. No insurance mention.",yellowpages
Weil Eye Care Medical Center Inc,Dr. Leslie Weil,Founder & Ophthalmologist (MD),receptionist@weileyecare.com,,,+16506542133,http://www.weileyecare.com,"Palo Alto, CA",3,"Ophthalmologist-founded practice in San Carlos since 2003; optical boutique with designer frames, plus cataract, Botox and fillers. Accepts PPO, some HMO, Medicare.",yellowpages
Woodside Optometry,Dr. Liat Solomovici,Owner & Optometrist (OD),woodsideopt@gmail.com,,,+16503656102,http://woodsideoptometry.com,"Palo Alto, CA",3,"Woodside Optometry, Redwood City; UC Berkeley-trained OD. Accepts VSP and EyeMed. Has promotions page. Thin info on frames. 1 location.",yellowpages
Clairemont Optometry,Dr. Bruce Nguyen,Lead Optometrist (OD),orthok@myopiatreatment.com,http://linkedin.com/in/dr-bruce-nguyen-bba8672a,,+18582796500,https://myopiatreatment.com,"San Diego, CA",3,"Clairemont Optometry, San Diego. Specialty contact lens practice: myopia management, Ortho-K, dry eye, keratoconus. Reviews mention wide frame range and major insurance accepted.",yellowpages
Retrospecs & Co,Jay,Founder,sf@retrospecs.com,,,+14154369655,http://www.retrospecs.com,"San Francisco, CA",3,"Restored antique eyewear (1890s-1980s) and Cuthbert & Chen collection (titanium, buffalo horn), founded by Jay and Marya. 46 craftsmen, sells via dealerships. No insurance/FSA mention.",yellowpages
Optimum Vision and Eye Care,Dr. Manisha B. Geiger,Optometrist (OD),office@optimumvisionaz.com,,,+14805888858,http://optimumvisionaz.com,"Scottsdale, AZ",3,"Scottsdale optometry focused on neuro-optometry, vision therapy, pediatrics, sports vision; OD since 1996. Eyeglasses for adults and kids. Insurance info page.",yellowpages
Optical Shop of Aspen,,,,,,+19704524081,https://www.oliverpeoples.com/usa/boutiques?y_source=1_MTg1NjA3OTYtNTUzLWxvY2F0aW9uLndlYnNpdGU%3D,"Aspen, CO",3,"Website link points to Oliver Peoples boutique locator, suggesting an Aspen stockist. No own site content; emails listed belong to Oliver Peoples stores.",yellowpages
Best Eyes Optical,,,besteyesoptical@gmail.com,,,+14048554388,http://besteyesopticalatlanta.com,"Atlanta, GA",3,"Best Eyes Optical in Plaza Fiesta, Atlanta. Bilingual English/Spanish site. Thin info: services, products, appointments.",yellowpages
Harvard Square Eye Care,,,office@hseyecare.com,,,+16173543600,http://harvardsquareeyecare.com,"Boston, MA",3,"Harvard Square Eye Care: OD practice with curated designer frames, offices in Cambridge, N. Cambridge, Davis Sq, Martha's Vineyard. Myopia control, dry eye. Owner unnamed.",yellowpages
Image Eyewear,,,,,,+12145216763,https://imageeyeweardallas.com,"Dallas, TX",3,"Image Eyewear Dallas: independent eyewear shop focused on unique, stand-out frames; full Rx lenses. Online shop yes. Two phone numbers. No owner or insurance info.",yellowpages
Insight Optical,,,insightopt@gmail.com,,,+17135245354,http://www.insightopticalhouston.com,"Houston, TX",3,"Houston optical with kids' and adults' frames, ophthalmologist referrals, long-time loyal customers, adjustments. Owner listed but unnamed. No insurance mention.",yellowpages
Hollywood Spectacles Optical,,,,,,+18184847905,https://hollywoodspectaclesoptical.com,"Los Angeles, CA",3,"Hollywood Spectacles Optical, LA neighborhood optical shop. Frames for men, women, teens, kids; single vision and multifocal lenses; exams by independent OD. No brands or insurance listed.",yellowpages
Lopez Optical,,,info@lopezoptical.com,,,+13052851010,http://www.lopezoptical.com,"Miami, FL",3,"Miami optical with eye exams, prescription lenses, contacts, frame collections. Reviews cite 20+ years of family patronage. No brand or insurance details.",yellowpages
Plaza Optical Center,,,plazaoptical225@gmail.com,,,+17183844700,https://plazaopticalcenter.com,"New York, NY",3,"Plaza Optical Center (718 number). Eyewear, contact lenses, exams; accepts union plans, Medicaid and private insurance; ZocDoc booking; 10% off online bookings.",yellowpages
Oculus 20/20,,,oculus2020@aol.com,,,+17185546230,http://www.oculus2020.com,"New York, NY",3,"Oculus 20/20, NYC: appointment-only optometry with frame collections, myopia management, iCare EIDON imaging. Thin site; owner not named.",yellowpages
Optical Underground,,,info@opticalunderground.com,,,+14159825106,http://opticalundergroundsf.com,"San Francisco, CA",3,"Hayes Valley, SF shop selling past-season eyewear from creative brands, authentically sourced and discreetly priced. New site launching soon. Thin info.",yellowpages
Veo Optics,,,mission@veooptics.com,,,+14158612020,http://www.veooptics.com/locations-1,"San Francisco, CA",3,"Designer eyewear in San Francisco and LA; emails for Mission, Marina, Petaluma (multiple locations). Styling, eye exams, Jamestown Eyewear, dedicated FSA & HSA page.",yellowpages
"Ruggeiro, Cynthia P, OD",,,uv@marketoptical.com,,,+12064487739,http://marketoptical.com,"Seattle, WA",3,"Independently owned luxury boutique from Pike Place Market; 4 boutiques (Pike Place, Bellevue, U Village, Meridian ID); independent handcrafted designers; in-house lab 20+ yrs; Zeiss, Shamir.",yellowpages
Eye 1st Vision Center,Dr. George Shida,Lead Optometrist (OD),,https://www.linkedin.com/in/george-shida-86ab1633,,+14042521702,http://eye1stvision.com,"Atlanta, GA",3,"Eye 1st Vision Center, Sandy Springs GA. Dr. Shida practicing since 1981; 2 optometrists. Frame selection, sunglasses, family/medical eye care, LASIK co-management. Ownership not stated.",yellowpages
Dietlein Optical Boutique,Dr. Jon Dietlein,Principal & Ophthalmologist,,,,+15129303002,http://www.dietleinlabbeeyecenter.com,"Austin, TX",3,"Dietlein & Labbe Eye Associates, Georgetown TX: ophthalmology (cataract, glaucoma); Dr. Dietlein back since 1994, Dr. Labbe joined 2013. Has ABOC optician manager. Optical boutique per listing.",yellowpages
Yee Fern OD,Dr. Fern Yee,Optometrist (OD),,,,+15122549409,http://eyesonburnet.com,"Austin, TX",3,"Eyes of Texas Vision Care, Austin. Family eye care and vision therapy. Frames, sunglasses, large TC Charton Asian fit selection. No insurance or online shop mention.",yellowpages
Dr. Peter Broberg,Dr. Peter Broberg,Owner & Ophthalmologist,,,,+15124476096,http://www.brobergeyecare.com,"Austin, TX",3,"Broberg Eye Care, Austin ophthalmology, 30 years; Dr. Broberg is a cataract surgeon. Optical shop 4207 Optical since 1978 with 1,000+ designer frames. Order contacts online.",yellowpages
Richlin Eye,Dr. Steven Richlin,Founder & Optometrist (OD),,,,+13102765333,https://www.richlineye.com,"Beverly Hills, CA",3,"Richlin Eye, Beverly Hills, since 1983. Family practice (Drs. Steven, Bradley, Peyton Glass Richlin) plus 3 other ODs. Specialty and scleral contacts, eyewear section. No insurance/FSA mention.",yellowpages
Mitchell Refractive Surgery & Eye Center,Dr. Alan L. Mitchell,"Ophthalmologist, practice namesake",,,,+15614512660,https://www.dralanmitchell.com/?y_source=1_MjM2MTcxOTgtNTUzLWxvY2F0aW9uLndlYnNpdGU%3D,"Boca Raton, FL",3,LASIK and ophthalmology practice in Boca Raton with on-site boutique The Optique carrying sunglass and eyeglass brands. Insurance & Payment page. Anna Walker OD on staff.,yellowpages
Premier Eye Care Of Florida,Dr. Steve T. Bussa,"President & CEO, Optometrist (OD)",,,,+15612180899,http://www.premiereyedoctor.com,"Boca Raton, FL",3,"Premier Eye Center, 3 offices (Plantation, Boca, West Palm). Bussa bought practice 2010, co-formed group 2013 with Dr. Alexandra Kehoe (VP). High-end frames, handcrafted frames, insurance page.",yellowpages
"Frank, Curtis",Dr. Curtis Frank,Principal Optometrist (OD),,,,+16172611820,http://www.doctorcurtisfrank.com,"Boston, MA",3,"Vision and Ortho-K Center, Boston; specialty contact lenses and ortho-K focus; ophthalmic frames and lenses; NECO adjunct faculty. No insurance text.",yellowpages
Turtle Creek Eye,Dr. Rebecca L. Ponder,Optometrist (OD),,,,+12145284050,http://www.turtlecreekeye.org,"Dallas, TX",3,"Turtle Creek Eye Associates, Dallas. Small practice; Dr. Ponder is the only doctor named (ownership not stated). Saturday by appointment. Thin site, no frames/insurance detail.",yellowpages
"Cummings, Randall, OD",Dr. Tanya Mahaphon,Optometrist (OD),,,,+17072537111,http://eyespyvision.com,"Napa, CA",3,"Eye Spy Vision Care Optometry, Napa; glasses, frames, sunglasses, specialty contacts, monthly patient newsletter. Thin info, no insurance mention.",yellowpages
Advanced Eye Care & Aesthetic Center,Dr. Alina Stanciu,Owner & Ophthalmologist (MD),,,,+12394516933,http://www.stanciueyecare.com,"Naples, FL",3,"Ophthalmology practice, Naples and Bonita Springs. Dr. Stanciu board certified, 20+ years. Full service optical shop for eyeglasses and sunglasses. $150 exam for uninsured.",yellowpages
Eye On Vision Optometry,Dr. Keri Owyang Chapman,Owner & Optometrist (OD),,,,+16503260590,http://www.eyedocowyang.com,"Palo Alto, CA",3,"Family optometry in downtown Palo Alto, over 25 years. Online booking, Specials page, after-hours year-end slots. No frame brands, insurance or online shop mentioned.",yellowpages
Pacific Eye Care Optometry,Dr. Matthew Tran,Optometrist / Owner (OD),,,,+16509683937,https://www.pacificeyecareoptometry.com,"Palo Alto, CA",3,"2 locations (Mountain View, Los Altos) with optical boutique, designer eyeglasses, contact lenses, pediatric OD on staff. 5 ODs. No insurance/FSA mention in text.",yellowpages
Rey Pautin,Rey Pautin,Owner/Optician,,,,+16502577428,http://www.spectekeyewear.com,"Palo Alto, CA",3,"SpecTek Eyewear, since 2000; eyewear repair and sales, mail-in repairs, custom lenses for any frame. By appointment. Owner name from listing. No insurance/FSA mention.",yellowpages
Uptown Optometry,Dr. Gordon Wong,Owner & Optometrist (OD),,,,+16195980817,https://www.uptownoptometrysd.com,"San Diego, CA",3,"Uptown Optometry, 100-year-old building; led 40+ years by Dr. Steve Larsen, now Dr. Wong (practicing since 1991, new ownership). Also GW Eye Associates La Jolla, Del Mar. Wink Optometry & Eyewear.",yellowpages
Randall Go OD,Dr. Randall Go,Owner & Optometrist (OD),,,,+14156482129,http://www.drrandallgo.com,"San Francisco, CA",3,"Solo OD practice in San Francisco offering eye care services. Very thin site; no frame brands, insurance, or online shop mentioned.",yellowpages
Eye Pieces of Snowmass,,,,,,+19709232020,https://eyepieces.com/contact-us,"Aspen, CO",3,"Eye Pieces, Vail valley optical boutique nearly 40 yrs, 8 Colorado locations. Cartier, Chrome Hearts, Jacques Marie Mage, Mykita, Maui Jim, sports/goggles. Eye exams, vision insurance benefits page.",yellowpages
Eye Pieces of Snowmass Village,,,,,,+19704294673,http://yellowpages.com/aspen-co/mip/optical-options-4522257,"Aspen, CO",3,"YellowPages listing only (slug: Optical Options); no site content to confirm brands, insurance or owner.",yellowpages
Aspen Valley Eye Care,,,,,,+19702369252,http://www.aspeneyecare.com,"Aspen, CO",3,"Aspen Valley Eye Care: nearly 30 years in Roaring Fork Valley, locations in Aspen and Basalt. Dr. D'aun Hajdu and Dr. Jennifer Windler. Exams, specialty contacts, eyeglasses. Owner not stated.",yellowpages
The Eye Smith,,,,,,+19704142173,http://www.theeyesmith.com,"Aspen, CO",3,"The Eye Smith, family optometry in Rifle, CO; frame dispensary with affordable and high-end frames (Nike, Coach). Thin info, no insurance mention.",yellowpages
Eye Care Lawn,,,,,,+14042521870,http://yellowpages.com/atlanta-ga/mip/american-optical-services-506533597,"Atlanta, GA",3,Website is only a YellowPages listing (American Optical Services URL); no business content available. Thin info.,yellowpages
Eyes of Texas Optical Salon,,,,,,+15124584131,http://yellowpages.com/austin-tx/mip/emmetropia-481389565,"Austin, TX",3,Website is only a YellowPages listing (Emmetropia URL); no business content available. Name suggests an Austin optical salon. Thin info.,yellowpages
Belterra Eyecare,,,,,,+15123018664,http://belterraeyecare.com,"Austin, TX",3,"Austin family and medical optometry: Optos imaging, specialty contacts, laser surgery co-management, frames and lenses page, online contact lens orders.",yellowpages
Carson Vision,,,,,,+13105322622,https://www.carsonvision.com,"Beverly Hills, CA",3,"Optometry practice in Carson, CA. Eye exams, contact lens exams, frames. Has insurance page; review mentions insurance coverage and LASIK co-management. Owner not named. No online shop seen.",yellowpages
Vision And Style,,,,,,+13104757254,http://yellowpages.com/los-angeles-ca/mip/vision-and-style-516681067,"Beverly Hills, CA",3,"Name suggests optical shop. YellowPages listing only, no business site content captured.",yellowpages
Rainbow World Optical Supply,,,,,,+15617174843,http://yellowpages.com/boca-raton-fl/mip/rainbow-world-optical-supply-542837502,"Boca Raton, FL",3,"Rainbow World Optical Supply, Boca Raton. Only a YellowPages listing, no site content; details unverified.",yellowpages
Eye Site Vision Center,,,,,,+15614791411,http://www.eyesitevision.com,"Boca Raton, FL",3,"Eyesite Vision Center in Royal University Plaza, Coral Springs. Eye exams and contact lenses; insurance page. Dr. Steven Adrien listed. Thin info on frames; owner not stated.",yellowpages
Yosemite Eyewear,,,,,,+16174316944,http://yellowpages.com/boston-ma/mip/yosemite-eyewear-551765769,"Boston, MA",3,"Only a YellowPages listing for Yosemite Eyewear, Boston; no site content. Unverified.",yellowpages
Malden Eyecare Clinic,,,,,,+16174261726,http://www.maldeneyecare.net,"Boston, MA",3,"Optometry clinic with Newton and Boston locations; Dr. Zhu. Specializes in Ortho-K, CRT, Wave lenses; also fashion eyewear and contacts. Chinese-language content. Online booking.",yellowpages
Spectacle,,,,,,+16175429600,https://spectacle-eyeware.com,"Boston, MA",3,"Spectacle Eyewear, Boston: eyewear shop with photo gallery and email list. Very thin site; no owner, brands, or insurance info.",yellowpages
North Shore Optical,,,,,,+17737643873,http://yellowpages.com/chicago-il/mip/north-shore-optical-md-3599993,"Chicago, IL",3,"Only a YellowPages listing (North Shore Optical, Chicago); no own website text.",yellowpages
Perez Eye Care,,,,,,+13123320921,http://www.perezeyecare.com,"Chicago, IL",3,"Independent eye care with Locations page (possibly multiple). Own Loop and Pilsen frame lines, prescription sunglasses, swim and sports goggles, CareCredit, iWellness exam.",yellowpages
Eyes of Texas Optical Boutique,,,,,,+19727729800,http://yellowpages.com/rockwall-tx/mip/rockwall-precision-eyecare-4018080,"Dallas, TX",3,Only a YellowPages listing (URL references Rockwall Precision Eyecare); no site content. Name suggests optical boutique. Unverified.,yellowpages
Peeper's,,,,,,+12145220352,http://www.hpvillage.com,"Dallas, TX",3,"Listed site is Highland Park Village shopping center directory, not the store's own site; no eyewear detail in text.",yellowpages
Good Vision Optical,,,,,,+12147422020,https://eyedoctor.io/optician/good-vision-optical-dallas-tx,"Dallas, TX",3,"Directory page (eyedoctor.io) for this listing shows Catherine M Vicci OD PA, 1050 N Westmoreland Rd, Dallas. Unclear link to Good Vision Optical. Thin info.",yellowpages
Trapp Optical,,,,,,+12035521072,http://trappoptical.com,"Greenwich, CT",3,"Trapp Opticians, founded 1945, 3 locations (Bronxville, Rye, Greenwich). Optometrists and opticians, eyeglasses and sunglasses, repairs. No insurance/FSA mention in text.",yellowpages
Stamford Vision Care,,,,,,+12033271511,http://www.stamfordvisioncare.com,"Greenwich, CT",3,"Stamford Vision Care: Dr. Jesse Chin, OD and Dr. Hemanshu Khanna, OD; frames and lenses, many glasses ready in one hour; Optomap imaging. Owner not stated.",yellowpages
Norwalk Eye Care,,,,,,+12038531010,http://www.norwalkeyecare.com,"Greenwich, CT",3,"Norwalk Eye Care, 40+ years in Fairfield County. 5 doctors (Feder family listed first), well appointed optical, specialty contacts, dry eye/IPL. Review calls office a high end boutique.",yellowpages
My Eye Shoppe,,,,,,+12039391880,https://www.myeyeshoppe.com,"Greenwich, CT",3,"Best Little Optical Shop, independent optician now open in Norwalk (71 East Ave). Not tied to insurance plans, wide lens sourcing, sun/sports/safety eyewear, by appointment. Community eyewear mission.",yellowpages
Eye Impact,,,,,,+18323197732,http://www.eyeimpacthouston.com,"Houston, TX",3,Houston site with hours (Tue-Sat) and Book Appointment; other pages are unedited template text. Very thin info.,yellowpages
20/20 Supreme Eyecare,,,,,,+12814058114,http://yellowpages.com/houston-tx/mip/20-20-supreme-eyecare-11013940,"Houston, TX",3,"YellowPages listing only; no site content to confirm brands, insurance or owner.",yellowpages
Eye Love Optical,,,,,,+12133830383,http://eye-love-optical.hub.biz,"Los Angeles, CA",3,"Directory listing only: optical goods store at 4281 W 3rd St, Mid Wilshire LA. Fashion eyewear, Rx sunglasses, athletic eyewear, exams, contacts. No own site content.",yellowpages
2020 Central Vision Care,,,,,,+12137490800,http://yellowpages.com/los-angeles-ca/mip/2020-central-vision-care-500725967,"Los Angeles, CA",3,"YellowPages stub only (Los Angeles); no site content. Vision care name, details unverified.",yellowpages
C 6 Eyewear International,,,,,,+13052272666,http://yellowpages.com/miami-fl/mip/c-6-eyewear-international-465543734,"Miami, FL",3,Website is only a YellowPages listing; no business content available. Name suggests a Miami eyewear business. Thin info.,yellowpages
Avantvision Optical,,,,,,+17864528544,https://avantvisionoptical.com/contact,"Miami, FL",3,"Avantvision Optical, 767 NW 37th Ave, Miami; primary eyecare exams and a complete selection of eyewear. Thin site info.",yellowpages
Napa Valley Optometric Group,,,,,,+17072525380,http://www.napavalleyoptometric.com,"Napa, CA",3,"Napa Valley Optometric Group: 4 ODs (Drs. Herbert, Glasgow, Hadjiyianni, Chun). Featured brands, insurance accepted, exams and contacts. Owner unnamed.",yellowpages
Redwood Eye Center,,,,,,+17075538222,http://www.redwoodeyecenter.com,"Napa, CA",3,"Redwood Eye Center, Napa: ophthalmology, optometry and aesthetics under one roof; pediatric exams, insurance page. Reviews cite wide frame selection, glasses repair. Dr. Anthony Agadzi.",yellowpages
Willoughs Vision Center,,,,,,+12397320695,http://yellowpages.com/naples-fl/mip/willoughs-vision-center-470122386,"Naples, FL",3,"YellowPages stub only; no site content. Optical-sounding name, details unverified.",yellowpages
Whetstone Eye Care,,,,,,+12399084098,https://www.whetstoneeyecare.com/contact-us,"Naples, FL",3,"OD practice in Naples (Poinciana Professional Park). Scleral and specialty contacts, insurance page, doctor referrals. Frames not mentioned.",yellowpages
Eyeglasses Fort Myers,,,,,,+12396764728,http://www.opticianfl.com,"Naples, FL",3,"Florida Optical Services, Fort Myers: licensed opticians, digital refraction eye exams, custom contacts, one-on-one frame selection. Owner and insurance not stated.",yellowpages
88 Optical Hester Inc,,,,,,+12123431947,http://yellowpages.com/new-york-ny/mip/88-optical-hester-inc-6379026,"New York, NY",3,"Optical shop on Hester St, NYC. YellowPages listing only, no business site content captured.",yellowpages
Eye to Eye Vision Center Inc,,,,,,+12123491313,http://www.eyetoeyevisioncenters.com,"New York, NY",3,"Eye to Eye Vision Centers, New York: OD exams, specialty and hard-to-fit contacts, eyewear and sunglasses at affordable prices. Most insurances accepted. Multiple locations implied.",yellowpages
Avantek Eyewear,,,,,,+16502338700,https://avantekeyewear.com/contact,"Palo Alto, CA",3,"Avantek Eyewear, Half Moon Bay CA. Site has virtual try-on iStore, history, technology, team pages. Very thin text.",yellowpages
California Ave Optometry & Contact Lens Clinic,,,,,,+16506172020,https://www.californiaavenueoptometry.com/location.html,"Palo Alto, CA",3,"Palo Alto optometry and contact lens clinic with a Designer Showroom page. Thin site info; no owner, insurance or FSA details found.",yellowpages
Focus Optical,,,,,,+16509172318,https://focusoptical.wordpress.com/mountain-view,"Palo Alto, CA",3,"Focus Optical, 'taking care of your eyes since 2003'; stores in Mountain View and Richmond. Has Products and Specials pages. Thin info.",yellowpages
Zoom Vision Care Optometric,,,,,,+16509642020,http://www.zoomvisioncare.com,"Palo Alto, CA",3,"Family optometry, appears to have 2 locations (408 and 510 numbers). Full selection of eyeglasses and contact lenses, retinal camera, ships annual contact lens orders. No owner named.",yellowpages
Mountain View Optometry & Contact Lens Clinic,,,,,,+16509676649,https://www.mvo.com,"Palo Alto, CA",3,"Family optometry in downtown Mountain View on Castro St, 20+ year patients. Curated frame collection from leading brands downstairs. Insurance page. Doctors named: Dr. Gilson, Dr. Majmundar. Owner not stated.",yellowpages
Eye Lite Optometry,,,,,,+16509486910,http://www.eyeliteoptometry.net,"Palo Alto, CA",3,"Eye Lite Optometry, Inc., 286 State Street, Los Altos. Very thin site text.",yellowpages
All Eyes On You Optometry,,,,,,+16505921820,http://www.alleyesonyouoptometry.com,"Palo Alto, CA",3,"San Carlos family optometry with on-site optical department carrying popular brands, vision therapy, online contact lens ordering. VSP provider. By appointment.",yellowpages
Carmel Mountain Vision Care Optometry,,,,,,+18584841500,https://www.carmelmountainvisioncare.com,"San Diego, CA",3,"Carmel Mountain Vision Care, San Diego. Drs. Earl Sandler and Connie Tan. Eyeglasses from top brands, Rx sunwear, Neurolens, myopia/CRT. Insurance page. Frame dispensing note truncated.",yellowpages
T L C Optical Company,,,,,,+14153979718,http://yellowpages.com/san-francisco-ca/mip/rims-goggles-7326155,"San Francisco, CA",3,"Optical company listing; YP URL references Rims & Goggles, name mismatch. YellowPages listing only, no business site content captured.",yellowpages
Lumiere Optique,,,,,,+14806991885,http://yellowpages.com/scottsdale-az/mip/i2i-optique-503034372,"Scottsdale, AZ",3,"Name suggests optical boutique; YP URL references i2i Optique. YellowPages listing only, no business site content captured.",yellowpages
Optical Expressions - Hilton Village,,,,,,+14809981606,https://www.opticalexpressionsaz.com,"Scottsdale, AZ",3,"Optical Expressions, 60+ years, 3 offices (Willo, Hilton Village, Biltmore). Designer eyeglasses, sunglasses, LASIK evals. Accepts VSP, EyeMed, HSA and FSA. No owner named.",yellowpages
Precision Eyecare,,,,,,+14808743937,http://precisioneyecareatgrayhawk.com,"Scottsdale, AZ",3,"Precision Eyecare at Grayhawk, Scottsdale. Placeholder homepage only; no details on frames, insurance or owner.",yellowpages
University Vision Clinic,,,,,,+12066332000,http://universityvision.com,"Seattle, WA",3,"University Vision Clinic, Seattle U District since 1958; hard-to-fit and keratoconus contacts, optician hand-selects frames, most vision insurance accepted incl UW plans.",yellowpages
Argus Optical Inc,,,,,,+12062858088,http://yellowpages.com/seattle-wa/mip/paris-miki-5174383,"Seattle, WA",3,"Optical listing; YP URL references Paris Miki, name mismatch. YellowPages listing only, no business site content captured.",yellowpages
Optical Solutions,,,,,https://www.linkedin.com/company/puget-sound-eye-care,+12065265060,http://pugetsoundeyecare.com,"Seattle, WA",3,"Puget Sound Eye Care: 2 offices (Seattle, Bellevue), 5 ODs; glasses and frames, pediatric and strabismus, ortho-k, myopia control, insurance page.",yellowpages
Optical Illusions Inc,,,,,,+12062921074,http://www.opticalillusions-usa.com,"Seattle, WA",3,Optical Illusions: designer eyewear shop with Seattle and Bellevue locations. Thin site content.,yellowpages
Sauer J Inc Optician,,,,,,+16317273274,http://jsaueropticians.com,"Southampton, NY",3,"J. Sauer, Inc. Opticians, Riverhead NY; Carolyn London, Optician named on site. Designer frames (Dior, Valentino, Givenchy), repairs, low vision, Medicare, senior discount.",yellowpages
Southold Opticians LTD,,,,,,+16317654344,http://yellowpages.com/southold-ny/mip/southold-opticians-ltd-458582211,"Southampton, NY",3,"YellowPages stub only (Southold NY); no site content. Optician business by name, details unverified.",yellowpages
Caster Eye Center,Dr. Andrew Caster,Lead LASIK Surgeon,info@castervision.com,,,+13102741221,http://www.castervision.com,"Beverly Hills, CA",2,"LASIK, PRK and SMILE surgery practice in Beverly Hills. Hollywood Reporter Top Doctor, TV appearances. Sunglasses page exists but mainly surgical. No insurance/FSA mention.",yellowpages
Peter J Cornell Optical Inc,Dr. Peter J. Cornell,Owner & Refractive Surgeon (MD),frontoffice@bheyes.com,,https://www.linkedin.com/company/beverly-hills-eye-associates/,+13102749205,https://www.bheyes.com/contact-us,"Beverly Hills, CA",2,"Beverly Hills Eye Associates, 450 N Bedford Dr. Refractive and cataract surgery practice with 3 optometrists and contact lenses. No frame or insurance info in text.",yellowpages
Boxer Wachler Eye Institute,Dr. Brian Boxer Wachler,Principal (eye surgeon),info@boxerwachler.com,,,+14244537677,http://www.keratoconusinserts.com,"Beverly Hills, CA",2,Keratoconus specialty surgical practice in Beverly Hills (Holcomb C3-R cross-linking); Dr. Brian has a TEDx talk. No frames/optical retail mentioned.,yellowpages
West Boca Eye Center: Brent Bellotte MD,Dr. Brent Bellotte,Ophthalmologist (MD),info@westbocaeyecenter.com,https://www.linkedin.com/in/brent-bellotte-md-8443b525,,+15614881001,https://www.westbocaeyecenter.com,"Boca Raton, FL",2,"West Boca Eye Center, Boca Raton: cataract, glaucoma, retina and laser floater surgery led by Dr. Bellotte. Mostly medical; no frame retail mentioned.",yellowpages
Frantz EyeCare,Dr. Jonathan Frantz,"Lead Surgeon, practice namesake",appointments@bettervision.net,,https://www.linkedin.com/company/frantz-eyecare,+12394180999,https://www.bettervision.net,"Naples, FL",2,"Physician-led cataract and LASIK practice in Fort Myers and Naples, 35+ years, 75,000+ surgeries. Offers designer eyewear and contacts, Insurance Plans page. Mainly surgical.",yellowpages
"Twin Forks Optometry, PLLC",Dr. Jessica Licausi,"Co-owner & Optometrist (OD, FAAO)",contact@twinforksoptometry.com,,,+16317409384,http://www.twinforksoptometry.com,"Southampton, NY",2,"Twin Forks Optometry & Vision Therapy, Riverhead NY; co-led with Dr. Miki Lyn Zilnicki. Focus on vision therapy; podcast. No eyewear retail in text.",yellowpages
Briggs Vision Group,,,,,,+17703963460,http://www.briggsvisiongroup.com,"Atlanta, GA",2,"Listed website shows Accelerated Physical Therapy (Americus GA), unrelated to eye care. Verify the real site for Briggs Vision Group.",yellowpages
Ageless Eye Care,,,eyecare@agelesseyecare.com,,,+17739293341,http://www.agelesseyecare.com,"Chicago, IL",2,Mobile eye care office doing exams in non-traditional settings incl. school-based vision services. No retail frame shop mentioned.,yellowpages
Ready Reading Glasses Inc,,,customerservice@readingglasses.com,,,+12146316082,http://www.readingglasses.com,"Dallas, TX",2,"ReadingGlasses.com, established 1986: online retailer of readers and reading sunglasses; Tom Ford, Oliver Peoples, Maui Jim; free shipping and returns. Online only.",yellowpages
Stamford Eye Care Inc,,,info@stamfordcapitalllc.com,,,+12033577181,http://stamfordcapitalllc.com,"Greenwich, CT",2,"Listed website is Stamford Capital LLC, an unrelated M&A advisory firm; no eye care content. Verify the real site for Stamford Eye Care.",yellowpages
Tri Vision Co,,,,,,+12133840828,http://trivisioncompany.com,"Los Angeles, CA",2,Domain is parked at Hostinger; no business site. No details available.,yellowpages
Optical Center-Bascom Palmer,,,webmaster@miami.edu,,,+13053266092,https://welcome.miami.edu,"Miami, FL",2,Optical center of Bascom Palmer (University of Miami); site captured is the university homepage only. Academic/hospital system.,yellowpages
Glasse Etc Com,,,help@glassesetc.com,,,+12125354022,http://www.glassesetc.com,"New York, NY",2,"Glasses, Etc.: online retailer of new and preowned designer eyewear (Gucci, Oakley, Tiffany, Bulgari) for 20+ yrs; 702 phone. Online only, not a NYC storefront.",yellowpages
Pacific Vision Institute,,,info@pacificvision.org,https://www.linkedin.com/in/ella-faktorovich-m-d-7798b88,,+14159229500,https://www.pacificvision.org,"San Francisco, CA",2,"Pacific Vision Institute: LASIK/EVO ICL/cataract surgery center in SF; Dr. Ella Faktorovich featured (Castle Connolly Top Doctor 20 yrs). Surgical, no frame retail.",yellowpages
Assil Eye Institute,Dr. Kerry Assil,,,,https://www.linkedin.com/company/assil-eye-institute,+13106512300,http://www.assileye.com,"Beverly Hills, CA",2,"Assil Gaur Eye Institute: LASIK, ICL and cataract surgery, 8 doctors, multiple LA locations (Beverly Hills, Santa Monica). Celebrity patient stories. No frame retail mentioned.",yellowpages
Hecht Eye Institute,Dr. Matthew Hecht,"Ophthalmologist, practice namesake",,,,+13102733014,https://www.southbaylasereyecenter.com,"Beverly Hills, CA",2,"South Bay Laser Eye Center: LASIK, cataract and eyelid surgery plus skin tightening. Billing & Insurance page, orders contact lenses. Mostly surgical, no frame gallery mentioned.",yellowpages
Pacific Retina Specialists,Dr. David J. Parks,Founder & Retina Specialist,,,,+13102893666,https://www.socalretina.com/locations/beverly-hills-office,"Beverly Hills, CA",2,"Retina practice; Dr. Parks opened the Beverly Hills office in 1999. Offices in Beverly Hills, Lancaster, Guam. Medical retina care only, no eyewear retail.",yellowpages
Aker Kasten Eye Center,Dr. Alan Aker,Co-Founder & Ophthalmologist,,,,+15613387722,https://www.akerkasten.com/?y_source=1_MTY2ODY2MjgtNTUzLWxvY2F0aW9uLndlYnNpdGU%3D,"Boca Raton, FL",2,"Family-run ophthalmology practice founded by Dr. Alan Aker and Dr. Ann Kasten, in South Florida since mid-1980s. Cataract surgery, premium IOLs, EVO ICL. Boca Raton and Delray Beach.",yellowpages
Mind-Eye Institute,Dr. Deborah Zelinsky,Founder & Executive Director (OD),,,https://www.linkedin.com/company/mindeye,+18475012020,https://mindeye.com,"Chicago, IL",2,"Neuro-optometric rehabilitation institute, 30+ years, sensory processing care for ADHD, anxiety, etc. Patented methods, trains other ODs. Not a frame boutique.",yellowpages
"Spector Eye Care, Stamford - CLOSED",Dr. Scott Spector,"Lead Physician (MD), Ophthalmologist",,,,+12038539900,http://www.spectoreye.com/?y_source=1_OTA3ODA4Mi01NTMtbG9jYXRpb24ud2Vic2l0ZQ%3D%3D,"Greenwich, CT",2,"Stamford location listed CLOSED; practice in Norwalk/Westport. Ophthalmology (cataract surgery) plus ODs, contact lenses, insurance. Practice named for Dr. Spector.",yellowpages
Simon Eyes,Dr. Dave Simon,Principal Ophthalmologist (MD),,,,+17072565000,https://simoneyesmd.com,"Napa, CA",2,"Simon Eyes, Napa: Dr. Simon, board-certified ophthalmologist, 25+ yrs, 25,000+ procedures (cataract, LASIK, PRK). By appointment only. No optical retail.",yellowpages
All Saints Eye Center,Dr. Zimm,Founder (Ophthalmologist),,,,+12395925511,http://www.allsaintseyecenter.com,"Naples, FL",2,"All Saints Eye Center: 4 locations Naples/Fort Myers, 50+ employees; LASIK, retina, oculoplastic and dermatology; eye exams for the Minnesota Twins. Mainly medical.",yellowpages
"Eye Associates of Southwest Florida, MD, PA",Dr. Stephen E. Smith,"Ophthalmologist (MD), lead physician",,,,+12395937747,http://www.eyeassociatesonline.com,"Naples, FL",2,"Eye Associates of Fort Myers: ophthalmology practice, Dr. Smith 25+ years in glaucoma, cataract surgery and diabetic eye care. No optical retail info.",yellowpages
"Scottsdale Center For Sight, PLC",Dr. Paul Petelin,"Founder (Ophthalmologist, MD)",,,,+14804838882,http://eyemdaz.com,"Scottsdale, AZ",2,"Scottsdale Center for Sight, founded 2002; bladeless LASIK, cataract and retina care (Dr. Stanley Shorb). Accepts most insurance plans. Mainly surgical.",yellowpages
Shades of Crested Butte,,,,,,+19703492020,https://www.visitcrestedbutte.com,"Aspen, CO",2,"Listed site is the Visit Crested Butte tourism site, not the store's own site; no eyewear detail. Located in Crested Butte, not Aspen.",yellowpages
Emory Eye Center,,,,,https://www.linkedin.com/company/emory-healthcare,+14047782020,http://www.emoryhealthcare.org/centers-programs/eye-center/index.html,"Atlanta, GA",2,"Emory Healthcare academic eye center, Atlanta: neuro-ophthalmology, glaucoma, low vision, optometry, specialty contacts.",yellowpages
Austin Eye Clinic,,,,,,+15122502020,https://eyeclinicofaustin.com,"Austin, TX",2,"Eye Clinic of Austin, ophthalmology practice: cataract, EVO ICL, LASIK, plus eye exams and optical. Medical Director Dr. Irshad. Insurance & financing page. Mainly surgical.",yellowpages
Fox & Hofbauer,,,,,,+13102732333,http://90210eyes.com,"Beverly Hills, CA",2,"Site is Beverly Hills Institute of Ophthalmology (Beverly Hills and Torrance): surgical ophthalmology, cataract, LASIK, glaucoma. 30+ years. Several MDs. No optical shop info.",yellowpages
Los Angeles Vision Institute,,,,,,+13106572777,https://www.losangelesvisioninstitute.com,"Beverly Hills, CA",2,"Ophthalmology practice focused on LASIK/PRK laser eye surgery; Dr. Jonathan Macy and Dr. Alexander Knezevic, adjacent to Cedars-Sinai. No optical retail mentioned.",yellowpages
Eye Associates of Boca Raton,,,,,,+15613918300,http://www.bocaeyeassociates.com,"Boca Raton, FL",2,"Eye Associates of Boca Raton, P.A.: surgical and medical eye care 45-50+ yrs; full service optical onsite with designer brands; several doctors incl. Christopher L. Burr OD.",yellowpages
Florida Eye Microsurgical Institute,,,,,https://www.linkedin.com/company/florida-eye-microsurgical-institute,+15614514514,http://www.fleyedocs.com,"Boca Raton, FL",2,"Multi-doctor ophthalmology group (retina, glaucoma, LASIK, cataract) in Boynton Beach/Boca. Mostly surgical.",yellowpages
New England Eye Institute,,,,,,+16175875511,http://www.newenglandeye.org,"Boston, MA",2,Website shows default Apache test page. Name suggests medical eye institute. No details.,yellowpages
Longwood Medical Eye Center,,,,,https://www.linkedin.com/company/beth-israel-deaconess-medical-center,+16176673391,https://www.bidmc.org/contact-us,"Boston, MA",2,Website is a Beth Israel Deaconess Medical Center 404 page; hospital system eye center.,yellowpages
Neighborhealth Pharmacy at Maverick Square,,,,,https://www.linkedin.com/company/neighborhealthofficial,+16175684781,https://neighborhealth.com/en/care-and-services/services/#pharmacy,"Boston, MA",2,"NeighborHealth community health center, Boston, since 1970; pharmacy, radiology, eye care with frame and lens selection. Health system, not boutique.",yellowpages
"University Ophthalmology Associates, Ltd",,,,,,+13129422734,http://www.uoachicago.com,"Chicago, IL",2,"University Ophthalmology Associates: 100+ year ophthalmology group with Chicago (Rush), Skokie, Elmwood Park offices. Glaucoma, LASIK, specialty scleral lenses.",yellowpages
At the Eye Boutique,,,,,,+19726084446,http://www.omnieyecarecenter.com,"Dallas, TX",2,"Site is Bright Eyes Vision Clinic with 3 offices (Richardson, Murphy, Plano); pediatric, geriatric and mobile bedside exams; in-network with all medical and vision insurance.",yellowpages
Optical Factory,,,,,,+12147416660,http://opticalfactory.net,"Dallas, TX",2,Website not live (under development page). No business details available.,yellowpages
Greenwich Ophthalmology Associates,,,,,https://www.linkedin.com/company/greenwich-ophthalmology-associates,+12036352097,https://www.greenwicheye.com,"Greenwich, CT",2,"Greenwich Ophthalmology Associates since 1972, Stamford CT: multispecialty ophthalmology group (10+ doctors), dry eye IPL, contact lenses. Mainly medical.",yellowpages
Stamford Ophthalmology,,,,,,+12033275808,http://www.stamfordeye.com,"Greenwich, CT",2,"Ophthalmology group with 4 MDs and 2 ODs (cataract surgery, medical eye care). Frames and lenses with certified opticians, accepts most medical insurance.",yellowpages
Eye Glass Store,,,,,,+12039780065,https://www.eyesitedocs.com,"Greenwich, CT",2,"Site is EyeCare Center of Stamford LLC: medical and surgical eye care, Eric L. Wasserman, M.D. 24-hour emergency coverage. No optical retail info.",yellowpages
"New View Optical - Alice Choy, OD",,,,,,+12812057433,http://newview-optical.com,"Houston, TX",2,"Website newview-optical.com is hijacked by a gambling spam page. Business identity (Alice Choy, OD) unverifiable from site.",yellowpages
Rogers Optical Boutique,,,,,https://www.linkedin.com/company/rogers-lowell-area-chamber-of-commerce,+18187070028,https://www.rogerslowell.com,"Los Angeles, CA",2,"Website points to Rogers-Lowell Area Chamber of Commerce (Arkansas), not an optical shop. Business unverifiable.",yellowpages
Dr Marc S Simmons,,,,,,+13106745123,https://www.marcsimmonsod.com,"Los Angeles, CA",2,Listed website marcsimmonsod.com now shows unrelated spam content; no practice info available. Verify before outreach.,yellowpages
Eye Care Center of Napa Valley,,,,,,+17072522020,http://www.eyecarecenternv.com,"Napa, CA",2,Comprehensive ophthalmology practice with three locations in Napa Valley and Northern California. Cataract surgery; review praises frame selection. Online contact lens ordering.,yellowpages
Eye Specialists of Napa Valley,,,,,,+17072556212,https://eyespecialists.com/?y_source=1_MjA0NDUzODQ4MS01NTMtbG9jYXRpb24ud2Vic2l0ZQ%3D%3D,"Napa, CA",2,"Eye Specialists of Napa Valley: ophthalmology practice 30+ years, cataract and glaucoma care, several MDs plus OD Phong Vu. No optical retail info.",yellowpages
Napa Optical Supply,,,,,,+17072265073,http://yellowpages.com/napa-ca/mip/i-ps-472004272,"Napa, CA",2,YellowPages stub only (Napa); no site content. Optical Supply name may indicate a supplier. Verify.,yellowpages
VanBuskirk Opticians,,,,,,+12396491011,http://vanbuskirkopticians.com,"Naples, FL",2,Domain now shows an unrelated Indonesian gaming site; no optical content. Business may be closed or site lost.,yellowpages
Naples Premier Surgery Center,,,,,,+12392637750,http://www.naplespremiersurgerycenter.com,"Naples, FL",2,Outpatient surgery center in Naples specializing in bladeless laser cataract surgery. No optical retail.,yellowpages
Tyson Eye Cape Coral Eye Center,,,,,,+12392441869,http://www.tysoneye.com,"Naples, FL",2,"Tyson Eye: cataract/LASIK surgery group with surgery center and multiple FL offices (Cape Coral, Bonita Springs), 9 ODs.",yellowpages
Altos Optical Co Inc,,,,,,+16509480403,https://www.altoseye.com/contact-us,"Palo Alto, CA",2,"Site is Altos Eye Physicians, Los Altos: ophthalmology group (5 MDs incl. David F. Chang) plus 2 ODs, contact lens practice. Insurance and billing page.",yellowpages
M V Optical,,,,,,+16509610672,http://lasik2020.com/our-practice/contact-us,"Palo Alto, CA",2,"Listing resolves to Peninsula Laser Eye Medical Group, Mountain View: refractive surgery and routine exams. Mainly medical/LASIK. No frame or insurance info.",yellowpages
Composite Optics,,,,,,+18585866000,http://yellowpages.com/san-diego-ca/mip/composite-optics-462029452,"San Diego, CA",2,"Composite Optics, San Diego. Only a YellowPages listing, no site content; business type unverified.",yellowpages
Sharp Rees-Stealy Downtown Optical Shop,,,,,https://www.linkedin.com/company/sharp-healthcare,+16194461583,https://www.sharp.com/locations/sharp-rees-stealy-downtown-optical-shop?utm_source=yext&utm_medium=organic&utm_campaign=yext&y_source=1_ODQ4MzM3My01NTMtbG9jYXRpb24ud2Vic2l0ZQ%3D%3D,"San Diego, CA",2,"Optical shop inside Sharp HealthCare (hospital system); 400+ frames, VSP and EyeMed, by appointment only.",yellowpages
Westward Leaning,,,,,,+14158008836,http://westwardleaning.com/pages/contact-us,"San Francisco, CA",2,"Westward Leaning: online eyewear/sunglasses shop (Shopify cart, end of summer 20% off sale). DTC brand rather than a local optical boutique.",yellowpages
San Francisco Eye Institute,,,,,,+14154218667,https://www.sfeyeinstitute.com,"San Francisco, CA",2,"San Francisco Eye Institute: ophthalmology group with 11 doctors, cataract, LASIK, EVO ICL, glaucoma. Insurance page. Mostly medical/surgical.",yellowpages
Pacific Eye Associates,,,,,,+14159233007,https://www.pacificeye.com/?y_source=1_OTg0MTcwNDMtNTUzLWxvY2F0aW9uLndlYnNpdGU%3D,"San Francisco, CA",2,"Pacific Eye Associates, SF since 1985: 9 ophthalmologists and 2 optometrists, multispecialty medical/surgical; has an Optical Boutique and Insurance page.",yellowpages
4 Your Eyes Only Optical,,,,,,+12065477430,http://www.4youreyesonlyoptical.com,"Seattle, WA",2,Domain is parked/unavailable (Gandi); business may be closed. No content.,yellowpages
Northwell Health Eye Institute at Riverhead,,,,,https://www.linkedin.com/company/northwell-health,+16313690777,https://www.northwell.edu/doctors-offices/northwell-health-eye-institute-at-riverhead,"Southampton, NY",2,Northwell Health hospital-system eye office in Riverhead. Routine exams; long medical insurance list incl HSA plans. Not a boutique.,yellowpages
Optical Options,,,,,,+19709254365,http://opticaloptionsco.localsearch.com,"Aspen, CO",,Website not read (no site or placeholder page),yellowpages
Luxury Optical Holdings Co,,,,,,+19709252007,http://loholdings.com,"Aspen, CO",,Website not read (no site or placeholder page),yellowpages
Enjay Boutique,,,,,,+19709239268,http://enjayboutique.localsearch.com,"Aspen, CO",,Website not read (no site or placeholder page),yellowpages
Oliver Smith Boutique,,,,,,+19705441868,https://www.oliversmithjeweler.com,"Aspen, CO",,Website not read (no site or placeholder page),yellowpages
Brunello Cucinelli,,,,,,+19705440600,https://shop.brunellocucinelli.com/en-us,"Aspen, CO",,Website not read (no site or placeholder page),yellowpages
Chanel,,,,,,+19703663480,http://chanelco.localsearch.com,"Aspen, CO",,Website not read (no site or placeholder page),yellowpages
Distractions,,,,,,+19705449946,http://distractions.localsearch.com,"Aspen, CO",,Website not read (no site or placeholder page),yellowpages
Ermenegildo Zegna Corp,,,,,,+19705444989,http://ermenegildozegnacorpco.localsearch.com,"Aspen, CO",,Website not read (no site or placeholder page),yellowpages
Gray Aspen,,,,,,+19704298952,http://msalonaspen.com,"Aspen, CO",,Website not read (no site or placeholder page),yellowpages
Maui And Company,,,,,,+19705442526,http://mauiandcompany.localsearch.com,"Aspen, CO",,Website not read (no site or placeholder page),yellowpages
Barton Perreira,,,,,,+19704298468,http://www.bartonperreira.com,"Aspen, CO",,Website not read (no site or placeholder page),yellowpages
Gallerie Zuger,,,,,,+19705444893,http://gallerie.net,"Aspen, CO",,Website not read (no site or placeholder page),yellowpages
Two Old Hippies,,,,,,+19709257492,,"Aspen, CO",,Website not read (no site or placeholder page),yellowpages
Loft Boutique,,,,,,+19705105840,http://loftboutiqueco.localsearch.com,"Aspen, CO",,Website not read (no site or placeholder page),yellowpages
Madd Fox Boutique & Tanning,,,,,,+19709631605,http://maddfoxboutiquetanning.localsearch.com,"Aspen, CO",,Website not read (no site or placeholder page),yellowpages
Novedades Boutique,,,,,,+19703404162,http://novedadesboutique.localsearch.com,"Aspen, CO",,Website not read (no site or placeholder page),yellowpages
ETC-Everything Casual,,,,,,+19709276802,http://etceverythingcasual.localsearch.com,"Aspen, CO",,Website not read (no site or placeholder page),yellowpages
Roaring Fork Vision,,,,,,+19709253020,http://roaringforkvision.localsearch.com,"Aspen, CO",,Website not read (no site or placeholder page),yellowpages
Grit,,,,,,+19703491155,http://gritcb.com,"Aspen, CO",,Website not read (no site or placeholder page),yellowpages
Rock It!,,,,,,+19709630258,http://rockit.localsearch.com,"Aspen, CO",,Website not read (no site or placeholder page),yellowpages
Mt Sopris Eye Care,,,,,,+19709634187,http://mtsopriseyecare.localsearch.com,"Aspen, CO",,Website not read (no site or placeholder page),yellowpages
"Murphy, Michael L, MD",,,,,,+19705441228,http://drmichaellmurphymd.localsearch.com,"Aspen, CO",,Website not read (no site or placeholder page),yellowpages
Jenkins James M,,,,,,+19709275390,http://www.manta.com/c/mmgh100/james-m-jenkins,"Aspen, CO",,Website not read (no site or placeholder page),yellowpages
Louis Vuitton Aspen,,,,,,+19704524042,https://us.louisvuitton.com/eng-us/point-of-sale/usa/louis-vuitton-aspen-?utm_source=yext&utm_medium=organic&utm_campaign=store_listing_storepage,"Aspen, CO",,Website not read (no site or placeholder page),yellowpages
Optical Boutique,,,,,,+17707941151,http://tropical-arts.com,"Atlanta, GA",,Website not read (no site or placeholder page),yellowpages
Colony Square,,,,,,+14049659091,https://colonysquare.com,"Atlanta, GA",,Website not read (no site or placeholder page),yellowpages
JCPenney,,,,,,+17704759850,https://www.jcpenney.com/locations/ga/mcdonough/clothing-stores-mcdonough-ga-2872.html,"Atlanta, GA",,Website not read (no site or placeholder page),yellowpages
Fashion Optique Eyewear,,,,,,+14042448377,http://fashionoptiqueeyewear.localsearch.com,"Atlanta, GA",,Website not read (no site or placeholder page),yellowpages
Eye Etc,,,,,,+14045233937,http://www.eyeetcatl.com,"Atlanta, GA",,Website not read (no site or placeholder page),yellowpages
"Ross, EyeCare Group PC",,,,,,+14042333513,http://rosseyecare.com,"Atlanta, GA",,Website not read (no site or placeholder page),yellowpages
Optique Atlanta,,,,,,+14044670717,http://optiqueatlanta.localsearch.com,"Atlanta, GA",,Website not read (no site or placeholder page),yellowpages
Salle Opticians Inc,,,,,,+14048166266,http://www.salleopticians.com,"Atlanta, GA",,Website not read (no site or placeholder page),yellowpages
Olga,,,,,,+14045846506,http://olgaga.localsearch.com,"Atlanta, GA",,Website not read (no site or placeholder page),yellowpages
Sears Optical,,,,,,+17704933232,http://www.searsoptical.com,"Atlanta, GA",,Website not read (no site or placeholder page),yellowpages
"Perrine, Jeanne M. OD PC",,,,,,+14045898517,http://perrinejeannemodpc.localsearch.com,"Atlanta, GA",,Website not read (no site or placeholder page),yellowpages
Seeing Is Believing Optical,,,,,,+14048164224,http://seeingisbelievingoptical.localsearch.com,"Atlanta, GA",,Website not read (no site or placeholder page),yellowpages
Eyejets Lifestyle Eyewear,,,,,,+17707653359,https://eyejets.com,"Atlanta, GA",,Website not read (no site or placeholder page),yellowpages
American Optical Services,,,,,,+14045932926,http://americanopticalservicesga.localsearch.com,"Atlanta, GA",,Website not read (no site or placeholder page),yellowpages
Eye Conic Optical,,,,,,+16789742900,http://eyeconicoptical.localsearch.com,"Atlanta, GA",,Website not read (no site or placeholder page),yellowpages
Serve Right,,,,,,+14702251697,http://serverightga.localsearch.com,"Atlanta, GA",,Website not read (no site or placeholder page),yellowpages
Vision Care Professional,,,,,,+14046386678,http://visioncareprofessional.localsearch.com,"Atlanta, GA",,Website not read (no site or placeholder page),yellowpages
"Planer, Paul",,,,,,+14046339200,http://www.planervision.com,"Atlanta, GA",,Website not read (no site or placeholder page),yellowpages
BlackBerry Vision,,,,,,+14704283395,http://blackberryvision.localsearch.com,"Atlanta, GA",,Website not read (no site or placeholder page),yellowpages
Ambrands,,,,,,+17703338999,http://emp-mail.com,"Atlanta, GA",,Website not read (no site or placeholder page),yellowpages
American Gosky Optics Inc.,,,,,,+16788940338,http://americangoskyopticsinc.localsearch.com,"Atlanta, GA",,Website not read (no site or placeholder page),yellowpages
Atlanta Vision Institute,,,,,,+14048450474,,"Atlanta, GA",,Website not read (no site or placeholder page),yellowpages
Northside Optical Ltd,,,,,,+14042520624,http://northsideopticalltdga.localsearch.com,"Atlanta, GA",,Website not read (no site or placeholder page),yellowpages
Corporate Vision Inc,,,,,,+16788318074,http://corporatevisioninc543733061.localsearch.com,"Atlanta, GA",,Website not read (no site or placeholder page),yellowpages
"Warstadt, Steven R, OD",,,,,,+17704939171,https://www.northlakeeyecare.com/contact-lenses/contact-lenses-eyewear/transitions-lenses/transitions-xtractive,"Atlanta, GA",,Website not read (no site or placeholder page),yellowpages
Buckhead Vision Group,,,,,,+14048695551,http://buckheadvisiongroup.localsearch.com,"Atlanta, GA",,Website not read (no site or placeholder page),yellowpages
Davante,,,,,,+14044428900,http://davantega.localsearch.com,"Atlanta, GA",,Website not read (no site or placeholder page),yellowpages
Sam's Optical,,,,,,+17709798382,,"Atlanta, GA",,Website not read (no site or placeholder page),yellowpages
Eyeworks,,,,,,+16787323432,http://eyeworks462626894.localsearch.com,"Atlanta, GA",,Website not read (no site or placeholder page),yellowpages
Ansley Eye Care,,,,,,+14048889444,http://ansleyeyecare.localsearch.com,"Atlanta, GA",,Website not read (no site or placeholder page),yellowpages
BLINK. [Optical Boutique],,,,,,+15128470123,http://blinkopticalboutiquetx.localsearch.com,"Austin, TX",,Website not read (no site or placeholder page),yellowpages
Vision Source San Marcos,,,,,,+17372008024,https://yourvisionsource.com/locations/optometrist-san-marcos,"Austin, TX",,Website not read (no site or placeholder page),yellowpages
"Bruce Kirkland, OD",,,,,,+15128999744,,"Austin, TX",,Website not read (no site or placeholder page),yellowpages
Capitol Optical Salon,,,,,,+15124515226,http://capitolopticalsalon.localsearch.com,"Austin, TX",,Website not read (no site or placeholder page),yellowpages
Texas State Optical,,,,,,+15124510229,http://texasstateoptical506160550.localsearch.com,"Austin, TX",,Website not read (no site or placeholder page),yellowpages
Santa Fe Optical,,,,,,+15123271913,http://santafeoptical.localsearch.com,"Austin, TX",,Website not read (no site or placeholder page),yellowpages
Capitol Optical Salon-Northwest,,,,,,+15122508485,http://www.capitoloptical.com,"Austin, TX",,Website not read (no site or placeholder page),yellowpages
Sears Optical,,,,,,+15129891691,http://www.searsoptical.com,"Austin, TX",,Website not read (no site or placeholder page),yellowpages
Royal Vision,,,,,,+15128363551,http://royalvision.localsearch.com,"Austin, TX",,Website not read (no site or placeholder page),yellowpages
Optique,,,,,,+15124723937,http://optiquetx.localsearch.com,"Austin, TX",,Website not read (no site or placeholder page),yellowpages
Optical Filter Source,,,,,,+15122480605,http://opticalfiltersource528193121.localsearch.com,"Austin, TX",,Website not read (no site or placeholder page),yellowpages
4207 Optical,,,,,,+15124622060,,"Austin, TX",,Website not read (no site or placeholder page),yellowpages
EyeMasters,,,,,,+15123457260,,"Austin, TX",,Website not read (no site or placeholder page),yellowpages
US Vision Optical Inc,,,,,,+15128326104,http://usvisionopticalinctx.localsearch.com,"Austin, TX",,Website not read (no site or placeholder page),yellowpages
Jaimes Construction Service,,,,,,+15128011941,http://jaimesconstructionservice.localsearch.com,"Austin, TX",,Website not read (no site or placeholder page),yellowpages
Eyemasters,,,,,,+15122632349,http://eyemasters496579546.localsearch.com,"Austin, TX",,Website not read (no site or placeholder page),yellowpages
Clear Vision Optometry,,,,,,+15128359226,http://austinclearvision.com,"Austin, TX",,Website not read (no site or placeholder page),yellowpages
Austin Eyecare,,,,,,+15124434317,http://www.austineyecare.net,"Austin, TX",,Website not read (no site or placeholder page),yellowpages
Texan Eye - Main South,,,,,,+15123277000,https://www.texaneyecare.com,"Austin, TX",,Website not read (no site or placeholder page),yellowpages
AEI Optical Boutique,,,,,,+13106521396,https://www.aeiopticalboutique.com,"Beverly Hills, CA",,Website not read (no site or placeholder page),yellowpages
Chanel,,,,,,+13102785500,http://chanelbeverlyhills.localsearch.com,"Beverly Hills, CA",,Website not read (no site or placeholder page),yellowpages
Optix Boutique,,,,,,+13106595005,http://optixboutique.localsearch.com,"Beverly Hills, CA",,Website not read (no site or placeholder page),yellowpages
Sunsations Sunglass Boutique,,,,,,+13103946039,http://sunsationssunglassboutique.localsearch.com,"Beverly Hills, CA",,Website not read (no site or placeholder page),yellowpages
JCPenney,,,,,,+13105382900,https://www.jcpenney.com/locations/ca/santaclarita/clothing-stores-santaclarita-ca-465.html,"Beverly Hills, CA",,Website not read (no site or placeholder page),yellowpages
Dr. Doris Boudaie,,,,,,+13103603937,http://local.lenscrafters.com/eyedoctors/ca/los-angeles/8500-beverly-blvd.html?cid=yext_odLCOD7471,"Beverly Hills, CA",,Website not read (no site or placeholder page),yellowpages
Optics by Victor,,,,,,+13102749144,http://opticsbyvictor.localsearch.com,"Beverly Hills, CA",,Website not read (no site or placeholder page),yellowpages
Dan Deutsch Optical Outlook,,,,,,+13106599089,http://www.dandeutschopticaloutlook.com,"Beverly Hills, CA",,Website not read (no site or placeholder page),yellowpages
Strand Optical Inc.,,,,,,+13108586654,http://strand-optical-inc.hub.biz,"Beverly Hills, CA",,Website not read (no site or placeholder page),yellowpages
Person for Max Corp,,,,,,+13102747089,http://personformaxcorp.localsearch.com,"Beverly Hills, CA",,Website not read (no site or placeholder page),yellowpages
Eyewear Movement,,,,,,+13103855814,http://eyewearmovementca.localsearch.com,"Beverly Hills, CA",,Website not read (no site or placeholder page),yellowpages
Bada USA,,,,,,+13106528282,http://badausa.com,"Beverly Hills, CA",,Website not read (no site or placeholder page),yellowpages
Diane Garcia Ph.D.,,,,,,+13105521369,http://dianegarciaphd.localsearch.com,"Beverly Hills, CA",,Website not read (no site or placeholder page),yellowpages
La Loop,,,,,,+13104491155,https://laloop.com/pages/privacy-policy,"Beverly Hills, CA",,Website not read (no site or placeholder page),yellowpages
Optics by Arne,,,,,,+13102766511,http://www.opticsbyarne.com,"Beverly Hills, CA",,Website not read (no site or placeholder page),yellowpages
SEE,,,,,,+13103606998,http://www.seeeyewear.com,"Beverly Hills, CA",,Website not read (no site or placeholder page),yellowpages
Optique by Cynthia & Christine L L C,,,,,,+13102711313,http://www.dillonoptics.com,"Beverly Hills, CA",,Website not read (no site or placeholder page),yellowpages
Contacts & Connections,,,,,,+13105507009,http://contactsconnections.localsearch.com,"Beverly Hills, CA",,Website not read (no site or placeholder page),yellowpages
Cedar View Optical,,,,,,+13102735367,http://cedarviewoptical.localsearch.com,"Beverly Hills, CA",,Website not read (no site or placeholder page),yellowpages
American Eye Institute,,,,,,+13106521133,http://americaneyeinstitutelosangeles.com,"Beverly Hills, CA",,Website not read (no site or placeholder page),yellowpages
Visioncare Associates,,,,,,+13102713937,http://visioncareassociatesca.localsearch.com,"Beverly Hills, CA",,Website not read (no site or placeholder page),yellowpages
Persol For Max & Co,,,,,,+13102751999,http://www.persol.com/usa/history,"Beverly Hills, CA",,Website not read (no site or placeholder page),yellowpages
Glaucoma Institute Beverly Hills,,,,,,+13108551112,http://backinstitute.net,"Beverly Hills, CA",,Website not read (no site or placeholder page),yellowpages
Robertson Optical,,,,,,+13106596949,http://robertsonoptical.localsearch.com,"Beverly Hills, CA",,Website not read (no site or placeholder page),yellowpages
Advanced Vision Care,,,,,,+13102291220,http://www.advancedvisioncare.com,"Beverly Hills, CA",,Website not read (no site or placeholder page),yellowpages
JCPenney Salon,,,,,,+15617368500,https://www.jcpenney.com/locations/fl/boyntonbeach/salon-boyntonbeach-fl-2159.html,"Boca Raton, FL",,Website not read (no site or placeholder page),yellowpages
Visual Eyes,,,,,,+15613928383,http://visualeyesboca.com,"Boca Raton, FL",,Website not read (no site or placeholder page),yellowpages
Boca Opticians,,,,,,+15613685844,http://bocaopticians.localsearch.com,"Boca Raton, FL",,Website not read (no site or placeholder page),yellowpages
"Sheiner, Steven",,,,,,+15613945848,http://stevendouglassheinerod.localsearch.com,"Boca Raton, FL",,Website not read (no site or placeholder page),yellowpages
Boca Eyewear,,,,,,+15613958022,http://bocaeyewear.localsearch.com,"Boca Raton, FL",,Website not read (no site or placeholder page),yellowpages
Eyewear Plan,,,,,,+15619883083,,"Boca Raton, FL",,Website not read (no site or placeholder page),yellowpages
Qottica,,,,,,+15616171549,http://qotticafl.localsearch.com,"Boca Raton, FL",,Website not read (no site or placeholder page),yellowpages
New Look Eyewear,,,,,,+15614303934,http://newlookeyewearfl.localsearch.com,"Boca Raton, FL",,Website not read (no site or placeholder page),yellowpages
Optical Insight South Inc,,,,,,+15613380081,http://opticalinsightsouthinc.localsearch.com,"Boca Raton, FL",,Website not read (no site or placeholder page),yellowpages
South Shore Opticians Inc,,,,,,+15613682878,http://southshoreopticiansinc.localsearch.com,"Boca Raton, FL",,Website not read (no site or placeholder page),yellowpages
FL Glasses Company,,,,,,+15616174947,https://www.flglasses.com,"Boca Raton, FL",,Website not read (no site or placeholder page),yellowpages
Edward Beiner Purveyor of Fine Eyewear,,,,,,+15613910011,http://edwardbeinerpurveyoroffineeyewear580139233.localsearch.com,"Boca Raton, FL",,Website not read (no site or placeholder page),yellowpages
Stormin Norman's,,,,,,+15619959531,https://www.snoptical.com,"Boca Raton, FL",,Website not read (no site or placeholder page),yellowpages
Total Family Eyecare,,,,,,+15613913334,http://www.totalfamilyeyecare.com,"Boca Raton, FL",,Website not read (no site or placeholder page),yellowpages
Classy Eyes,,,,,,+15613948777,http://classyeyes.localsearch.com,"Boca Raton, FL",,Website not read (no site or placeholder page),yellowpages
Glass Vision Associates,,,,,,+15613912362,http://www.eyedoctorboca.com,"Boca Raton, FL",,Website not read (no site or placeholder page),yellowpages
Royal Palm Optical,,,,,,+15619120800,http://www.royalpalmoptical.com,"Boca Raton, FL",,Website not read (no site or placeholder page),yellowpages
Earth Vision Eye Care,,,,,,+15619880300,http://earthvisioneyecare.localsearch.com,"Boca Raton, FL",,Website not read (no site or placeholder page),yellowpages
Eagle Eye Optical,,,,,,+15618372228,http://eagleeyeoptical.localsearch.com,"Boca Raton, FL",,Website not read (no site or placeholder page),yellowpages
Eyes On the Bay,,,,,,+15614872777,http://eyesonthebay.com,"Boca Raton, FL",,Website not read (no site or placeholder page),yellowpages
"Middleton, Robert A, OD",,,,,,+15614702310,http://correctvisionboca.com,"Boca Raton, FL",,Website not read (no site or placeholder page),yellowpages
Cohen Laser and Vision Center,,,,,,+15619818400,http://www.cohenlaser.com,"Boca Raton, FL",,Website not read (no site or placeholder page),yellowpages
Lawrence Lampert OD,,,,,,+15613913346,http://drlawrencedlampertod.localsearch.com,"Boca Raton, FL",,Website not read (no site or placeholder page),yellowpages
West Boca Eye Institute,,,,,,+15614876600,http://www.tenethealth.com,"Boca Raton, FL",,Website not read (no site or placeholder page),yellowpages
Eyespot Luxury Optical Boutique,,,,,,+16172323303,http://www.eyespot.com,"Boston, MA",,Website not read (no site or placeholder page),yellowpages
Saini Vision & Optical Boutique P C,,,,,,+17812338344,http://sainivisionopticalboutiquepc.localsearch.com,"Boston, MA",,Website not read (no site or placeholder page),yellowpages
Blair Delmonico,,,,,,+16174246777,http://blairdelmonico.localsearch.com,"Boston, MA",,Website not read (no site or placeholder page),yellowpages
Sears Optical,,,,,,+16172523559,http://www.searsoptical.com,"Boston, MA",,Website not read (no site or placeholder page),yellowpages
Brighton Optical,,,,,,+16172542020,http://brightonopticalma.localsearch.com,"Boston, MA",,Website not read (no site or placeholder page),yellowpages
Eno One Optical,,,,,,+18572560225,,"Boston, MA",,Website not read (no site or placeholder page),yellowpages
Cohen Fashion Optical,,,,,,+16172365500,http://cohenfashionoptical.localsearch.com,"Boston, MA",,Website not read (no site or placeholder page),yellowpages
Lunette Optic Optometrists,,,,,,+16173387200,http://www.lunetteoptic.com,"Boston, MA",,Website not read (no site or placeholder page),yellowpages
Fashion Optical,,,,,,+16172661185,http://fashionopticalma.localsearch.com,"Boston, MA",,Website not read (no site or placeholder page),yellowpages
Sol Optics,,,,,,+16175233005,https://www.americansunglass.com/blogs/news/fun-facts-4-tips-to-finding-the-right-sunglass-fit,"Boston, MA",,Website not read (no site or placeholder page),yellowpages
Suffolk Optical Co Inc,,,,,,+16175234226,http://suffolkopticalcoinc.localsearch.com,"Boston, MA",,Website not read (no site or placeholder page),yellowpages
Vision Resource Systems,,,,,,+16172489482,http://visionresourcesystems.localsearch.com,"Boston, MA",,Website not read (no site or placeholder page),yellowpages
Opticare,,,,,,+16176700906,http://opticarema.localsearch.com,"Boston, MA",,Website not read (no site or placeholder page),yellowpages
Kenmore Optical Co,,,,,,+16175368864,http://kenmoreopticalco.localsearch.com,"Boston, MA",,Website not read (no site or placeholder page),yellowpages
Selective Eyewear Elements,,,,,,+16172360105,http://www.seeeyewear.com/locations/boston,"Boston, MA",,Website not read (no site or placeholder page),yellowpages
Longwood Optical,,,,,,+16177381111,http://longwoodoptical.localsearch.com,"Boston, MA",,Website not read (no site or placeholder page),yellowpages
The Boston Sunglass Company,,,,,,+18573503078,https://www.hdosport.com/boston-sunglass,"Boston, MA",,Website not read (no site or placeholder page),yellowpages
Visioncare 2000,,,,,,+16175422015,http://visioncare2000ma.localsearch.com,"Boston, MA",,Website not read (no site or placeholder page),yellowpages
T.J. Maxx,,,,,,+16176952424,https://tjmaxx.tjx.com/store/index.jsp,"Boston, MA",,Website not read (no site or placeholder page),yellowpages
Ermenegildo Zegna at Neiman Marcus,,,,,,+16175363660,https://www.zegna.us,"Boston, MA",,Website not read (no site or placeholder page),yellowpages
Bvlgari,,,,,,+16179044024,https://www.bulgari.com/en-int/storelocator/united-states/massachusetts/boston/14-newbury-street?y_source=1_MjA2OTMyNzMtNTUzLWxvY2F0aW9uLndlYnNpdGU%3D,"Boston, MA",,Website not read (no site or placeholder page),yellowpages
Louis Vuitton Boston Saks,,,,,,+16172364255,https://us.louisvuitton.com/eng-us/point-of-sale/usa/louis-vuitton-boston-saks?utm_source=yext&utm_medium=organic&utm_campaign=store_listing_storepage,"Boston, MA",,Website not read (no site or placeholder page),yellowpages
Galileo Optical Boutique,,,,,,+17738362020,http://galileoopticalboutique.localsearch.com,"Chicago, IL",,Website not read (no site or placeholder page),yellowpages
International Eyewear Boutique Inc,,,,,,+17734783600,http://internationaleyewearboutiqueinc.localsearch.com,"Chicago, IL",,Website not read (no site or placeholder page),yellowpages
JCPenney Salon,,,,,,+18476197454,https://www.jcpenney.com/locations/il/schaumburg/salon-schaumburg-il-1948.html,"Chicago, IL",,Website not read (no site or placeholder page),yellowpages
Davinci Vision Boutique,,,,,,+17735492020,http://davincivisionboutique.localsearch.com,"Chicago, IL",,Website not read (no site or placeholder page),yellowpages
Zoe Bernard Optical,,,,,,+17736029402,http://zoebernardoptical.localsearch.com,"Chicago, IL",,Website not read (no site or placeholder page),yellowpages
Crystal Optical,,,,,,+17734712607,http://crystaloptical8116262.localsearch.com,"Chicago, IL",,Website not read (no site or placeholder page),yellowpages
Robert B Scott Ocularists,,,,,,+13127823558,http://www.ocularist.com,"Chicago, IL",,Website not read (no site or placeholder page),yellowpages
Gregory S Doren MD,,,,,,+17739386724,http://doctors.advocatehealth.com/p/gregory-s-doren-chicago-ophthalmology-general,"Chicago, IL",,Website not read (no site or placeholder page),yellowpages
Ossip Management Solutions,,,,,,+17735852022,http://ossipmanagementsolutions.localsearch.com,"Chicago, IL",,Website not read (no site or placeholder page),yellowpages
"Herro, L J OD",,,,,,+17734346228,http://.,"Chicago, IL",,Website not read (no site or placeholder page),yellowpages
Ostoich Optical,,,,,,+17736312980,http://www.ostoicheye.com,"Chicago, IL",,Website not read (no site or placeholder page),yellowpages
Big City Optical,,,,,,+13128728796,https://www.bigcityoptical.com/north-andersonville-eye-doctors,"Chicago, IL",,Website not read (no site or placeholder page),yellowpages
TVTI,,,,,,+13128299145,https://www.tvti.com,"Chicago, IL",,Website not read (no site or placeholder page),yellowpages
Sears Optical,,,,,,+13122260653,http://www.searsoptical.com,"Chicago, IL",,Website not read (no site or placeholder page),yellowpages
See & Save Optical,,,,,,+17733381290,http://seesaveoptical.localsearch.com,"Chicago, IL",,Website not read (no site or placeholder page),yellowpages
Boss Optical Inc,,,,,,+13122253188,http://bossopticalinc.localsearch.com,"Chicago, IL",,Website not read (no site or placeholder page),yellowpages
Clear Vision Corporation,,,,,,+13125263331,http://clearvisioncorporation.localsearch.com,"Chicago, IL",,Website not read (no site or placeholder page),yellowpages
Optical 88 2020 Inc,,,,,,+13128421888,,"Chicago, IL",,Website not read (no site or placeholder page),yellowpages
Smart Optical,,,,,,+13128081893,http://www.smartopticalchicago.com,"Chicago, IL",,Website not read (no site or placeholder page),yellowpages
Drift Eyewear,,,,,,+17738883302,http://drifteyewear.com,"Chicago, IL",,Website not read (no site or placeholder page),yellowpages
Uhlemann Optical Company,,,,,,+13124279555,http://uhlemann.org,"Chicago, IL",,Website not read (no site or placeholder page),yellowpages
In Sight Optical,,,,,,+13122636350,,"Chicago, IL",,Website not read (no site or placeholder page),yellowpages
Crystal Clear Image Eye Care & Optical Boutique,,,,,,+19723349944,http://www.cclearimage.com,"Dallas, TX",,Website not read (no site or placeholder page),yellowpages
Chanel,,,,,,+12145201055,http://www.chanel.com,"Dallas, TX",,Website not read (no site or placeholder page),yellowpages
Foley's Department Store,,,,,,+19723856682,,"Dallas, TX",,Website not read (no site or placeholder page),yellowpages
Habacker's Bespoke Eyewear,,,,,,+14693660783,http://habackersbespokeeyewear.localsearch.com,"Dallas, TX",,Website not read (no site or placeholder page),yellowpages
JCPenney Salon,,,,,,+19727122707,https://www.jcpenney.com/locations/tx/frisco/salon-frisco-tx-2795.html,"Dallas, TX",,Website not read (no site or placeholder page),yellowpages
Super Discount Optical,,,,,,+12146540250,http://www.manta.com/c/mmcx6rn/discount-super-optical,"Dallas, TX",,Website not read (no site or placeholder page),yellowpages
Leff Optical,,,,,,+12147505602,http://www.leffoptical.com,"Dallas, TX",,Website not read (no site or placeholder page),yellowpages
Payrite Optical,,,,,,+12147500004,http://payriteoptical.localsearch.com,"Dallas, TX",,Website not read (no site or placeholder page),yellowpages
Coleman Eyecare,,,,,,+19723080022,http://colemaneyecare.localsearch.com,"Dallas, TX",,Website not read (no site or placeholder page),yellowpages
EyeMasters,,,,,,+12146918649,http://visionworks.com,"Dallas, TX",,Website not read (no site or placeholder page),yellowpages
Texas State Optical Oak Cliff,,,,,,+12142734747,http://texasstateopticaloakcliff.localsearch.com,"Dallas, TX",,Website not read (no site or placeholder page),yellowpages
Ilori,,,,,,+12147506530,http://iloriopticaltx.localsearch.com,"Dallas, TX",,Website not read (no site or placeholder page),yellowpages
Omega Optical Inc,,,,,,+19722414141,http://omega-dallas.com,"Dallas, TX",,Website not read (no site or placeholder page),yellowpages
Investments,,,,,,+12148245740,,"Dallas, TX",,Website not read (no site or placeholder page),yellowpages
Suburban Optical of Dallas,,,,,,+12143634474,http://suburbanopticalofdallas.com,"Dallas, TX",,Website not read (no site or placeholder page),yellowpages
N3l Optics,,,,,,+12143650808,http://n3loptics464724188.localsearch.com,"Dallas, TX",,Website not read (no site or placeholder page),yellowpages
Kirby Eye Center,,,,,,+12142530200,http://kirbyeyecenter.com,"Dallas, TX",,Website not read (no site or placeholder page),yellowpages
Eye Care PLLC Elevate,,,,,,+19727739954,http://eyecarepllcelevate.localsearch.com,"Dallas, TX",,Website not read (no site or placeholder page),yellowpages
B & E Optical Inc,,,,,,+12142210855,,"Dallas, TX",,Website not read (no site or placeholder page),yellowpages
Precision Optics II,,,,,,+12146609236,http://precisionopticsii.localsearch.com,"Dallas, TX",,Website not read (no site or placeholder page),yellowpages
JCPenney Salon,,,,,,+12033747612,https://www.jcpenney.com/locations/ct/trumbull/salon-trumbull-ct-2232.html,"Greenwich, CT",,Website not read (no site or placeholder page),yellowpages
Vision Consultants of Greenwich,,,,,,+12036617711,http://visionconsultantsofgreenwich.localsearch.com,"Greenwich, CT",,Website not read (no site or placeholder page),yellowpages
Prada Greenwich Saks Donna,,,,,,+12036227290,http://pradagreenwichsaksdonna.localsearch.com,"Greenwich, CT",,Website not read (no site or placeholder page),yellowpages
"Jacqueline Littzi, MD: Greenwich Eye Care",,,,,,+12033402310,http://jacquelinelittzimdgreenwicheyecare.localsearch.com,"Greenwich, CT",,Website not read (no site or placeholder page),yellowpages
Ermenegildo Zegna at Richards,,,,,,+12036220551,http://www.zegna.us,"Greenwich, CT",,Website not read (no site or placeholder page),yellowpages
Optical Shoppe The At Greenwich Ophthalmology,,,,,,+12038619200,http://www.optshop.com,"Greenwich, CT",,Website not read (no site or placeholder page),yellowpages
Optical Energy Technologies,,,,,,+12033559386,http://opticalenergytechnologies.localsearch.com,"Greenwich, CT",,Website not read (no site or placeholder page),yellowpages
Sterling Optical,,,,,,+12033590222,http://sterlingopticalct.localsearch.com,"Greenwich, CT",,Website not read (no site or placeholder page),yellowpages
Opthalmic Consultants of Connecticut PC,,,,,,+12033169213,http://opthalmicconsultantsofconnecticutpc.localsearch.com,"Greenwich, CT",,Website not read (no site or placeholder page),yellowpages
Wicked Vision,,,,,,+12035692988,http://wickedvision.localsearch.com,"Greenwich, CT",,Website not read (no site or placeholder page),yellowpages
Hitchcock Munson Opticians,,,,,,+12033232181,http://hitchcockmunsonopticians.localsearch.com,"Greenwich, CT",,Website not read (no site or placeholder page),yellowpages
Eyecare Center of Stamford,,,,,,+12039780800,https://www.stamfordhealth.org/locations/locations-profile/eye-care-center-of-stamford,"Greenwich, CT",,Website not read (no site or placeholder page),yellowpages
one two three,,,,,,+12038569963,http://www.shopstamfordtowncenter.com,"Greenwich, CT",,Website not read (no site or placeholder page),yellowpages
Shaby Steven Dr,,,,,,+12033570204,http://shabystevendr.localsearch.com,"Greenwich, CT",,Website not read (no site or placeholder page),yellowpages
ReFocus Eye Health,,,,,,+12039892029,https://stamford.refocuseyedoctors.com/location/refocus-eye-health,"Greenwich, CT",,Website not read (no site or placeholder page),yellowpages
Vision Consultants,,,,,,+12033241606,http://visionconsultantsct.localsearch.com,"Greenwich, CT",,Website not read (no site or placeholder page),yellowpages
Cis Options,,,,,,+12035042786,http://cisoptions.localsearch.com,"Greenwich, CT",,Website not read (no site or placeholder page),yellowpages
"Nemser, Geoffrey L, OD",,,,,,+12039757565,http://www.progressivision.net,"Greenwich, CT",,Website not read (no site or placeholder page),yellowpages
Hitchcock Munson Opticians,,,,,,+12036559044,,"Greenwich, CT",,Website not read (no site or placeholder page),yellowpages
Tori Eyewear,,,,,,+12038425988,,"Greenwich, CT",,Website not read (no site or placeholder page),yellowpages
Optech Inc,,,,,,+12039667534,http://optechincct.localsearch.com,"Greenwich, CT",,Website not read (no site or placeholder page),yellowpages
Morgen Thal Frederics,,,,,,+12039662590,http://morgenthalfrederics.com,"Greenwich, CT",,Website not read (no site or placeholder page),yellowpages
Review R International,,,,,,+12038382500,http://reviewrinternational.localsearch.com,"Greenwich, CT",,Website not read (no site or placeholder page),yellowpages
Optics Plus,,,,,,+12039727700,http://opticsplusct.localsearch.com,"Greenwich, CT",,Website not read (no site or placeholder page),yellowpages
Eyewear at Willows Opticians Norwalk,,,,,,+12037614988,https://www.doctor-cataract-lasik-connecticut.com/eyeglasses-eyewear-sunglasses.html,"Greenwich, CT",,Website not read (no site or placeholder page),yellowpages
Pasadena Vision Center Optical Boutique,,,,,,+17134773641,,"Houston, TX",,Website not read (no site or placeholder page),yellowpages
Eye Boutique,,,,,,+18328007259,https://myeyeboutique.com,"Houston, TX",,Website not read (no site or placeholder page),yellowpages
JCPenney,,,,,,+17134671621,https://www.jcpenney.com/locations/tx/houston/clothing-stores-houston-tx-2881.html,"Houston, TX",,Website not read (no site or placeholder page),yellowpages
Cosmetic Eye Boutique,,,,,,+12813947020,https://www.katyeyeboutique.com,"Houston, TX",,Website not read (no site or placeholder page),yellowpages
See The Sea RX,,,,,,+12818003131,https://seethesearx.com,"Houston, TX",,Website not read (no site or placeholder page),yellowpages
Berkeley Eye Center,,,,,,+17135261600,https://www.berkeleyeye.com/locations/memorial,"Houston, TX",,Website not read (no site or placeholder page),yellowpages
Texas State Optical,,,,,,+17136662277,http://texasstateoptical463694693.localsearch.com,"Houston, TX",,Website not read (no site or placeholder page),yellowpages
"Morales, Sylvia O.D.",,,,,,+17136977875,http://www.myopticall.com,"Houston, TX",,Website not read (no site or placeholder page),yellowpages
Vogue Optical,,,,,,+17137840113,http://vogueopticaltx.localsearch.com,"Houston, TX",,Website not read (no site or placeholder page),yellowpages
Sears Optical,,,,,,+17137785016,http://www.searsoptical.com,"Houston, TX",,Website not read (no site or placeholder page),yellowpages
Harrisburg Optical,,,,,,+17139282796,http://harrisburgoptical.localsearch.com,"Houston, TX",,Website not read (no site or placeholder page),yellowpages
The Eye Glassiers,,,,,,+17135529400,http://eyeglassiers.com,"Houston, TX",,Website not read (no site or placeholder page),yellowpages
Eyewear Unlimited,,,,,,+17137811050,http://eyewearunlimited546027561.localsearch.com,"Houston, TX",,Website not read (no site or placeholder page),yellowpages
Texas State Optical Energy Corridor,,,,,,+18327704926,https://www.energycorridortso.com,"Houston, TX",,Website not read (no site or placeholder page),yellowpages
Lakewood Eye Care,,,,,,+12813579220,http://lakewoodeyecaretx.localsearch.com,"Houston, TX",,Website not read (no site or placeholder page),yellowpages
Southwest Optical Inc,,,,,,+17134649393,http://southwestopticalinc.localsearch.com,"Houston, TX",,Website not read (no site or placeholder page),yellowpages
Eye Glass Inc,,,,,,+17134530550,http://eyeglassinc.localsearch.com,"Houston, TX",,Website not read (no site or placeholder page),yellowpages
Harwin Eyewear,,,,,,+17137892000,http://adamseyewear.net,"Houston, TX",,Website not read (no site or placeholder page),yellowpages
Master Eye Associates,,,,,,+12819908522,,"Houston, TX",,Website not read (no site or placeholder page),yellowpages
Optical Boutique,,,,,,+13236537743,http://opticalboutique.localsearch.com,"Los Angeles, CA",,Website not read (no site or placeholder page),yellowpages
JCPenney,,,,,,+13235873261,https://www.jcpenney.com/locations/ca/santaclarita/clothing-stores-santaclarita-ca-465.html,"Los Angeles, CA",,Website not read (no site or placeholder page),yellowpages
Tillys,,,,,,+18182260013,https://www.tillys.com/store/?StoreID=0028&utm_source=Ext_Network&utm_medium=Local_Directory,"Los Angeles, CA",,Website not read (no site or placeholder page),yellowpages
Blackstone Optometry,,,,,,+13236602020,http://blackstoneoptometry.localsearch.com,"Los Angeles, CA",,Website not read (no site or placeholder page),yellowpages
Hollywood Vision Center,,,,,,+13239545800,http://www.hollywoodvision.com,"Los Angeles, CA",,Website not read (no site or placeholder page),yellowpages
Lux Eyewear,,,,,,+13236552459,http://www.lux-eyewear.com,"Los Angeles, CA",,Website not read (no site or placeholder page),yellowpages
Eye-Mate Optical,,,,,,+12133803836,http://eyemateoptical.blogspot.com,"Los Angeles, CA",,Website not read (no site or placeholder page),yellowpages
Road Vision,,,,,,+12137653333,http://roadvision.localsearch.com,"Los Angeles, CA",,Website not read (no site or placeholder page),yellowpages
Good Eye Optometry,,,,,,+13104409500,http://goodeyeoptometryca.localsearch.com,"Los Angeles, CA",,Website not read (no site or placeholder page),yellowpages
Gogosha Optique,,,,,,+13236551122,http://www.gogosha.com,"Los Angeles, CA",,Website not read (no site or placeholder page),yellowpages
Bethel Eye Center,,,,,,+12137396900,http://betheleyecenter.localsearch.com,"Los Angeles, CA",,Website not read (no site or placeholder page),yellowpages
Eyenoon Inc,,,,,,+12133881447,https://www.eyenoonoptical.com/contact-us,"Los Angeles, CA",,Website not read (no site or placeholder page),yellowpages
Rp Space Optical,,,,,,+13236921400,http://rpspaceoptical.localsearch.com,"Los Angeles, CA",,Website not read (no site or placeholder page),yellowpages
Lens Shoppe,,,,,,+13232224500,http://lensshoppe.localsearch.com,"Los Angeles, CA",,Website not read (no site or placeholder page),yellowpages
Abcee Optical Inc,,,,,,+13238742020,http://abceeopticalinc.localsearch.com,"Los Angeles, CA",,Website not read (no site or placeholder page),yellowpages
Prolab Sales Inc,,,,,,+13106224814,http://prolabsalesinc.localsearch.com,"Los Angeles, CA",,Website not read (no site or placeholder page),yellowpages
Sears Optical,,,,,,+13232612454,http://www.searsoptical.com,"Los Angeles, CA",,Website not read (no site or placeholder page),yellowpages
Fv Eyewear Inc,,,,,,+12136250989,http://fveyewear.com,"Los Angeles, CA",,Website not read (no site or placeholder page),yellowpages
R K Optical,,,,,,+13108266600,http://rkoptical.localsearch.com,"Los Angeles, CA",,Website not read (no site or placeholder page),yellowpages
St-Vincent Optical,,,,,,+12134889901,,"Los Angeles, CA",,Website not read (no site or placeholder page),yellowpages
K B Eyewear International Inc.,,,,,,+12136877786,https://www.kbsunglasses.com,"Los Angeles, CA",,Website not read (no site or placeholder page),yellowpages
La Optical Gallery,,,,,,+12136245511,http://laopticalgallery.localsearch.com,"Los Angeles, CA",,Website not read (no site or placeholder page),yellowpages
Imaging Presentation Partners,,,,,,+12136877400,http://imagingpresentationpartnersca.localsearch.com,"Los Angeles, CA",,Website not read (no site or placeholder page),yellowpages
Morgan A J,,,,,,+12136240254,http://withorganic.localsearch.com,"Los Angeles, CA",,Website not read (no site or placeholder page),yellowpages
Eyewear Insight,,,,,,+12137698009,https://eyewearinsight.com/contact.php,"Los Angeles, CA",,Website not read (no site or placeholder page),yellowpages
Clara Optics Inc,,,,,,+12132044400,,"Los Angeles, CA",,Website not read (no site or placeholder page),yellowpages
Uni Optical,,,,,,+12137457303,,"Los Angeles, CA",,Website not read (no site or placeholder page),yellowpages
Macapagal Optical,,,,,,+12133833137,http://macapagal-optical.hub.biz,"Los Angeles, CA",,Website not read (no site or placeholder page),yellowpages
Optical Genesis,,,,,,+12133840488,http://opticalgenesis.localsearch.com,"Los Angeles, CA",,Website not read (no site or placeholder page),yellowpages
Reserved By BBM Eyewear Dot Com,,,,,,+12133866177,,"Los Angeles, CA",,Website not read (no site or placeholder page),yellowpages
I B Optical,,,,,,+12133801001,,"Los Angeles, CA",,Website not read (no site or placeholder page),yellowpages
Boaz Eye Wear,,,,,,+12133891001,,"Los Angeles, CA",,Website not read (no site or placeholder page),yellowpages
West Bev Vision,,,,,,+13234691929,http://westbevvision.localsearch.com,"Los Angeles, CA",,Website not read (no site or placeholder page),yellowpages
Optical Boutique Inc,,,,,,+13053240490,http://opticalboutiqueinc.localsearch.com,"Miami, FL",,Website not read (no site or placeholder page),yellowpages
VISIONMOOD Optical Boutique,,,,,,+17866134014,http://www.visionmood.com,"Miami, FL",,Website not read (no site or placeholder page),yellowpages
Wood Optic Defusion,,,,,,+13054771017,http://woodopticdefusion.localsearch.com,"Miami, FL",,Website not read (no site or placeholder page),yellowpages
ZEGNA - Miami Bal Harbour,,,,,,+13058658652,http://www.zegna.us,"Miami, FL",,Website not read (no site or placeholder page),yellowpages
JCPenney,,,,,,+13058239880,https://www.jcpenney.com/locations/fl/plantation/clothing-stores-plantation-fl-1956.html,"Miami, FL",,Website not read (no site or placeholder page),yellowpages
Eye Center Kendall,,,,,,+13055955311,http://eyecenterkendall.localsearch.com,"Miami, FL",,Website not read (no site or placeholder page),yellowpages
"Sanz Optical, Inc.",,,,,,+13053923173,http://sanzopticalinc.com,"Miami, FL",,Website not read (no site or placeholder page),yellowpages
"D'luxe Optical, Inc",,,,,,+13055527455,https://www.preciseprintli.com,"Miami, FL",,Website not read (no site or placeholder page),yellowpages
Kendall Optical,,,,,,+13059828927,http://kendalloptical.com,"Miami, FL",,Website not read (no site or placeholder page),yellowpages
Fernand Optical,,,,,,+13053750107,http://fernandopticalfl.localsearch.com,"Miami, FL",,Website not read (no site or placeholder page),yellowpages
Vista Vision Eyecare LLC,,,,,,+13055591314,http://vistavisioneyecarellc.localsearch.com,"Miami, FL",,Website not read (no site or placeholder page),yellowpages
Edward Beiner Purveyor of Fine Eyewear,,,,,,+13056031216,http://www.edwardbeiner.com,"Miami, FL",,Website not read (no site or placeholder page),yellowpages
W.O.W,,,,,,+13052611244,http://www.mywowshop.com,"Miami, FL",,Website not read (no site or placeholder page),yellowpages
Beacon Eye Care Ctr Of Doral,,,,,,+13057179995,https://beaconeyecarecenter.com,"Miami, FL",,Website not read (no site or placeholder page),yellowpages
K M Q Vision,,,,,,+13056382020,http://kmqvision.localsearch.com,"Miami, FL",,Website not read (no site or placeholder page),yellowpages
Dr Stern Visual Health Centers,,,,,,+13055458256,http://drstern.org,"Miami, FL",,Website not read (no site or placeholder page),yellowpages
Optica Futura Opticians,,,,,,+13056431028,,"Miami, FL",,Website not read (no site or placeholder page),yellowpages
"Fernandez, Rosa, OD",,,,,,+13056494527,http://rosarfernandezother.localsearch.com,"Miami, FL",,Website not read (no site or placeholder page),yellowpages
Z Optical,,,,,,+13056501189,http://rush-optical.hub.biz,"Miami, FL",,Website not read (no site or placeholder page),yellowpages
D & G Total Vision Group Inc,,,,,,+17863625566,,"Miami, FL",,Website not read (no site or placeholder page),yellowpages
Eye Fashio Optical,,,,,,+17865028969,http://eyefashiooptical.localsearch.com,"Miami, FL",,Website not read (no site or placeholder page),yellowpages
Fabrica De Espejuelos,,,,,,+13055458432,http://fabricadeespejuelos.localsearch.com,"Miami, FL",,Website not read (no site or placeholder page),yellowpages
Public Eye Optical Co,,,,,,+13054206773,https://publiceyeopticalco.com,"Miami, FL",,Website not read (no site or placeholder page),yellowpages
Master Touch USA,,,,,,+13053810005,http://mastertouchusa.localsearch.com,"Miami, FL",,Website not read (no site or placeholder page),yellowpages
Ray Optical Corp,,,,,,+13058581326,http://rayopticalcorp.localsearch.com,"Miami, FL",,Website not read (no site or placeholder page),yellowpages
Italia Independent USA Core,,,,,,+13057280929,http://italiaindependentusacore.localsearch.com,"Miami, FL",,Website not read (no site or placeholder page),yellowpages
Zuniga Optical,,,,,,+17076991507,https://zunigaoptical.com/pages/visit-us,"Napa, CA",,Website not read (no site or placeholder page),yellowpages
Bicais Optical Company Inc,,,,,,+17072249444,http://bicaisopticalcompanyinc.localsearch.com,"Napa, CA",,Website not read (no site or placeholder page),yellowpages
Thin Optics,,,,,,+17073431022,https://www.thinoptics.com,"Napa, CA",,Website not read (no site or placeholder page),yellowpages
T.J. Maxx,,,,,,+17072070661,https://tjmaxx.tjx.com/store/index.jsp,"Napa, CA",,Website not read (no site or placeholder page),yellowpages
Sears Optical,,,,,,+17074322068,http://www.searsoptical.com,"Napa, CA",,Website not read (no site or placeholder page),yellowpages
"Mark R Christensen, O.D., Inc.",,,,,,+17074252187,http://www.dreyesight.com,"Napa, CA",,Website not read (no site or placeholder page),yellowpages
"Joyce, Richard G, OD",,,,,,+17074252020,http://joycerichardgod.localsearch.com,"Napa, CA",,Website not read (no site or placeholder page),yellowpages
Julie M Perry MD,,,,,,+17072443356,http://www.sthelenaeyemd.com,"Napa, CA",,Website not read (no site or placeholder page),yellowpages
Dr. Richard Joyce Optometrist,,,,,,+17077456266,http://drrichardjoyceoptometrist.localsearch.com,"Napa, CA",,Website not read (no site or placeholder page),yellowpages
Larsen Edwin K OD,,,,,,+17072265446,http://larsenedwinkod.localsearch.com,"Napa, CA",,Website not read (no site or placeholder page),yellowpages
COACH Outlet,,,,,,+17072242489,https://www.coach.com/stores/ca/napa/885-factory-stores-drive,"Napa, CA",,Website not read (no site or placeholder page),yellowpages
Craig Sultan,,,,,,+17072542036,http://craigsultan.localsearch.com,"Napa, CA",,Website not read (no site or placeholder page),yellowpages
Valley Optical,,,,,,+17072552910,http://valleyopticalca.localsearch.com,"Napa, CA",,Website not read (no site or placeholder page),yellowpages
"Agbuya, Elizabeth N, OD",,,,,,+17072535000,http://agbuyaelizabethnod.localsearch.com,"Napa, CA",,Website not read (no site or placeholder page),yellowpages
"Wang, Jacquelyn, OD",,,,,,+17072582076,http://jacquelynwang.localsearch.com,"Napa, CA",,Website not read (no site or placeholder page),yellowpages
"Armstrong, Allan C, OD",,,,,,+17072582500,http://armstrongallancod.localsearch.com,"Napa, CA",,Website not read (no site or placeholder page),yellowpages
"Ogata, Wayne K, OD",,,,,,+17076438891,http://ogatawayneod.localsearch.com,"Napa, CA",,Website not read (no site or placeholder page),yellowpages
Loft,,,,,,+17076472072,https://www.facebook.com/theloftthai,"Napa, CA",,Website not read (no site or placeholder page),yellowpages
Avenue,,,,,,+17075574160,http://avenue.com,"Napa, CA",,Website not read (no site or placeholder page),yellowpages
Linda T nguyen,,,,,,+17078641888,http://lindathuynguyenother.localsearch.com,"Napa, CA",,Website not read (no site or placeholder page),yellowpages
Schluter Sonja W. MD,,,,,,+17079961900,http://schlutersonjawmd.localsearch.com,"Napa, CA",,Website not read (no site or placeholder page),yellowpages
Optical Boutique of Marco Inc,,,,,,+12396424776,http://psychicboutiquemi.com,"Naples, FL",,Website not read (no site or placeholder page),yellowpages
Fisher Eye and Laser Center,,,,,,+12392624798,http://www.fishereyecenter.com,"Naples, FL",,Website not read (no site or placeholder page),yellowpages
Eagle Eyes Surveillance & Mr,,,,,,+12392285184,http://eagleeyessurveillancemr.localsearch.com,"Naples, FL",,Website not read (no site or placeholder page),yellowpages
Edward Beiner Inc,,,,,,+12395669060,http://edwardbeiner.com,"Naples, FL",,Website not read (no site or placeholder page),yellowpages
Coleman Eye Care,,,,,,+12395969713,http://colemaneyecarefl.localsearch.com,"Naples, FL",,Website not read (no site or placeholder page),yellowpages
Southwest Florida Eye Care,,,,,,+12395940124,http://www.swfleye.com,"Naples, FL",,Website not read (no site or placeholder page),yellowpages
Montgomery Eye Center,,,,,,+12392618383,http://www.montgomeryeye.com,"Naples, FL",,Website not read (no site or placeholder page),yellowpages
Richard A McKYTON OD,,,,,,+12395981332,http://drrichardalexandermckytonod.localsearch.com,"Naples, FL",,Website not read (no site or placeholder page),yellowpages
Quigley Eye Specialists,,,,,,+12395947636,http://www.quigleyeye.com,"Naples, FL",,Website not read (no site or placeholder page),yellowpages
Priya OD Bhuta PA,,,,,,+12397755791,http://priyaodbhutapa.localsearch.com,"Naples, FL",,Website not read (no site or placeholder page),yellowpages
Tyson Eye of Cape Coral Eye Center,,,,,,+12395422020,http://www.capecoraleyecenter.com,"Naples, FL",,Website not read (no site or placeholder page),yellowpages
Groom Eye Center,,,,,,+12395975700,http://groomeyecenter.localsearch.com,"Naples, FL",,Website not read (no site or placeholder page),yellowpages
Optical Supplies Inc,,,,,,+12399476275,,"Naples, FL",,Website not read (no site or placeholder page),yellowpages
T.J. Maxx,,,,,,+12396491553,https://tjmaxx.tjx.com/store/index.jsp,"Naples, FL",,Website not read (no site or placeholder page),yellowpages
The Naples Collection,,,,,,+12399447600,https://www.fourseasons.com/naplesbeachclub,"Naples, FL",,Website not read (no site or placeholder page),yellowpages
Brenda Polewac OD,,,,,,+12395947568,http://drbrendapolewacod.localsearch.com,"Naples, FL",,Website not read (no site or placeholder page),yellowpages
Better Spectacles,,,,,,+12399197212,https://www.betterspectacles.com,"Naples, FL",,Website not read (no site or placeholder page),yellowpages
Grandpa's Place,,,,,,+12399491398,http://grandpasplace.localsearch.com,"Naples, FL",,Website not read (no site or placeholder page),yellowpages
Eyes Open Optical Boutique,,,,,,+12125680707,http://eyesopenopticalboutique.localsearch.com,"New York, NY",,Website not read (no site or placeholder page),yellowpages
Neuman's Optical Boutique LTD,,,,,,+12124733968,http://neumansoptical.com,"New York, NY",,Website not read (no site or placeholder page),yellowpages
A & B Optical Boutique Inc,,,,,,+17183315313,http://abopticalboutiqueinc.localsearch.com,"New York, NY",,Website not read (no site or placeholder page),yellowpages
Marsh Optical Boutique Inc,,,,,,+17183805396,https://www.marshoptical.com,"New York, NY",,Website not read (no site or placeholder page),yellowpages
TUMI Store - The Shops at Columbus Circle,,,,,,+12128239390,https://www.tumi.com/store/0000001222?y_source=1_MTA5MzE5MzUtNTUzLWxvY2F0aW9uLndlYnNpdGU%3D,"New York, NY",,Website not read (no site or placeholder page),yellowpages
General Vision Services,,,,,,+19178012400,http://www.generalvision.com,"New York, NY",,Website not read (no site or placeholder page),yellowpages
86 Optical,,,,,,+16464765210,http://86optical.localsearch.com,"New York, NY",,Website not read (no site or placeholder page),yellowpages
Specs for Less,,,,,,+12128313162,http://specsforlessny.localsearch.com,"New York, NY",,Website not read (no site or placeholder page),yellowpages
Golden Pear Funding,,,,,,+12122448200,http://www.gpmerchantcapital.com,"New York, NY",,Website not read (no site or placeholder page),yellowpages
"Aden & Anais, Inc",,,,,,+17188018361,https://www.halosleep.com/pages/aden-and-anais,"New York, NY",,Website not read (no site or placeholder page),yellowpages
Optical,,,,,,+12129967676,http://optical13480297.localsearch.com,"New York, NY",,Website not read (no site or placeholder page),yellowpages
Sterling Optical,,,,,,+12128655551,http://sterlingoptical.com,"New York, NY",,Website not read (no site or placeholder page),yellowpages
The Children's Eyeglass Store,,,,,,+12129823762,https://www.thechildrenseyeglassstore.com,"New York, NY",,Website not read (no site or placeholder page),yellowpages
Eyely,,,,,,+19172614961,http://eyely.localsearch.com,"New York, NY",,Website not read (no site or placeholder page),yellowpages
Optical Insights,,,,,,+16464142020,http://opticalinsightsny.localsearch.com,"New York, NY",,Website not read (no site or placeholder page),yellowpages
Paris Stations,,,,,,+12122748118,http://parisstations.com,"New York, NY",,Website not read (no site or placeholder page),yellowpages
Eye US,,,,,,+12128074186,,"New York, NY",,Website not read (no site or placeholder page),yellowpages
Grand Central Optical,,,,,,+12125991221,https://grandcentraloptical.com/contact-us,"New York, NY",,Website not read (no site or placeholder page),yellowpages
Opr Eyewear Inc,,,,,,+19178267475,https://www.opreyewear.com,"New York, NY",,Website not read (no site or placeholder page),yellowpages
Celeste Optical,,,,,,+12129962676,,"New York, NY",,Website not read (no site or placeholder page),yellowpages
Oculus Medical Eye Care,,,,,,+16465598808,http://oculusmedicaleyecareny.localsearch.com,"New York, NY",,Website not read (no site or placeholder page),yellowpages
Windsor Optical,,,,,,+12126965990,,"New York, NY",,Website not read (no site or placeholder page),yellowpages
University Optometry - CLOSED,,,,,,+16503291600,https://www.universityoptometry.com,"Palo Alto, CA",,Website not read (no site or placeholder page),yellowpages
Palo Alto Eyeworks,,,,,,+16503275665,http://www.paloaltoeyeworks.com,"Palo Alto, CA",,Website not read (no site or placeholder page),yellowpages
Ermenegildo Zegna at Wilkes Bashford,,,,,,+16503227080,http://www.zegna.us,"Palo Alto, CA",,Website not read (no site or placeholder page),yellowpages
Byers Eye Institute,,,,,,+16507236995,,"Palo Alto, CA",,Website not read (no site or placeholder page),yellowpages
Louis Vuitton Palo Alto,,,,,,+16503282801,https://us.louisvuitton.com/eng-us/point-of-sale/usa/louis-vuitton-palo-alto-?utm_source=yext&utm_medium=organic&utm_campaign=store_listing_storepage,"Palo Alto, CA",,Website not read (no site or placeholder page),yellowpages
Sears Optical,,,,,,+16509176068,http://www.searsoptical.com,"Palo Alto, CA",,Website not read (no site or placeholder page),yellowpages
Zig-Align,,,,,,+16503243704,http://zig-align.com,"Palo Alto, CA",,Website not read (no site or placeholder page),yellowpages
Ocular Dynamics,,,,,,+16502411045,http://oculardynamics.localsearch.com,"Palo Alto, CA",,Website not read (no site or placeholder page),yellowpages
Precision Eyecare Centers,,,,,,+16509670140,http://precisioneyes.com,"Palo Alto, CA",,Website not read (no site or placeholder page),yellowpages
Optometric Center For Family,,,,,,+16505931661,https://www.familyvisioncare.org,"Palo Alto, CA",,Website not read (no site or placeholder page),yellowpages
Tearse Eye Care,,,,,,+16503683937,,"Palo Alto, CA",,Website not read (no site or placeholder page),yellowpages
Eyeexam of California,,,,,,+16509612926,http://eyeexamofcalifornia.localsearch.com,"Palo Alto, CA",,Website not read (no site or placeholder page),yellowpages
Benchworks,,,,,,+16509657084,https://www.benchworksoptical.com,"Palo Alto, CA",,Website not read (no site or placeholder page),yellowpages
T.J. Maxx & HomeGoods,,,,,,+16505088381,https://tjmaxx.tjx.com/store/index.jsp,"Palo Alto, CA",,Website not read (no site or placeholder page),yellowpages
Rose Howard OD & Associates,,,,,,+16503642215,http://drhowardrose.com/home.html,"Palo Alto, CA",,Website not read (no site or placeholder page),yellowpages
JCPenney Salon,,,,,,+16194443100,https://www.jcpenney.com/locations/ca/escondido/salon-escondido-ca-2171.html,"San Diego, CA",,Website not read (no site or placeholder page),yellowpages
Dr. Walter Thomas Optometrist,,,,,,+16192917712,http://drwalterthomasoptometrist.localsearch.com,"San Diego, CA",,Website not read (no site or placeholder page),yellowpages
Sorrento Valley Optometric Center,,,,,,+18585580305,http://sorrentovalleyoptometriccenter.localsearch.com,"San Diego, CA",,Website not read (no site or placeholder page),yellowpages
Couris Michael T MD,,,,,,+16192916191,,"San Diego, CA",,Website not read (no site or placeholder page),yellowpages
The Classical Eye Optometry,,,,,,+18586783937,http://www.theclassicaleye.com,"San Diego, CA",,Website not read (no site or placeholder page),yellowpages
Selby Nicholas OD,,,,,,+18585664110,http://selbynicholasod.localsearch.com,"San Diego, CA",,Website not read (no site or placeholder page),yellowpages
Fiber Optic Center,,,,,,+16195782764,http://fiberopticcenter461877049.localsearch.com,"San Diego, CA",,Website not read (no site or placeholder page),yellowpages
Mobileyes,,,,,,+18586994133,,"San Diego, CA",,Website not read (no site or placeholder page),yellowpages
9 Five,,,,,,+16195465610,http://9five.com,"San Diego, CA",,Website not read (no site or placeholder page),yellowpages
Cultivaris Contact,,,,,,+17608020542,http://cultivariscontact.localsearch.com,"San Diego, CA",,Website not read (no site or placeholder page),yellowpages
Eclipse Eyewear,,,,,,+16192933266,http://eclipseeyewear.com,"San Diego, CA",,Website not read (no site or placeholder page),yellowpages
Savco Optical Inc,,,,,,+18585370947,http://craftyeyepatches.com,"San Diego, CA",,Website not read (no site or placeholder page),yellowpages
Meditec Carl Zeiss,,,,,,+18587160661,http://mediteccarlzeiss.localsearch.com,"San Diego, CA",,Website not read (no site or placeholder page),yellowpages
Jasmine Nguyen OD,,,,,,+16192843937,http://jasminenguyenod.localsearch.com,"San Diego, CA",,Website not read (no site or placeholder page),yellowpages
Eye Care for Animals - San Diego,,,,,,+16197023937,https://www.thrivepetcare.com/locations/california/san-diego/eye-care-for-animals-san-diego,"San Diego, CA",,Website not read (no site or placeholder page),yellowpages
Louis Chesner Optometrist,,,,,,+16192913836,http://drlouisechesnerod.localsearch.com,"San Diego, CA",,Website not read (no site or placeholder page),yellowpages
Shiley Eye Care – Hillcrest,,,,,,+16195436244,https://healthlocations.ucsd.edu/san-diego/4060-fourth-avenue/ucsdh-shiley-eye-hillcrest?utm_source=extendednetwork&utm_medium=listings,"San Diego, CA",,Website not read (no site or placeholder page),yellowpages
SEE,,,,,,+14152844554,http://www.seeeyewear.com/locations/san-francisco---palace-hotel,"San Francisco, CA",,Website not read (no site or placeholder page),yellowpages
Clear Vision Optical,,,,,,+14159213222,,"San Francisco, CA",,Website not read (no site or placeholder page),yellowpages
"Jins Eyewear Us, Inc.",,,,,,+14154459170,http://jins.com/us,"San Francisco, CA",,Website not read (no site or placeholder page),yellowpages
Rims & Goggles,,,,,,+14153469907,http://www.rimsandgogglessf.com,"San Francisco, CA",,Website not read (no site or placeholder page),yellowpages
Topology Eyewear,,,,,,+14159938676,https://s.topologyeyewear.com,"San Francisco, CA",,Website not read (no site or placeholder page),yellowpages
Westward Leaningwestward Leaning,,,,,,+14159265527,http://westwardleaningwestwardleaning.localsearch.com,"San Francisco, CA",,Website not read (no site or placeholder page),yellowpages
Atlantis Eyecare,,,,,,+14154331600,http://atlantiseyecare538326620.localsearch.com,"San Francisco, CA",,Website not read (no site or placeholder page),yellowpages
Dita,,,,,,+14156233800,http://dita.com,"San Francisco, CA",,Website not read (no site or placeholder page),yellowpages
Premier Eyecare,,,,,,+14156483600,http://www.premier-eyecare.com,"San Francisco, CA",,Website not read (no site or placeholder page),yellowpages
Illesteva,,,,,,+14154005070,http://illesteva542528332.localsearch.com,"San Francisco, CA",,Website not read (no site or placeholder page),yellowpages
Optical Works Eyewear,,,,,,+14153451200,,"San Francisco, CA",,Website not read (no site or placeholder page),yellowpages
PRO Design Eyewear,,,,,,+14152764400,http://prodesigneyewearca.localsearch.com,"San Francisco, CA",,Website not read (no site or placeholder page),yellowpages
Bex Spex,,,,,,+14152397739,https://www.bexspex.com,"San Francisco, CA",,Website not read (no site or placeholder page),yellowpages
Accuvit,,,,,,+14155130433,http://accuvit.localsearch.com,"San Francisco, CA",,Website not read (no site or placeholder page),yellowpages
Vision Optical Shop,,,,,,+14154763100,http://visionopticalshop.localsearch.com,"San Francisco, CA",,Website not read (no site or placeholder page),yellowpages
Choice Eyewear,,,,,,+14157538801,http://choiceeyewear.com,"San Francisco, CA",,Website not read (no site or placeholder page),yellowpages
BudgetWear,,,,,,+14158684646,,"San Francisco, CA",,Website not read (no site or placeholder page),yellowpages
Sterling Optical,,,,,,+14154952020,http://sterlingvisioncare.com,"San Francisco, CA",,Website not read (no site or placeholder page),yellowpages
Eye Center Diagnostic Services,,,,,,+14153536100,http://eyecenterdiagnosticservices.localsearch.com,"San Francisco, CA",,Website not read (no site or placeholder page),yellowpages
Lakeside Optical,,,,,,+14153342022,http://www.manta.com/c/mmd9pk7/leybin-lakeside-optical,"San Francisco, CA",,Website not read (no site or placeholder page),yellowpages
Laservue Eye Center,,,,,,+14153465500,http://www.laservue.com,"San Francisco, CA",,Website not read (no site or placeholder page),yellowpages
Tempur-Pedic Flagship Store,,,,,,+14808773901,https://www.tempurpedic.com/tempur-pedic-stores/tempur-pedic-phoenix/?utm_source=ExtNet&utm_medium=Yext&y_source=1_MjUwMjYyOTgtNTUzLWxvY2F0aW9uLndlYnNpdGU%3D,"Scottsdale, AZ",,Website not read (no site or placeholder page),yellowpages
JCPenney,,,,,,+14808293555,https://www.jcpenney.com/locations/az/glendale/clothing-stores-glendale-az-251.html,"Scottsdale, AZ",,Website not read (no site or placeholder page),yellowpages
Tillys,,,,,,+14808313864,https://www.tillys.com/store/?StoreID=0050&utm_source=Ext_Network&utm_medium=Local_Directory,"Scottsdale, AZ",,Website not read (no site or placeholder page),yellowpages
Associated Optical,,,,,,+14809945016,http://www.azeyemd.com,"Scottsdale, AZ",,Website not read (no site or placeholder page),yellowpages
Zebre Optique,,,,,,+14808784080,,"Scottsdale, AZ",,Website not read (no site or placeholder page),yellowpages
Scottsdale Eyewear,,,,,,+14803068803,http://www.scottsdaleeyewear.com,"Scottsdale, AZ",,Website not read (no site or placeholder page),yellowpages
Ironwood Eye Care,,,,,,+14808601330,http://ironwoodeyecare.localsearch.com,"Scottsdale, AZ",,Website not read (no site or placeholder page),yellowpages
I2Ioptique,,,,,,+14807673450,https://i2ioptique.com,"Scottsdale, AZ",,Website not read (no site or placeholder page),yellowpages
Optical Shop of Aspen,,,,,,+14804237048,http://opticalshopofaspen5630975.localsearch.com,"Scottsdale, AZ",,Website not read (no site or placeholder page),yellowpages
Dry Eye Center of Arizona,,,,,,+16029323306,http://dryeyecenterofarizona.localsearch.com,"Scottsdale, AZ",,Website not read (no site or placeholder page),yellowpages
Thomas Eyecare,,,,,,+14804437601,https://www.facebook.com/ThomasEyecareGroupSQ,"Scottsdale, AZ",,Website not read (no site or placeholder page),yellowpages
Shady Rays,,,,,,+16026135150,,"Scottsdale, AZ",,Website not read (no site or placeholder page),yellowpages
West Point Optical,,,,,,+14805910123,http://westpointopticalaz.localsearch.com,"Scottsdale, AZ",,Website not read (no site or placeholder page),yellowpages
Marcolin USA Inc,,,,,,+14806061400,http://marcolinusa.com,"Scottsdale, AZ",,Website not read (no site or placeholder page),yellowpages
Cole Vision Corp,,,,,,+14809909152,http://colevisioncorp961239.localsearch.com,"Scottsdale, AZ",,Website not read (no site or placeholder page),yellowpages
Scottsdale Optical,,,,,,+14803919693,http://drbrems.com,"Scottsdale, AZ",,Website not read (no site or placeholder page),yellowpages
Lesco Optical,,,,,,+14809477441,https://www.lescooptical.com,"Scottsdale, AZ",,Website not read (no site or placeholder page),yellowpages
Bright Eyes Optical,,,,,,+14809458963,http://brighteyesarizona.com,"Scottsdale, AZ",,Website not read (no site or placeholder page),yellowpages
Desert Sunglass of Scottsdale,,,,,,+14804513955,http://www.desertsunglass.com,"Scottsdale, AZ",,Website not read (no site or placeholder page),yellowpages
Northsight; Vision Care,,,,,,+14804431150,http://northsightvisioncare.localsearch.com,"Scottsdale, AZ",,Website not read (no site or placeholder page),yellowpages
Xpress Tailoring,,,,,,+14804474932,https://www.clothingalterationscottsdale.com,"Scottsdale, AZ",,Website not read (no site or placeholder page),yellowpages
Eye Care for Animals South Scottsdale,,,,,,+14809903937,http://eyecareforanimals.com/location/south-scottsdale-practice,"Scottsdale, AZ",,Website not read (no site or placeholder page),yellowpages
Rivet & Sway,,,,,,+12067357296,http://rivetsway.localsearch.com,"Seattle, WA",,Website not read (no site or placeholder page),yellowpages
JCPenney Salon,,,,,,+14257719555,https://www.jcpenney.com/locations/wa/puyallup/salon-puyallup-wa-601.html,"Seattle, WA",,Website not read (no site or placeholder page),yellowpages
Fred Meyer Fuel Center,,,,,,+14252355394,https://www.fredmeyer.com/d/fuel-points-program?cid=loc_70100031F_other,"Seattle, WA",,Website not read (no site or placeholder page),yellowpages
Eye Associates Northwest PC,,,,,,+12062152020,http://www.swedish.org/locations/outpatient-rehabilitation-services-first-hill,"Seattle, WA",,Website not read (no site or placeholder page),yellowpages
Oculus Eyecare,,,,,,+12065881241,http://oculuseyecare.com,"Seattle, WA",,Website not read (no site or placeholder page),yellowpages
Optimeyes Optical,,,,,,+12063202630,,"Seattle, WA",,Website not read (no site or placeholder page),yellowpages
Optical Illusions Inc,,,,,,+12065272942,http://opticalillusionsinc468825143.localsearch.com,"Seattle, WA",,Website not read (no site or placeholder page),yellowpages
Olympic View Optical,,,,,,+12067892032,,"Seattle, WA",,Website not read (no site or placeholder page),yellowpages
Lake Union Vision Clinic,,,,,,+12064674100,http://www.lakeunionvision.com,"Seattle, WA",,Website not read (no site or placeholder page),yellowpages
University Village Optical,,,,,,+12063227848,,"Seattle, WA",,Website not read (no site or placeholder page),yellowpages
Evergreen Vision Center,,,,,,+12063295700,http://evergreenvisioncenter.localsearch.com,"Seattle, WA",,Website not read (no site or placeholder page),yellowpages
Uptown Eyewear,,,,,,+12062172030,http://uptowneyewear.localsearch.com,"Seattle, WA",,Website not read (no site or placeholder page),yellowpages
Optical Ocean Sales,,,,,,+12062841142,http://opticaloceansales.com,"Seattle, WA",,Website not read (no site or placeholder page),yellowpages
"Demmerly, Gina, Marie",,,,,,+12067223939,http://demmerlyginamarie.localsearch.com,"Seattle, WA",,Website not read (no site or placeholder page),yellowpages
West Seattle Optix,,,,,,+12069328276,http://www.rjfs.com,"Seattle, WA",,Website not read (no site or placeholder page),yellowpages
Optical Shoppe,,,,,,+12067898694,,"Seattle, WA",,Website not read (no site or placeholder page),yellowpages
House of Lashes,,,,,,+12065225277,http://houseoflasheswa.localsearch.com,"Seattle, WA",,Website not read (no site or placeholder page),yellowpages
Fifth Avenue Optical,,,,,,+12063634296,,"Seattle, WA",,Website not read (no site or placeholder page),yellowpages
Martin's Fine Eyewear,,,,,,+12063636003,https://www.martinsfineeyewear.com/about,"Seattle, WA",,Website not read (no site or placeholder page),yellowpages
Franz Optical,,,,,,+12065275540,http://franzopticalwa.localsearch.com,"Seattle, WA",,Website not read (no site or placeholder page),yellowpages
Spectacle,,,,,,+12065246289,http://spectaclewa.localsearch.com,"Seattle, WA",,Website not read (no site or placeholder page),yellowpages
Cannon EyeCare (at Pike Place's Market Optical),,,,,,+12065229323,https://seattleeyecaredoctor.com,"Seattle, WA",,Website not read (no site or placeholder page),yellowpages
Bernard Anthony A Optcn,,,,,,+16312873030,http://bernardanthonyaoptcn.localsearch.com,"Southampton, NY",,Website not read (no site or placeholder page),yellowpages
"Paul Choinski, MD: SightMD NY — Southampton, New York",,,,,,+16318104557,https://www.sightmd.com/our-doctors/paul-choinski-md/?utm_source=yext&utm_medium=local_listings,"Southampton, NY",,Website not read (no site or placeholder page),yellowpages
"Leahy, Raymond D",,,,,,+16312834244,http://leahyraymondd.localsearch.com,"Southampton, NY",,Website not read (no site or placeholder page),yellowpages
Hamptons Eye & Vision,,,,,,+16312830017,https://www.hamptonsvision.com,"Southampton, NY",,Website not read (no site or placeholder page),yellowpages
Eilbert David - North Fork Optical,,,,,,+16312989555,,"Southampton, NY",,Website not read (no site or placeholder page),yellowpages
Eyes 4 U Home Watching,,,,,,+16317653240,http://eyes4uhomewatching.localsearch.com,"Southampton, NY",,Website not read (no site or placeholder page),yellowpages
SightMD Southold,,,,,,+16315156508,http://www.nseye.com,"Southampton, NY",,Website not read (no site or placeholder page),yellowpages
Allied Optical Plan,,,,,,+16317274411,http://alliedopticalplan.localsearch.com,"Southampton, NY",,Website not read (no site or placeholder page),yellowpages
Westhampton Beach Family Eye Care,,,,,,+16312888018,http://westhamptonbeachfamilyeyecare.localsearch.com,"Southampton, NY",,Website not read (no site or placeholder page),yellowpages
T.J. Maxx,,,,,,+16315371591,https://tjmaxx.tjx.com/store/index.jsp,"Southampton, NY",,Website not read (no site or placeholder page),yellowpages
Expressway Eyeglass Services East,,,,,,+16313691650,http://expresswayeyeglassserviceseast.localsearch.com,"Southampton, NY",,Website not read (no site or placeholder page),yellowpages
Greenport Eyeworks Optician,,,,,,+16314771800,https://www.greenportvillage.com/greenport-eyeworks,"Southampton, NY",,Website not read (no site or placeholder page),yellowpages
Prada New York East Hampton,,,,,,+16319317147,http://pradanewyorkeasthampton.localsearch.com,"Southampton, NY",,Website not read (no site or placeholder page),yellowpages
Zegna East Hampton,,,,,,+16312571852,https://www.zegna.com,"Southampton, NY",,Website not read (no site or placeholder page),yellowpages
"Pizzarello, Louis D, MD",,,,,,+16312835152,http://peconicophthalmology.com,"Southampton, NY",,Website not read (no site or placeholder page),yellowpages
Operation Restore Vision,,,,,,+16312876202,https://www.operationinternational.org/operation-restore-vision,"Southampton, NY",,Website not read (no site or placeholder page),yellowpages
"Pfleger, Lisa R",,,,,,+16318754544,,"Southampton, NY",,Website not read (no site or placeholder page),yellowpages
"Ricupero, Donna, OD",,,,,,+16317666317,http://donnaricuperood.localsearch.com,"Southampton, NY",,Website not read (no site or placeholder page),yellowpages
COACH Outlet,,,,,,+16313694670,https://www.coach.com/stores/ny/riverhead/912-tanger-mall-dr.,"Southampton, NY",,Website not read (no site or placeholder page),yellowpages
SoVCONY,,,,,,+16317272858,https://sovcony.com/contacts,"Southampton, NY",,Website not read (no site or placeholder page),yellowpages
Sound Vision Care Inc,,,,,,+16312045358,http://soundvisioncareinc.localsearch.com,"Southampton, NY",,Website not read (no site or placeholder page),yellowpages
Fossil,,,,,,+16317272954,http://fossil.com,"Southampton, NY",,Website not read (no site or placeholder page),yellowpages
"Simon, Debbie Lisa, OD",,,,,,+16314070414,http://simondebbielisaod.localsearch.com,"Southampton, NY",,Website not read (no site or placeholder page),yellowpages
"Schmidt, Alison, OD",,,,,,+16313245441,http://dralisonschmidtod.localsearch.com,"Southampton, NY",,Website not read (no site or placeholder page),yellowpages
Flying Point Sport Inc,,,,,,+16317251289,http://flyingpointsurf.com,"Southampton, NY",,Website not read (no site or placeholder page),yellowpages
